Feature,Coefficient,Abs_Coefficient
Performance_Score^3,-64127.71579076406,64127.71579076406
Current_CTC Has_PG,59933.384217796855,59933.384217796855
Current_CTC Has_PHD,59023.48820570416,59023.48820570416
Passing_Year_Of_PHD Current_CTC,53615.71366174124,53615.71366174124
Current_CTC Education_Level_encoded^2,46345.62822183452,46345.62822183452
Current_CTC^2,46183.22466179584,46183.22466179584
Passing_Year_Of_PG Current_CTC,45559.23466352348,45559.23466352348
Passing_Year_Of_Graduation Current_CTC Has_PHD,43627.498763044525,43627.498763044525
Passing_Year_Of_Graduation Current_CTC Has_PG,42873.55633964821,42873.55633964821
Total_Experience Education_Level_encoded^2,42369.43688336501,42369.43688336501
Current_CTC Performance_Score,41705.22590930618,41705.22590930618
Passing_Year_Of_Graduation Current_CTC,41465.56784223583,41465.56784223583
Passing_Year_Of_Graduation Passing_Year_Of_PHD Current_CTC,39492.27142011085,39492.27142011085
Passing_Year_Of_PG^2 Current_CTC,38046.33445685918,38046.33445685918
Passing_Year_Of_Graduation Current_CTC Performance_Score,36686.77409957153,36686.77409957153
Current_CTC No_Of_Companies_worked,36631.5954544239,36631.5954544239
Passing_Year_Of_PG Passing_Year_Of_PHD Current_CTC,35205.613801615065,35205.613801615065
Passing_Year_Of_PG Current_CTC Has_PG,32859.09286220218,32859.09286220218
Passing_Year_Of_PG Current_CTC Has_PHD,32612.3517456741,32612.3517456741
Passing_Year_Of_Graduation Passing_Year_Of_PG Current_CTC,32427.52402089993,32427.52402089993
Current_CTC Number_of_Publications,31156.74790375929,31156.74790375929
Passing_Year_Of_Graduation Current_CTC^2,31062.50279884797,31062.50279884797
Total_Experience Performance_Score^2,-30085.854696565762,30085.854696565762
Total_Experience^2,-30066.991037382697,30066.991037382697
Passing_Year_Of_Graduation^2 Current_CTC,29232.478295129546,29232.478295129546
Total_Experience Passing_Year_Of_Graduation Graduation_Specialization_encoded,-27417.61410154832,27417.61410154832
Total_Experience Passing_Year_Of_Graduation University_Grad_encoded,-26965.644902284857,26965.644902284857
Passing_Year_Of_PHD Current_CTC Has_PHD,26853.24209059106,26853.24209059106
Total_Experience_in_field_applied Current_CTC,26577.649225398858,26577.649225398858
Passing_Year_Of_PHD Current_CTC Has_PG,26422.609964923387,26422.609964923387
Total_Experience Passing_Year_Of_Graduation PG_Specialization_encoded,-26406.27142952476,26406.27142952476
Passing_Year_Of_PHD^2 Current_CTC,26058.809453524103,26058.809453524103
Total_Experience University_PHD_encoded,26018.703279188732,26018.703279188732
Total_Experience PHD_Specialization_encoded,25873.73504237857,25873.73504237857
Total_Experience_in_field_applied Passing_Year_Of_PHD,25655.987586499305,25655.987586499305
Total_Experience_in_field_applied No_Of_Companies_worked,25561.764458563484,25561.764458563484
Total_Experience^2 Total_Experience_in_field_applied,25007.150452947666,25007.150452947666
Total_Experience University_PG_encoded,24889.472268492384,24889.472268492384
Total_Experience_in_field_applied Passing_Year_Of_PG,24676.785876607013,24676.785876607013
Current_CTC Has_PG^2,24512.866389602023,24512.866389602023
Total_Experience Passing_Year_Of_Graduation PHD_Specialization_encoded,-24070.3052575932,24070.3052575932
Total_Experience Passing_Year_Of_Graduation University_PG_encoded,-23806.309168581625,23806.309168581625
Total_Experience Preferred_location_encoded,23760.484110543388,23760.484110543388
Current_CTC Has_PG Has_PHD,23650.280720933984,23650.280720933984
Passing_Year_Of_PG Current_CTC^2,23529.18927457098,23529.18927457098
Current_CTC Inhand_Offer,23398.978750398892,23398.978750398892
Current_CTC Has_PHD^2,23384.632892926762,23384.632892926762
Total_Experience_in_field_applied Passing_Year_Of_Graduation,22901.988743597478,22901.988743597478
Total_Experience_in_field_applied^2,22693.09873133575,22693.09873133575
Total_Experience^2 Field_Specialization_Ratio,22213.01023842921,22213.01023842921
Total_Experience^2 Performance_Score,22084.135273879438,22084.135273879438
Total_Experience PG_Specialization_encoded,21926.06822298287,21926.06822298287
Total_Experience Passing_Year_Of_Graduation Field_Specialization_Ratio,-21674.836411298147,21674.836411298147
Total_Experience Curent_Location_encoded,21654.79287099467,21654.79287099467
Total_Experience Passing_Year_Of_PG Current_CTC,-21436.39498578125,21436.39498578125
Current_CTC,21325.633226941383,21325.633226941383
Passing_Year_Of_PG Current_CTC Performance_Score,21314.138476167413,21314.138476167413
Total_Experience_in_field_applied Number_of_Publications,21256.84872304645,21256.84872304645
Total_Experience Passing_Year_Of_Graduation Education_Level_encoded,-21100.764600247956,21100.764600247956
Total_Experience Education_Level_encoded,20782.6233720922,20782.6233720922
Total_Experience Passing_Year_Of_Graduation Designation_encoded,-20779.50396339247,20779.50396339247
Passing_Year_Of_Graduation Performance_Score^2,20678.77168806046,20678.77168806046
Total_Experience Passing_Year_Of_PG No_Of_Companies_worked,-20440.86096153833,20440.86096153833
Total_Experience Passing_Year_Of_Graduation University_PHD_encoded,-19954.141651282203,19954.141651282203
Total_Experience_in_field_applied Has_PG,19873.260642048434,19873.260642048434
Current_CTC Organization_encoded,19583.696368925706,19583.696368925706
Current_CTC Curent_Location_encoded,19444.0559411894,19444.0559411894
Total_Experience Has_PG^2,19388.420147456356,19388.420147456356
Total_Experience Passing_Year_Of_Graduation Organization_encoded,-19288.38406883904,19288.38406883904
Total_Experience University_Grad_encoded,19143.039125851206,19143.039125851206
Passing_Year_Of_PHD Has_PHD,-19043.21492249593,19043.21492249593
Total_Experience_in_field_applied Education_Level_encoded^2,18850.418678227576,18850.418678227576
Current_CTC Preferred_location_encoded,18775.177490968057,18775.177490968057
Total_Experience Passing_Year_Of_PG Field_Specialization_Ratio,-18669.01639915832,18669.01639915832
Current_CTC Role_encoded,18621.139060884925,18621.139060884925
Total_Experience^2 Current_CTC,18534.846036968724,18534.846036968724
Current_CTC Industry_encoded,18435.024405248423,18435.024405248423
Total_Experience Passing_Year_Of_Graduation Industry_encoded,-18338.43296013088,18338.43296013088
Total_Experience^2 Has_PG,18225.427143016794,18225.427143016794
Total_Experience Passing_Year_Of_Graduation Role_encoded,-18054.867134011016,18054.867134011016
Total_Experience Passing_Year_Of_Graduation No_Of_Companies_worked,-17913.233983715436,17913.233983715436
Current_CTC Designation_encoded,17774.418585260486,17774.418585260486
Total_Experience Passing_Year_Of_Graduation Department_encoded,-17637.639991496653,17637.639991496653
Passing_Year_Of_PHD Current_CTC Performance_Score,17414.554047200436,17414.554047200436
Total_Experience_in_field_applied Has_PHD,17358.420713038286,17358.420713038286
Passing_Year_Of_PHD Has_PG,-17145.12223758041,17145.12223758041
Passing_Year_Of_PHD No_Of_Companies_worked,17089.231989521555,17089.231989521555
Current_CTC Department_encoded,17088.926361385726,17088.926361385726
No_Of_Companies_worked^2,17045.266647131582,17045.266647131582
Passing_Year_Of_Graduation Current_CTC Graduation_Specialization_encoded,16994.201677189205,16994.201677189205
No_Of_Companies_worked Has_PG,16982.327666002726,16982.327666002726
Department_encoded Education_Level_encoded^2,16879.811781482025,16879.811781482025
Inhand_Offer Performance_Score^2,-16559.808399494148,16559.808399494148
No_Of_Companies_worked Has_PHD,16475.2016329063,16475.2016329063
Total_Experience Has_PG Has_PHD,16441.933498306287,16441.933498306287
Total_Experience^2 Has_PHD,16282.429683733046,16282.429683733046
Passing_Year_Of_Graduation Current_CTC University_Grad_encoded,16276.380265649344,16276.380265649344
Total_Experience Graduation_Specialization_encoded,16033.743290443123,16033.743290443123
Passing_Year_Of_PHD PHD_Specialization_encoded,-16024.943247435082,16024.943247435082
Current_CTC Inhand_Offer Education_Level_encoded,-16015.031239308433,16015.031239308433
Total_Experience Designation_encoded,15971.70884955565,15971.70884955565
Total_Experience Total_Experience_in_field_applied Field_Specialization_Ratio,-15724.233072825407,15724.233072825407
Passing_Year_Of_Graduation Current_CTC Organization_encoded,15676.391165259369,15676.391165259369
Passing_Year_Of_Graduation Current_CTC Number_of_Publications,15518.570001343316,15518.570001343316
Total_Experience Total_Experience_in_field_applied Has_PHD,-15506.097152326787,15506.097152326787
Current_CTC Performance_Score^2,-15502.621632855315,15502.621632855315
Current_CTC Has_PHD Performance_Score,15466.723719965126,15466.723719965126
Total_Experience Total_Experience_in_field_applied Has_PG,-15379.271516486826,15379.271516486826
Total_Experience^2 No_Of_Companies_worked,15338.196873998208,15338.196873998208
Total_Experience_in_field_applied Field_Specialization_Ratio,15335.932767459799,15335.932767459799
Passing_Year_Of_PHD PG_Specialization_encoded,-15243.346907791758,15243.346907791758
Current_CTC Has_PG Performance_Score,15070.343402089684,15070.343402089684
Total_Experience_in_field_applied Inhand_Offer,14932.320996201659,14932.320996201659
Number_of_Publications Performance_Score^2,14870.976556811805,14870.976556811805
Passing_Year_Of_Graduation Current_CTC Field_Specialization_Ratio,14840.600089418147,14840.600089418147
Passing_Year_Of_Graduation Current_CTC University_PG_encoded,14821.307269458886,14821.307269458886
Organization_encoded Education_Level_encoded^2,14673.57348327479,14673.57348327479
Passing_Year_Of_Graduation Current_CTC PG_Specialization_encoded,14569.333170694805,14569.333170694805
Current_CTC^2 Education_Level_encoded,-14501.76603893597,14501.76603893597
Passing_Year_Of_PHD Current_CTC^2,14424.219327469975,14424.219327469975
Passing_Year_Of_Graduation Current_CTC Preferred_location_encoded,14329.898644781144,14329.898644781144
Current_CTC University_PHD_encoded,14290.628032577553,14290.628032577553
Performance_Score Education_Level_encoded^2,14269.649387807724,14269.649387807724
Total_Experience Passing_Year_Of_Graduation Curent_Location_encoded,-14165.414565728159,14165.414565728159
Passing_Year_Of_PHD University_PG_encoded,-14135.173874201511,14135.173874201511
Total_Experience Current_CTC No_Of_Companies_worked,-14105.21249988249,14105.21249988249
Current_CTC Industry_encoded Designation_encoded,-14029.679235754289,14029.679235754289
Passing_Year_Of_Graduation Current_CTC No_Of_Companies_worked,14002.023689890922,14002.023689890922
Passing_Year_Of_PHD University_PHD_encoded,-13938.13298971488,13938.13298971488
Designation_encoded Education_Level_encoded^2,13880.280756678312,13880.280756678312
Total_Experience^2 University_PHD_encoded,-13825.361909251886,13825.361909251886
Total_Experience Passing_Year_Of_Graduation Performance_Score,-13767.46377593175,13767.46377593175
Total_Experience Total_Experience_in_field_applied Role_encoded,-13747.737768645295,13747.737768645295
Passing_Year_Of_Graduation Current_CTC Industry_encoded,13661.659578580759,13661.659578580759
Role_encoded Education_Level_encoded^2,13636.056349668808,13636.056349668808
Total_Experience Total_Experience_in_field_applied Industry_encoded,-13549.275905973605,13549.275905973605
Total_Experience Passing_Year_Of_Graduation^2,13515.44803884865,13515.44803884865
Total_Experience Current_CTC,-13495.899926868515,13495.899926868515
Total_Experience_in_field_applied Performance_Score^2,-13491.937798567918,13491.937798567918
Total_Experience^2 Passing_Year_Of_PHD,13418.158347570301,13418.158347570301
Total_Experience Passing_Year_Of_Graduation Has_PHD,-13343.000040293966,13343.000040293966
Total_Experience Organization_encoded,13328.26343281589,13328.26343281589
Total_Experience_in_field_applied University_PHD_encoded,-13312.790489543428,13312.790489543428
Passing_Year_Of_Graduation Current_CTC Inhand_Offer,13303.370082545516,13303.370082545516
No_Of_Companies_worked Number_of_Publications,13284.268525727899,13284.268525727899
Passing_Year_Of_PHD,13263.18429127893,13263.18429127893
Industry_encoded Education_Level_encoded^2,13209.083140939445,13209.083140939445
Passing_Year_Of_PG No_Of_Companies_worked,13121.014395811157,13121.014395811157
Current_CTC Role_encoded Organization_encoded,-13120.402572992807,13120.402572992807
Passing_Year_Of_Graduation Current_CTC Designation_encoded,13109.71191899023,13109.71191899023
Total_Experience Total_Experience_in_field_applied Department_encoded,-13109.29962919936,13109.29962919936
Total_Experience Passing_Year_Of_Graduation Current_CTC,-13050.21880717566,13050.21880717566
Passing_Year_Of_PHD^2,-12978.237889476022,12978.237889476022
Current_CTC Organization_encoded Designation_encoded,-12961.638244881939,12961.638244881939
Total_Experience Total_Experience_in_field_applied Passing_Year_Of_PHD,-12939.988707964923,12939.988707964923
Passing_Year_Of_Graduation Current_CTC Role_encoded,12905.290854577202,12905.290854577202
Passing_Year_Of_PHD Graduation_Specialization_encoded,-12895.823182586397,12895.823182586397
Current_CTC University_PHD_encoded Education_Level_encoded,-12802.272004084729,12802.272004084729
Total_Experience Passing_Year_Of_Graduation Preferred_location_encoded,-12796.196881097967,12796.196881097967
Passing_Year_Of_PG,12736.711759340706,12736.711759340706
Total_Experience_in_field_applied PHD_Specialization_encoded,-12716.652594766922,12716.652594766922
Total_Experience Current_CTC Number_of_Publications,-12691.851177302065,12691.851177302065
Total_Experience Industry_encoded,12657.61408500057,12657.61408500057
Passing_Year_Of_Graduation Current_CTC Department_encoded,12630.903994538465,12630.903994538465
Passing_Year_Of_PG PHD_Specialization_encoded,-12598.817598083484,12598.817598083484
Passing_Year_Of_Graduation Current_CTC Curent_Location_encoded,12578.244404899398,12578.244404899398
Current_CTC Inhand_Offer Performance_Score,-12575.649061986122,12575.649061986122
Total_Experience Inhand_Offer Performance_Score,-12574.143835925377,12574.143835925377
Passing_Year_Of_PG University_PHD_encoded,-12522.261985374578,12522.261985374578
Current_CTC^2 University_PHD_encoded,-12512.562139620613,12512.562139620613
Total_Experience Has_PG Education_Level_encoded,-12470.39928502137,12470.39928502137
Total_Experience Total_Experience_in_field_applied Organization_encoded,-12424.091851822881,12424.091851822881
Total_Experience Total_Experience_in_field_applied Passing_Year_Of_PG,-12417.88929894129,12417.88929894129
Total_Experience Has_PHD,12374.270156616274,12374.270156616274
Passing_Year_Of_Graduation^2 Number_of_Publications,-12314.684851718883,12314.684851718883
Passing_Year_Of_Graduation Has_PG^2,-12276.24742044302,12276.24742044302
Passing_Year_Of_Graduation,12245.3283103917,12245.3283103917
Passing_Year_Of_PHD University_Grad_encoded,-12203.931205692807,12203.931205692807
Total_Experience^2 Department_encoded,12147.802897550273,12147.802897550273
Current_CTC Role_encoded Designation_encoded,-12099.04651177458,12099.04651177458
Role_encoded^2 Industry_encoded,12051.642690341214,12051.642690341214
Total_Experience Has_PHD Education_Level_encoded,-12005.620893483892,12005.620893483892
Passing_Year_Of_Graduation Field_Specialization_Ratio,-11855.64552524206,11855.64552524206
Passing_Year_Of_Graduation^2 Education_Level_encoded,-11801.284632898476,11801.284632898476
Total_Experience^2 Certifications,11741.676458278182,11741.676458278182
Passing_Year_Of_PHD Has_PHD^2,11728.500595817137,11728.500595817137
Current_CTC Performance_Score Education_Level_encoded,-11689.435092125039,11689.435092125039
Passing_Year_Of_Graduation Has_PG Has_PHD,-11570.927079834044,11570.927079834044
Total_Experience Passing_Year_Of_PG^2,-11540.413447146795,11540.413447146795
Total_Experience No_Of_Companies_worked,-11426.61000032418,11426.61000032418
Passing_Year_Of_Graduation^2 Field_Specialization_Ratio,11358.878914538853,11358.878914538853
Total_Experience_in_field_applied Performance_Score,11342.365755904897,11342.365755904897
Total_Experience Total_Experience_in_field_applied Designation_encoded,-11239.13795226953,11239.13795226953
Passing_Year_Of_Graduation^2 Has_PG,11159.326321996843,11159.326321996843
Passing_Year_Of_Graduation Passing_Year_Of_PG Education_Level_encoded,-11089.698403059627,11089.698403059627
Number_of_Publications Graduation_Specialization_encoded,-11076.963779411028,11076.963779411028
Current_CTC Number_of_Publications Organization_encoded,-11059.264897100336,11059.264897100336
Passing_Year_Of_PG Performance_Score^2,11012.457779507424,11012.457779507424
Field_Specialization_Ratio Role_encoded Organization_encoded,-10955.200059568308,10955.200059568308
Total_Experience^2 Inhand_Offer,10944.574038935703,10944.574038935703
Total_Experience_in_field_applied,-10922.373994214702,10922.373994214702
Passing_Year_Of_Graduation No_Of_Companies_worked,10909.735870258055,10909.735870258055
Number_of_Publications PHD_Specialization_encoded,-10894.696139732221,10894.696139732221
No_Of_Companies_worked Role_encoded Industry_encoded,-10861.512118973444,10861.512118973444
Total_Experience Total_Experience_in_field_applied Passing_Year_Of_Graduation,-10860.759126397688,10860.759126397688
Total_Experience_in_field_applied Curent_Location_encoded,-10844.94034438237,10844.94034438237
Number_of_Publications University_PG_encoded,-10791.87061088696,10791.87061088696
Current_CTC University_Grad_encoded,10757.56741443585,10757.56741443585
Number_of_Publications PG_Specialization_encoded,-10748.244077193809,10748.244077193809
Total_Experience Passing_Year_Of_Graduation Certifications,-10696.465999382435,10696.465999382435
Passing_Year_Of_Graduation^2 Has_PHD,10682.431676361415,10682.431676361415
Passing_Year_Of_PG No_Of_Companies_worked Field_Specialization_Ratio,-10680.028544321061,10680.028544321061
Total_Experience_in_field_applied Certifications,10666.975643464019,10666.975643464019
Number_of_Publications University_Grad_encoded,-10664.455288465992,10664.455288465992
Passing_Year_Of_Graduation Current_CTC University_PHD_encoded,10626.281415203961,10626.281415203961
Passing_Year_Of_PG Field_Specialization_Ratio,-10557.444794058683,10557.444794058683
Total_Experience Role_encoded,10535.158037513214,10535.158037513214
Passing_Year_Of_PG Has_PHD,-10453.94070568155,10453.94070568155
Passing_Year_Of_Graduation Performance_Score Department_encoded,10450.77055643598,10450.77055643598
Passing_Year_Of_Graduation Passing_Year_Of_PG Field_Specialization_Ratio,10426.8330865667,10426.8330865667
Passing_Year_Of_PG No_Of_Companies_worked Has_PG,-10368.253364500843,10368.253364500843
Passing_Year_Of_PHD Has_PG Has_PHD,10250.76565748637,10250.76565748637
Total_Experience Total_Experience_in_field_applied Graduation_Specialization_encoded,-10223.597799855612,10223.597799855612
Total_Experience_in_field_applied Role_encoded,10202.50922612323,10202.50922612323
Total_Experience^2 Number_of_Publications,10181.159895207029,10181.159895207029
Current_CTC Graduation_Specialization_encoded,10175.258794691625,10175.258794691625
Inhand_Offer Graduation_Specialization_encoded,-10125.893696146431,10125.893696146431
Passing_Year_Of_PG University_PG_encoded,-10088.6528518644,10088.6528518644
Passing_Year_Of_Graduation Passing_Year_Of_PHD Has_PHD,-10076.467624125824,10076.467624125824
Current_CTC Field_Specialization_Ratio,10060.492868270981,10060.492868270981
Passing_Year_Of_Graduation Current_CTC PHD_Specialization_encoded,10038.416555412652,10038.416555412652
Passing_Year_Of_Graduation Has_PHD Performance_Score,10001.836929855308,10001.836929855308
Total_Experience Passing_Year_Of_PHD Field_Specialization_Ratio,-10000.20567248599,10000.20567248599
Current_CTC Department_encoded Organization_encoded,-9978.278297778148,9978.278297778148
Total_Experience Current_CTC^2,-9964.545553645823,9964.545553645823
Total_Experience^2 Passing_Year_Of_PG,9910.54617116049,9910.54617116049
Passing_Year_Of_Graduation Has_PG Performance_Score,9894.801646051923,9894.801646051923
Passing_Year_Of_Graduation Inhand_Offer Performance_Score,9889.50983138375,9889.50983138375
Passing_Year_Of_PG No_Of_Companies_worked Has_PHD,-9856.036985182094,9856.036985182094
Education_Level_encoded^3,9843.180167670509,9843.180167670509
Current_CTC^2 Has_PG,9829.776942938512,9829.776942938512
Role_encoded^2 Designation_encoded,9826.13621205206,9826.13621205206
Total_Experience Passing_Year_Of_PG Passing_Year_Of_PHD,-9822.136945318416,9822.136945318416
Role_encoded Organization_encoded^2,9812.12772363359,9812.12772363359
Certifications Field_Specialization_Ratio,-9772.719880764125,9772.719880764125
Passing_Year_Of_Graduation Passing_Year_Of_PHD Education_Level_encoded,-9771.066013122556,9771.066013122556
Current_CTC Number_of_Publications Industry_encoded,-9768.84895863592,9768.84895863592
Current_CTC No_Of_Companies_worked Field_Specialization_Ratio,-9758.977814039745,9758.977814039745
Inhand_Offer No_Of_Companies_worked,9742.378094196403,9742.378094196403
Current_CTC^2 No_Of_Companies_worked,-9739.65590749858,9739.65590749858
No_Of_Companies_worked PHD_Specialization_encoded^2,9733.099448977488,9733.099448977488
Passing_Year_Of_Graduation Passing_Year_Of_PHD Field_Specialization_Ratio,9712.427573650226,9712.427573650226
Number_of_Publications Education_Level_encoded^2,9648.24542586498,9648.24542586498
Current_CTC PHD_Specialization_encoded,9646.495375973162,9646.495375973162
Industry_encoded PHD_Specialization_encoded^2,-9578.150705410077,9578.150705410077
Field_Specialization_Ratio Role_encoded Industry_encoded,-9573.270799283795,9573.270799283795
Inhand_Offer University_Grad_encoded,-9560.852788847262,9560.852788847262
Has_PG Performance_Score^2,9512.690956857958,9512.690956857958
Total_Experience_in_field_applied Preferred_location_encoded,-9429.183970727028,9429.183970727028
Total_Experience_in_field_applied Department_encoded,9411.440397681556,9411.440397681556
Current_CTC University_PG_encoded,9411.240305935666,9411.240305935666
Current_CTC Number_of_Publications Performance_Score,9396.773971773526,9396.773971773526
Total_Experience Passing_Year_Of_Graduation Has_PG,-9386.250032022164,9386.250032022164
Field_Specialization_Ratio^2,-9376.491900026018,9376.491900026018
Designation_encoded Education_Level_encoded,-9370.948005615346,9370.948005615346
Passing_Year_Of_PG PG_Specialization_encoded,-9357.585499229033,9357.585499229033
Current_CTC Industry_encoded Organization_encoded,-9345.858376509308,9345.858376509308
Department_encoded^2 Industry_encoded,9345.53027360556,9345.53027360556
Total_Experience_in_field_applied Industry_encoded,9331.817668095988,9331.817668095988
Field_Specialization_Ratio PHD_Specialization_encoded^2,9308.162622023066,9308.162622023066
Total_Experience^2 Preferred_location_encoded,-9290.286325481591,9290.286325481591
Total_Experience_in_field_applied^2 PHD_Specialization_encoded,9288.394227387189,9288.394227387189
No_Of_Companies_worked Field_Specialization_Ratio Role_encoded,9243.268154381423,9243.268154381423
Number_of_Publications Education_Level_encoded,-9235.054686109139,9235.054686109139
Role_encoded Industry_encoded^2,9231.803419997479,9231.803419997479
Passing_Year_Of_PG No_Of_Companies_worked Number_of_Publications,-9219.307316383884,9219.307316383884
Field_Specialization_Ratio Education_Level_encoded^2,-9106.915241418483,9106.915241418483
Department_encoded Organization_encoded Designation_encoded,9087.353098160978,9087.353098160978
Current_CTC^2 Field_Specialization_Ratio,-9077.146388407238,9077.146388407238
Field_Specialization_Ratio Department_encoded Role_encoded,-9066.347147623657,9066.347147623657
Total_Experience^2 PHD_Specialization_encoded,-9052.198993810782,9052.198993810782
Passing_Year_Of_PG No_Of_Companies_worked PG_Specialization_encoded,-8986.651755577814,8986.651755577814
Total_Experience Passing_Year_Of_PG Certifications,-8981.403374623022,8981.403374623022
Current_CTC Department_encoded Role_encoded,-8906.698845638686,8906.698845638686
Current_CTC No_Of_Companies_worked^2,-8876.847663827615,8876.847663827615
Current_CTC^2 Has_PHD,8865.923221796724,8865.923221796724
No_Of_Companies_worked Field_Specialization_Ratio Department_encoded,8859.637901962613,8859.637901962613
Total_Experience Passing_Year_Of_Graduation Passing_Year_Of_PG,8855.796914357765,8855.796914357765
Total_Experience Passing_Year_Of_PHD No_Of_Companies_worked,-8842.811189044083,8842.811189044083
Passing_Year_Of_Graduation^2 Passing_Year_Of_PG,8831.20702827122,8831.20702827122
Current_CTC Role_encoded Industry_encoded,-8803.588664958555,8803.588664958555
Passing_Year_Of_PHD Current_CTC Inhand_Offer,8791.421390106483,8791.421390106483
Performance_Score^2,8786.703604492905,8786.703604492905
Passing_Year_Of_PG Inhand_Offer No_Of_Companies_worked,-8764.234170604002,8764.234170604002
Passing_Year_Of_Graduation Has_PHD^2,-8755.010368866313,8755.010368866313
University_Grad_encoded Education_Level_encoded,-8715.865077690578,8715.865077690578
Passing_Year_Of_PG No_Of_Companies_worked Graduation_Specialization_encoded,-8686.728229152028,8686.728229152028
Passing_Year_Of_Graduation No_Of_Companies_worked PHD_Specialization_encoded,-8686.033963579688,8686.033963579688
Role_encoded PHD_Specialization_encoded^2,-8685.263507721771,8685.263507721771
Current_CTC Graduation_Specialization_encoded University_Grad_encoded,-8672.822242044424,8672.822242044424
Passing_Year_Of_PG Education_Level_encoded^2,8653.662869511028,8653.662869511028
Passing_Year_Of_Graduation^2 Passing_Year_Of_PHD,8651.480071064861,8651.480071064861
Total_Experience Performance_Score,8638.198858199316,8638.198858199316
Total_Experience University_PHD_encoded Education_Level_encoded,-8599.413436422466,8599.413436422466
Passing_Year_Of_PHD Has_PG^2,8597.490007271434,8597.490007271434
Current_CTC^2 Certifications,-8541.373105193163,8541.373105193163
Total_Experience^2 Curent_Location_encoded,-8534.211332601182,8534.211332601182
Passing_Year_Of_Graduation Passing_Year_Of_PHD Has_PG,-8533.412210117507,8533.412210117507
Passing_Year_Of_PG No_Of_Companies_worked University_Grad_encoded,-8515.177727469316,8515.177727469316
Total_Experience Has_PG,8489.674844700025,8489.674844700025
Passing_Year_Of_PHD Number_of_Publications,8456.840376762131,8456.840376762131
Current_CTC Industry_encoded Curent_Location_encoded,-8439.911504355352,8439.911504355352
Number_of_Publications University_PHD_encoded,-8407.602371485322,8407.602371485322
Passing_Year_Of_Graduation Passing_Year_Of_PG Number_of_Publications,-8399.172843434157,8399.172843434157
Passing_Year_Of_PG No_Of_Companies_worked^2,-8378.733676909043,8378.733676909043
Passing_Year_Of_Graduation No_Of_Companies_worked Education_Level_encoded,-8372.528307155735,8372.528307155735
Organization_encoded Education_Level_encoded,-8308.720100000659,8308.720100000659
Passing_Year_Of_PG Has_PG,-8298.251596295368,8298.251596295368
Current_CTC International_degree_any,8294.078569996746,8294.078569996746
Current_CTC PHD_Specialization_encoded^2,8291.508705653723,8291.508705653723
Total_Experience Passing_Year_Of_PG Graduation_Specialization_encoded,-8288.291150324862,8288.291150324862
Total_Experience Passing_Year_Of_PG Education_Level_encoded,-8287.919142361148,8287.919142361148
Has_PG Department_encoded,-8269.70861925062,8269.70861925062
No_Of_Companies_worked Performance_Score,8269.225793911477,8269.225793911477
No_Of_Companies_worked^2 Industry_encoded,8240.290204216282,8240.290204216282
Has_PHD Department_encoded,-8193.448690630208,8193.448690630208
Total_Experience Department_encoded,8174.929152946676,8174.929152946676
Curent_Location_encoded Education_Level_encoded,-8174.309659248335,8174.309659248335
Total_Experience_in_field_applied Education_Level_encoded,-8161.069866581386,8161.069866581386
Has_PHD Performance_Score^2,8157.189975795962,8157.189975795962
Inhand_Offer PG_Specialization_encoded,-8148.482941264877,8148.482941264877
Current_CTC Field_Specialization_Ratio Education_Level_encoded,-8146.949661997363,8146.949661997363
Designation_encoded PHD_Specialization_encoded^2,-8143.945758425025,8143.945758425025
Passing_Year_Of_Graduation Passing_Year_Of_PG^2,8128.159187493802,8128.159187493802
Current_CTC Role_encoded^2,-8124.279724223374,8124.279724223374
Total_Experience^2 University_PG_encoded,-8123.662059325802,8123.662059325802
Total_Experience_in_field_applied Role_encoded Designation_encoded,8105.98044122321,8105.98044122321
Department_encoded^2 Role_encoded,8080.915593369356,8080.915593369356
Current_CTC Number_of_Publications Curent_Location_encoded,-8079.504038569157,8079.504038569157
No_Of_Companies_worked University_PHD_encoded Education_Level_encoded,-8017.922746863661,8017.922746863661
Inhand_Offer^2,7991.287290304965,7991.287290304965
Inhand_Offer Number_of_Publications Performance_Score,-7949.574109406793,7949.574109406793
No_Of_Companies_worked^2 Organization_encoded,7935.51848499587,7935.51848499587
Passing_Year_Of_Graduation Passing_Year_Of_PHD Performance_Score,7926.42252232423,7926.42252232423
Has_PHD Education_Level_encoded,-7906.959283015609,7906.959283015609
Passing_Year_Of_PG Passing_Year_Of_PHD Number_of_Publications,-7901.413729201685,7901.413729201685
Passing_Year_Of_PHD Education_Level_encoded^2,7899.325746235666,7899.325746235666
Industry_encoded Organization_encoded^2,7884.160171383741,7884.160171383741
Passing_Year_Of_PHD^2 Has_PHD,7859.885570494539,7859.885570494539
Passing_Year_Of_PG Current_CTC University_PHD_encoded,7859.700087388445,7859.700087388445
No_Of_Companies_worked^2 Department_encoded,7828.604461161719,7828.604461161719
Number_of_Publications Organization_encoded,-7818.593145554418,7818.593145554418
Current_CTC Organization_encoded^2,-7816.8387750964675,7816.8387750964675
Role_encoded Education_Level_encoded,-7811.548134524943,7811.548134524943
Total_Experience Passing_Year_Of_PG Number_of_Publications,-7809.022849030243,7809.022849030243
Current_CTC Graduation_Specialization_encoded University_PG_encoded,-7803.517948618613,7803.517948618613
Total_Experience Passing_Year_Of_PHD^2,7801.000973025605,7801.000973025605
Passing_Year_Of_PHD No_Of_Companies_worked Field_Specialization_Ratio,-7778.252757239301,7778.252757239301
Current_CTC^2 Curent_Location_encoded,-7769.00314180864,7769.00314180864
Inhand_Offer University_PG_encoded,-7749.946621770493,7749.946621770493
Total_Experience Passing_Year_Of_PHD Has_PG,7747.085994268706,7747.085994268706
Passing_Year_Of_PHD Current_CTC Number_of_Publications,7745.840158101749,7745.840158101749
Current_CTC Graduation_Specialization_encoded University_PHD_encoded,-7714.679187458593,7714.679187458593
No_Of_Companies_worked Department_encoded Designation_encoded,-7705.604507535293,7705.604507535293
Passing_Year_Of_Graduation Certifications Department_encoded,7701.922785994265,7701.922785994265
Number_of_Publications Preferred_location_encoded,-7693.460922561407,7693.460922561407
Passing_Year_Of_PHD Field_Specialization_Ratio,-7662.786694741264,7662.786694741264
Current_CTC^2 Preferred_location_encoded,-7657.222968016451,7657.222968016451
Industry_encoded^2 Organization_encoded,7654.498383512892,7654.498383512892
Passing_Year_Of_PG No_Of_Companies_worked University_PG_encoded,-7653.148527135583,7653.148527135583
Role_encoded Industry_encoded Designation_encoded,7644.599842426487,7644.599842426487
Passing_Year_Of_PG Number_of_Publications University_PHD_encoded,7636.640698729591,7636.640698729591
Total_Experience_in_field_applied International_degree_any,7580.138737803256,7580.138737803256
Passing_Year_Of_PHD Inhand_Offer,7578.64137463296,7578.64137463296
Current_CTC^2 PHD_Specialization_encoded,-7578.559388271015,7578.559388271015
Total_Experience Passing_Year_Of_PHD Has_PHD,7560.156263161515,7560.156263161515
Current_CTC Education_Level_encoded,7544.437383666739,7544.437383666739
Certifications Performance_Score,-7507.66265366649,7507.66265366649
Passing_Year_Of_Graduation Education_Level_encoded^2,7496.451184876246,7496.451184876246
Total_Experience Passing_Year_Of_PHD Current_CTC,-7485.643598532702,7485.643598532702
No_Of_Companies_worked Organization_encoded Education_Level_encoded,7471.440211419902,7471.440211419902
Preferred_location_encoded Education_Level_encoded,-7467.315539386802,7467.315539386802
Total_Experience_in_field_applied University_PG_encoded,-7465.2982589389985,7465.2982589389985
Passing_Year_Of_PHD Performance_Score^2,7440.127476281175,7440.127476281175
Field_Specialization_Ratio Role_encoded Designation_encoded,-7428.793529424917,7428.793529424917
Passing_Year_Of_Graduation Performance_Score PG_Specialization_encoded,7422.916547912868,7422.916547912868
Current_CTC PG_Specialization_encoded,7414.976671963277,7414.976671963277
Passing_Year_Of_PG Inhand_Offer^2,-7398.302035027019,7398.302035027019
Total_Experience Current_CTC Field_Specialization_Ratio,-7386.6755493844685,7386.6755493844685
No_Of_Companies_worked Industry_encoded^2,-7377.035045983339,7377.035045983339
Passing_Year_Of_Graduation Performance_Score Graduation_Specialization_encoded,7374.937311297317,7374.937311297317
Passing_Year_Of_PG Passing_Year_Of_PHD Inhand_Offer,-7329.873418417377,7329.873418417377
Industry_encoded Education_Level_encoded,-7317.405887851315,7317.405887851315
Total_Experience Has_PG Performance_Score,7316.366187412175,7316.366187412175
Passing_Year_Of_Graduation^2 PHD_Specialization_encoded,7313.826025540476,7313.826025540476
Department_encoded Industry_encoded^2,7294.6500991815665,7294.6500991815665
Passing_Year_Of_PG Passing_Year_Of_PHD No_Of_Companies_worked,-7292.26688788269,7292.26688788269
Passing_Year_Of_PG Inhand_Offer Number_of_Publications,-7274.862458923413,7274.862458923413
PHD_Specialization_encoded Education_Level_encoded,-7257.954302156208,7257.954302156208
Total_Experience Total_Experience_in_field_applied Number_of_Publications,-7253.107723588548,7253.107723588548
Department_encoded PHD_Specialization_encoded^2,-7247.142277925058,7247.142277925058
Total_Experience_in_field_applied^2 Passing_Year_Of_PHD,-7237.359163227823,7237.359163227823
Passing_Year_Of_PG No_Of_Companies_worked PHD_Specialization_encoded,-7235.484966553649,7235.484966553649
Passing_Year_Of_PG Current_CTC Organization_encoded,7200.36824301991,7200.36824301991
Total_Experience Total_Experience_in_field_applied Certifications,-7169.471969540755,7169.471969540755
Graduation_Specialization_encoded Education_Level_encoded,-7154.650127463025,7154.650127463025
Current_CTC Graduation_Specialization_encoded PG_Specialization_encoded,-7116.039095912958,7116.039095912958
Passing_Year_Of_Graduation Certifications^2,7108.635970916319,7108.635970916319
No_Of_Companies_worked Department_encoded Role_encoded,-7083.705133566835,7083.705133566835
Passing_Year_Of_PG No_Of_Companies_worked Department_encoded,-7070.857269795137,7070.857269795137
Inhand_Offer Field_Specialization_Ratio Performance_Score,7028.934617592598,7028.934617592598
No_Of_Companies_worked Department_encoded Industry_encoded,-7026.831060678002,7026.831060678002
No_Of_Companies_worked Organization_encoded^2,-7022.651958374811,7022.651958374811
Total_Experience_in_field_applied^2 Passing_Year_Of_PG,-7013.24781790367,7013.24781790367
Total_Experience Passing_Year_Of_PG University_Grad_encoded,-6989.900988027684,6989.900988027684
Has_PG Education_Level_encoded,-6979.6276314977595,6979.6276314977595
Has_PG Education_Level_encoded^2,6963.60338027378,6963.60338027378
No_Of_Companies_worked^2 Role_encoded,6947.119034222791,6947.119034222791
Total_Experience^2 Role_encoded,6917.809274746201,6917.809274746201
Current_CTC No_Of_Companies_worked Education_Level_encoded,-6892.365823572622,6892.365823572622
Has_PG Role_encoded,-6885.820483983968,6885.820483983968
Passing_Year_Of_Graduation^2 Inhand_Offer,-6857.764964611708,6857.764964611708
Certifications Has_PHD,-6851.979758217891,6851.979758217891
Passing_Year_Of_PHD^2 Has_PG,6844.987687430908,6844.987687430908
Total_Experience Graduation_Specialization_encoded University_PG_encoded,6838.541880764028,6838.541880764028
Certifications Has_PG,-6823.793248545938,6823.793248545938
Current_CTC Industry_encoded^2,-6813.116035483479,6813.116035483479
Passing_Year_Of_Graduation Certifications Performance_Score,6809.568868670276,6809.568868670276
Passing_Year_Of_Graduation^3,6794.515674650114,6794.515674650114
Department_encoded Industry_encoded Organization_encoded,6786.121393678718,6786.121393678718
Passing_Year_Of_Graduation Performance_Score Role_encoded,6774.167826751823,6774.167826751823
Department_encoded Role_encoded Industry_encoded,6774.076185547293,6774.076185547293
Department_encoded Role_encoded Designation_encoded,6764.389995070038,6764.389995070038
No_Of_Companies_worked^2 Education_Level_encoded,-6764.375970030521,6764.375970030521
Number_of_Publications Designation_encoded,-6744.9308455966175,6744.9308455966175
Current_CTC No_Of_Companies_worked University_PHD_encoded,-6720.249437050565,6720.249437050565
Field_Specialization_Ratio Department_encoded Organization_encoded,-6717.395592140354,6717.395592140354
Organization_encoded PHD_Specialization_encoded^2,-6711.377477322802,6711.377477322802
No_Of_Companies_worked Role_encoded Designation_encoded,-6704.901775284584,6704.901775284584
Passing_Year_Of_Graduation No_Of_Companies_worked University_PHD_encoded,-6703.011670822283,6703.011670822283
University_PG_encoded Education_Level_encoded,-6693.837798265774,6693.837798265774
Current_CTC^3,-6692.670208099094,6692.670208099094
Designation_encoded PHD_Specialization_encoded Education_Level_encoded,6686.658914917983,6686.658914917983
Has_PG Industry_encoded,-6654.142472629614,6654.142472629614
Performance_Score University_PHD_encoded,6639.761460677932,6639.761460677932
Has_PHD Role_encoded,-6626.948272582723,6626.948272582723
Passing_Year_Of_PG No_Of_Companies_worked Performance_Score,-6614.558083291574,6614.558083291574
No_Of_Companies_worked Field_Specialization_Ratio Designation_encoded,6588.965699432064,6588.965699432064
Passing_Year_Of_PHD^2 No_Of_Companies_worked,-6585.391239702452,6585.391239702452
Total_Experience Department_encoded University_PHD_encoded,6568.802878185619,6568.802878185619
Total_Experience Passing_Year_Of_PHD Education_Level_encoded,-6531.187836241388,6531.187836241388
Total_Experience Certifications Education_Level_encoded,6519.742912289985,6519.742912289985
Passing_Year_Of_PG Number_of_Publications Field_Specialization_Ratio,-6518.118231727803,6518.118231727803
Field_Specialization_Ratio Department_encoded Designation_encoded,-6512.536983360888,6512.536983360888
Current_CTC Department_encoded Industry_encoded,-6502.134240433975,6502.134240433975
Current_CTC University_Grad_encoded^2,-6499.718655240977,6499.718655240977
Number_of_Publications^2 Education_Level_encoded,6498.054172281752,6498.054172281752
Certifications Role_encoded,-6481.456272327726,6481.456272327726
Has_PHD Industry_encoded,-6480.916359411523,6480.916359411523
Passing_Year_Of_PG No_Of_Companies_worked Organization_encoded,-6465.171931739385,6465.171931739385
Certifications Graduation_Specialization_encoded,-6464.187636175404,6464.187636175404
No_Of_Companies_worked Field_Specialization_Ratio Organization_encoded,6454.128912627042,6454.128912627042
Current_CTC Role_encoded Curent_Location_encoded,-6424.499227318312,6424.499227318312
Role_encoded Industry_encoded Organization_encoded,6422.173784322886,6422.173784322886
Current_CTC Inhand_Offer Has_PHD,6407.468278462942,6407.468278462942
Total_Experience^2 Passing_Year_Of_Graduation,6386.940757245106,6386.940757245106
Passing_Year_Of_PG Number_of_Publications^2,-6383.493698879038,6383.493698879038
Current_CTC Number_of_Publications Has_PG,6357.466247442722,6357.466247442722
No_Of_Companies_worked Has_PHD^2,6348.23613627511,6348.23613627511
Number_of_Publications Department_encoded Organization_encoded,6347.014511600573,6347.014511600573
Total_Experience_in_field_applied Role_encoded Industry_encoded,6335.229035186745,6335.229035186745
Field_Specialization_Ratio Industry_encoded^2,-6334.723332176048,6334.723332176048
Total_Experience Passing_Year_Of_Graduation Number_of_Publications,-6324.792154937153,6324.792154937153
Total_Experience_in_field_applied^2 Education_Level_encoded,6314.54722948177,6314.54722948177
Passing_Year_Of_Graduation^2 PG_Specialization_encoded,6286.468675985545,6286.468675985545
Total_Experience Passing_Year_Of_PG Role_encoded,-6282.621971941946,6282.621971941946
Number_of_Publications Department_encoded,-6277.037404632927,6277.037404632927
Passing_Year_Of_PG University_Grad_encoded,-6275.645347598846,6275.645347598846
Total_Experience_in_field_applied^2 Passing_Year_Of_Graduation,-6251.695020789028,6251.695020789028
Passing_Year_Of_Graduation No_Of_Companies_worked Has_PHD,-6218.303284999746,6218.303284999746
Passing_Year_Of_Graduation Current_CTC Certifications,6213.967150696528,6213.967150696528
Total_Experience_in_field_applied Inhand_Offer University_PHD_encoded,6213.955102818701,6213.955102818701
Passing_Year_Of_Graduation Certifications Graduation_Specialization_encoded,6210.237718750976,6210.237718750976
Total_Experience No_Of_Companies_worked Has_PG,6198.312552694874,6198.312552694874
Total_Experience Current_CTC PHD_Specialization_encoded,6197.482394608175,6197.482394608175
No_Of_Companies_worked Industry_encoded Education_Level_encoded,6197.3184239106295,6197.3184239106295
Current_CTC Graduation_Specialization_encoded PHD_Specialization_encoded,-6195.8821930208915,6195.8821930208915
Passing_Year_Of_PHD Certifications,-6185.6016507359045,6185.6016507359045
Has_PG Organization_encoded,-6180.526325993944,6180.526325993944
Field_Specialization_Ratio Organization_encoded Designation_encoded,-6178.17903799333,6178.17903799333
Department_encoded Industry_encoded Designation_encoded,6174.904425620802,6174.904425620802
Total_Experience Passing_Year_Of_PG Department_encoded,-6172.513383390235,6172.513383390235
Certifications Industry_encoded,-6172.362909211362,6172.362909211362
No_Of_Companies_worked Role_encoded Organization_encoded,-6165.783583705034,6165.783583705034
Inhand_Offer Designation_encoded,-6160.9799462108285,6160.9799462108285
Current_CTC Has_PG Education_Level_encoded,-6150.306043468544,6150.306043468544
Number_of_Publications^2 Performance_Score,-6149.906016569368,6149.906016569368
Inhand_Offer PHD_Specialization_encoded,-6148.654426142603,6148.654426142603
Total_Experience Graduation_Specialization_encoded University_Grad_encoded,6139.097617935038,6139.097617935038
Certifications Organization_encoded,-6138.887480306238,6138.887480306238
Passing_Year_Of_PHD No_Of_Companies_worked Performance_Score,-6133.1163788666,6133.1163788666
Total_Experience_in_field_applied Organization_encoded,6126.239113120765,6126.239113120765
Current_CTC Inhand_Offer Has_PG,6111.343674374619,6111.343674374619
Field_Specialization_Ratio Role_encoded^2,-6104.021404530984,6104.021404530984
Current_CTC Number_of_Publications Has_PHD,6102.2494650302315,6102.2494650302315
Department_encoded Industry_encoded,-6097.09212192862,6097.09212192862
Total_Experience Current_CTC Inhand_Offer,-6089.611381831205,6089.611381831205
Current_CTC PHD_Specialization_encoded Education_Level_encoded,-6085.347107052113,6085.347107052113
Passing_Year_Of_Graduation Has_PG Education_Level_encoded,-6077.316025368995,6077.316025368995
Passing_Year_Of_Graduation Inhand_Offer Field_Specialization_Ratio,6060.102842277965,6060.102842277965
Passing_Year_Of_PG^2 University_PHD_encoded,6057.430907734346,6057.430907734346
Department_encoded^3,6056.069406512177,6056.069406512177
Total_Experience Passing_Year_Of_PG Designation_encoded,-6048.95220833581,6048.95220833581
Passing_Year_Of_PG Current_CTC Role_encoded,6048.153709454801,6048.153709454801
Certifications Department_encoded,-6044.7063768253365,6044.7063768253365
Total_Experience_in_field_applied Designation_encoded,6040.414454041732,6040.414454041732
Passing_Year_Of_PG Passing_Year_Of_PHD,-6039.7111022491235,6039.7111022491235
Total_Experience Total_Experience_in_field_applied,-6024.732732903114,6024.732732903114
Total_Experience Field_Specialization_Ratio University_PG_encoded,6014.023309247562,6014.023309247562
Passing_Year_Of_PG Current_CTC Industry_encoded,6001.849825991873,6001.849825991873
Current_CTC Organization_encoded PG_Specialization_encoded,-5987.921309119647,5987.921309119647
Total_Experience_in_field_applied^2 Field_Specialization_Ratio,-5965.723869546567,5965.723869546567
Inhand_Offer Organization_encoded,-5949.154603916644,5949.154603916644
Total_Experience Total_Experience_in_field_applied University_Grad_encoded,-5944.186534562748,5944.186534562748
Current_CTC Certifications Education_Level_encoded,5941.66179695459,5941.66179695459
Current_CTC Designation_encoded University_Grad_encoded,-5936.983882023033,5936.983882023033
Total_Experience Designation_encoded University_PHD_encoded,5900.459834780226,5900.459834780226
Total_Experience Field_Specialization_Ratio PG_Specialization_encoded,5889.423058553276,5889.423058553276
Current_CTC^2 Role_encoded,5879.300143324217,5879.300143324217
Number_of_Publications Curent_Location_encoded,-5879.248935219143,5879.248935219143
Performance_Score PHD_Specialization_encoded,5876.423124503378,5876.423124503378
Passing_Year_Of_PHD^2 Number_of_Publications,5872.983794611461,5872.983794611461
Total_Experience Field_Specialization_Ratio^2,-5870.099978422008,5870.099978422008
Passing_Year_Of_PG Inhand_Offer Field_Specialization_Ratio,-5868.700087302222,5868.700087302222
Total_Experience_in_field_applied^3,5868.339490881355,5868.339490881355
Total_Experience Total_Experience_in_field_applied Current_CTC,-5863.890210479304,5863.890210479304
Passing_Year_Of_PG Passing_Year_Of_PHD University_PHD_encoded,5853.636485666671,5853.636485666671
Passing_Year_Of_Graduation Passing_Year_Of_PHD^2,-5848.639018426561,5848.639018426561
Department_encoded Organization_encoded^2,5840.491744327361,5840.491744327361
Passing_Year_Of_PG^2 No_Of_Companies_worked,-5835.747996862579,5835.747996862579
Passing_Year_Of_PG^2 Number_of_Publications,-5830.268721973725,5830.268721973725
Current_CTC Department_encoded^2,-5817.323376730424,5817.323376730424
Current_CTC^2 University_PG_encoded,-5816.610476018442,5816.610476018442
Total_Experience Total_Experience_in_field_applied Education_Level_encoded,5813.938608421101,5813.938608421101
Total_Experience_in_field_applied^2 University_PHD_encoded,5808.557190485379,5808.557190485379
Passing_Year_Of_Graduation Certifications Industry_encoded,5803.663108321151,5803.663108321151
Department_encoded^2 Education_Level_encoded,-5773.5524418049445,5773.5524418049445
Passing_Year_Of_Graduation Passing_Year_Of_PG Performance_Score,5765.200938302532,5765.200938302532
Passing_Year_Of_Graduation Field_Specialization_Ratio PHD_Specialization_encoded,-5762.383698622496,5762.383698622496
No_Of_Companies_worked^3,-5758.388572536562,5758.388572536562
Has_PHD Organization_encoded,-5753.562336871328,5753.562336871328
Total_Experience^2 PG_Specialization_encoded,-5751.547113983125,5751.547113983125
Field_Specialization_Ratio Department_encoded^2,-5733.141273981476,5733.141273981476
Field_Specialization_Ratio Department_encoded Industry_encoded,-5726.745869592783,5726.745869592783
Department_encoded^2,-5726.000695512469,5726.000695512469
Passing_Year_Of_PG Graduation_Specialization_encoded,-5724.883867991381,5724.883867991381
No_Of_Companies_worked Role_encoded^2,-5700.841170261582,5700.841170261582
No_Of_Companies_worked Curent_Location_encoded Education_Level_encoded,5686.342956714288,5686.342956714288
PG_Specialization_encoded Education_Level_encoded,-5683.855643137345,5683.855643137345
Passing_Year_Of_Graduation Field_Specialization_Ratio Performance_Score,5679.4552094097535,5679.4552094097535
Passing_Year_Of_PG No_Of_Companies_worked Designation_encoded,-5673.6101371670675,5673.6101371670675
Passing_Year_Of_Graduation Has_PG,-5667.0198479346745,5667.0198479346745
Total_Experience Passing_Year_Of_PG Inhand_Offer,-5656.966298606697,5656.966298606697
Current_CTC Field_Specialization_Ratio PHD_Specialization_encoded,-5647.942369537947,5647.942369537947
No_Of_Companies_worked Has_PG PHD_Specialization_encoded,5642.69527885933,5642.69527885933
Passing_Year_Of_PG Has_PHD^2,5633.321445793401,5633.321445793401
Passing_Year_Of_Graduation Certifications Organization_encoded,5625.824072314868,5625.824072314868
Total_Experience_in_field_applied Number_of_Publications Department_encoded,5622.34895750801,5622.34895750801
Number_of_Publications Graduation_Specialization_encoded Preferred_location_encoded,5617.516205875554,5617.516205875554
Total_Experience_in_field_applied Passing_Year_Of_Graduation Field_Specialization_Ratio,-5617.119488947034,5617.119488947034
Department_encoded Role_encoded^2,5613.388132032615,5613.388132032615
Passing_Year_Of_PG No_Of_Companies_worked Curent_Location_encoded,-5613.023214527762,5613.023214527762
Total_Experience Field_Specialization_Ratio,-5610.2369105789085,5610.2369105789085
Total_Experience^2 International_degree_any,5604.772750086599,5604.772750086599
Passing_Year_Of_Graduation Has_PHD,-5602.79934995641,5602.79934995641
Total_Experience Total_Experience_in_field_applied Performance_Score,-5594.300675143362,5594.300675143362
Graduation_Specialization_encoded PHD_Specialization_encoded Preferred_location_encoded,5593.726568413058,5593.726568413058
No_Of_Companies_worked Education_Level_encoded^2,5593.36802523104,5593.36802523104
No_Of_Companies_worked Has_PG Has_PHD,5580.706405313394,5580.706405313394
Passing_Year_Of_PG No_Of_Companies_worked Role_encoded,-5575.012592987459,5575.012592987459
No_Of_Companies_worked Has_PG Graduation_Specialization_encoded,5571.769933680558,5571.769933680558
University_Grad_encoded PG_Specialization_encoded Preferred_location_encoded,5557.037894906675,5557.037894906675
Total_Experience_in_field_applied^2 University_Grad_encoded,5555.6046393034585,5555.6046393034585
Industry_encoded^2 Designation_encoded,5543.01388156675,5543.01388156675
Current_CTC Designation_encoded Preferred_location_encoded,-5539.222674992044,5539.222674992044
Total_Experience Current_CTC PG_Specialization_encoded,5518.989378625249,5518.989378625249
Passing_Year_Of_Graduation No_Of_Companies_worked Has_PG,-5505.354230673875,5505.354230673875
Total_Experience Number_of_Publications Education_Level_encoded,-5501.058172309951,5501.058172309951
No_Of_Companies_worked^2 Designation_encoded,5500.4231858997355,5500.4231858997355
Field_Specialization_Ratio Role_encoded Education_Level_encoded,5500.001787788508,5500.001787788508
Passing_Year_Of_Graduation Certifications Field_Specialization_Ratio,5494.027036707905,5494.027036707905
Passing_Year_Of_PHD No_Of_Companies_worked Has_PG,-5493.867330660925,5493.867330660925
Field_Specialization_Ratio Graduation_Specialization_encoded Preferred_location_encoded,-5485.88105490572,5485.88105490572
Certifications University_Grad_encoded,-5485.626611524507,5485.626611524507
Role_encoded Industry_encoded University_PHD_encoded,-5469.16704097636,5469.16704097636
Field_Specialization_Ratio Organization_encoded Education_Level_encoded,5460.436342718108,5460.436342718108
Department_encoded Role_encoded Organization_encoded,5448.597379179023,5448.597379179023
Current_CTC Preferred_location_encoded Education_Level_encoded,5447.01963067142,5447.01963067142
Current_CTC Department_encoded Designation_encoded,-5437.992182834051,5437.992182834051
Number_of_Publications Field_Specialization_Ratio,-5427.985875786741,5427.985875786741
No_Of_Companies_worked Has_PG University_Grad_encoded,5420.781857516298,5420.781857516298
Department_encoded Education_Level_encoded,-5416.747996666462,5416.747996666462
Total_Experience_in_field_applied No_Of_Companies_worked Industry_encoded,-5415.325930926509,5415.325930926509
Passing_Year_Of_Graduation Performance_Score Organization_encoded,5411.616063338221,5411.616063338221
Passing_Year_Of_Graduation Certifications Role_encoded,5400.7961130953345,5400.7961130953345
Total_Experience Current_CTC Has_PG,-5399.663490127418,5399.663490127418
Passing_Year_Of_PG Current_CTC Designation_encoded,5391.908584615063,5391.908584615063
Passing_Year_Of_PHD^3,5390.065875090434,5390.065875090434
Department_encoded Role_encoded,-5389.52805656648,5389.52805656648
Passing_Year_Of_Graduation Inhand_Offer Has_PG,5386.272995989289,5386.272995989289
Total_Experience_in_field_applied Passing_Year_Of_Graduation Number_of_Publications,-5385.355154712694,5385.355154712694
Current_CTC Graduation_Specialization_encoded Preferred_location_encoded,-5379.971446020888,5379.971446020888
Passing_Year_Of_Graduation Inhand_Offer Certifications,5377.387684600096,5377.387684600096
University_PHD_encoded Education_Level_encoded,-5369.9403868939935,5369.9403868939935
Graduation_Specialization_encoded University_PG_encoded Curent_Location_encoded,5368.532134744042,5368.532134744042
Passing_Year_Of_Graduation Passing_Year_Of_PHD Certifications,5360.726112411127,5360.726112411127
PG_Specialization_encoded PHD_Specialization_encoded Education_Level_encoded,5357.932877296099,5357.932877296099
Industry_encoded Preferred_location_encoded Education_Level_encoded,-5350.417216585896,5350.417216585896
Passing_Year_Of_PG^2 Passing_Year_Of_PHD,-5337.908978049345,5337.908978049345
Passing_Year_Of_Graduation Certifications Designation_encoded,5333.435365308058,5333.435365308058
Passing_Year_Of_PG No_Of_Companies_worked Preferred_location_encoded,-5329.28306860075,5329.28306860075
Department_encoded Organization_encoded Education_Level_encoded,-5317.335288903891,5317.335288903891
Total_Experience_in_field_applied Department_encoded Organization_encoded,5310.232391334002,5310.232391334002
Department_encoded University_PHD_encoded Preferred_location_encoded,-5299.426478679765,5299.426478679765
Passing_Year_Of_Graduation Passing_Year_Of_PG Certifications,5297.001207107042,5297.001207107042
Role_encoded University_PHD_encoded Education_Level_encoded,5292.834177254496,5292.834177254496
Current_CTC Field_Specialization_Ratio University_PG_encoded,-5291.788525526676,5291.788525526676
Inhand_Offer Number_of_Publications,5287.039326398224,5287.039326398224
Role_encoded Organization_encoded Designation_encoded,5285.580123684865,5285.580123684865
Passing_Year_Of_Graduation^2 University_PHD_encoded,5269.795214009372,5269.795214009372
Number_of_Publications Role_encoded,-5258.968812517021,5258.968812517021
Passing_Year_Of_Graduation Certifications University_Grad_encoded,5251.148477854507,5251.148477854507
Field_Specialization_Ratio Department_encoded Education_Level_encoded,5236.076401386849,5236.076401386849
Total_Experience Passing_Year_Of_PG Organization_encoded,-5233.562086015716,5233.562086015716
No_Of_Companies_worked Industry_encoded,5224.850720630772,5224.850720630772
Current_CTC Role_encoded University_PHD_encoded,-5218.091253636926,5218.091253636926
Current_CTC Graduation_Specialization_encoded Curent_Location_encoded,-5212.876826354758,5212.876826354758
Department_encoded University_PHD_encoded,5210.823737853748,5210.823737853748
Total_Experience Total_Experience_in_field_applied PG_Specialization_encoded,-5208.6859666967475,5208.6859666967475
Total_Experience Current_CTC University_PG_encoded,5207.442177766087,5207.442177766087
Passing_Year_Of_PG^3,-5193.968004570515,5193.968004570515
Passing_Year_Of_PHD No_Of_Companies_worked Organization_encoded,-5191.816427535907,5191.816427535907
Current_CTC No_Of_Companies_worked Role_encoded,5191.191886632018,5191.191886632018
Total_Experience No_Of_Companies_worked Has_PHD,5184.759863932541,5184.759863932541
No_Of_Companies_worked Industry_encoded University_PHD_encoded,5180.459962501731,5180.459962501731
Passing_Year_Of_Graduation^2 Certifications,5172.54225111319,5172.54225111319
Total_Experience Passing_Year_Of_PG Industry_encoded,-5154.456545919223,5154.456545919223
Passing_Year_Of_Graduation Inhand_Offer Has_PHD,5146.034915663051,5146.034915663051
Current_CTC Number_of_Publications University_PHD_encoded,-5133.660904536434,5133.660904536434
Role_encoded Industry_encoded Education_Level_encoded,-5133.206539239417,5133.206539239417
Field_Specialization_Ratio Has_PG^2,5128.748450445686,5128.748450445686
Designation_encoded Graduation_Specialization_encoded^2,-5117.070552900461,5117.070552900461
Passing_Year_Of_Graduation Performance_Score Industry_encoded,5106.913231338741,5106.913231338741
Total_Experience_in_field_applied Passing_Year_Of_Graduation Education_Level_encoded,-5106.29791886767,5106.29791886767
Passing_Year_Of_Graduation Certifications Has_PHD,5103.885934502617,5103.885934502617
International_degree_any PHD_Specialization_encoded Preferred_location_encoded,-5098.064944174477,5098.064944174477
Certifications Designation_encoded,-5095.560061634234,5095.560061634234
No_Of_Companies_worked Designation_encoded^2,-5088.46302989047,5088.46302989047
Field_Specialization_Ratio Industry_encoded Designation_encoded,-5083.816857401882,5083.816857401882
Passing_Year_Of_Graduation Passing_Year_Of_PG Passing_Year_Of_PHD,5083.290785048567,5083.290785048567
Passing_Year_Of_PG^2 Inhand_Offer,-5075.451711575011,5075.451711575011
Total_Experience Industry_encoded University_PHD_encoded,5072.487829418069,5072.487829418069
Total_Experience Current_CTC International_degree_any,-5058.246182867739,5058.246182867739
Number_of_Publications Industry_encoded,-5056.027535556518,5056.027535556518
Department_encoded^2 Organization_encoded,5054.4840601535325,5054.4840601535325
Passing_Year_Of_Graduation Has_PG University_PHD_encoded,-5053.487706793069,5053.487706793069
No_Of_Companies_worked Has_PG^2,5049.26592848403,5049.26592848403
No_Of_Companies_worked Has_PG University_PG_encoded,5038.572337741578,5038.572337741578
Current_CTC University_Grad_encoded PG_Specialization_encoded,-5033.552431055388,5033.552431055388
Total_Experience Passing_Year_Of_PG PG_Specialization_encoded,-5029.025355094091,5029.025355094091
Passing_Year_Of_PG No_Of_Companies_worked Industry_encoded,-5028.842673016141,5028.842673016141
Total_Experience_in_field_applied Current_CTC Certifications,5026.98159317029,5026.98159317029
Current_CTC Has_PHD Education_Level_encoded,-5025.925000522514,5025.925000522514
Current_CTC No_Of_Companies_worked Designation_encoded,5014.520550995462,5014.520550995462
Current_CTC Role_encoded Preferred_location_encoded,-4986.604697842435,4986.604697842435
Current_CTC Inhand_Offer Number_of_Publications,-4983.419352232303,4983.419352232303
Inhand_Offer Industry_encoded,-4973.822174275206,4973.822174275206
Total_Experience Field_Specialization_Ratio University_PHD_encoded,4973.558473937045,4973.558473937045
Passing_Year_Of_PG Current_CTC No_Of_Companies_worked,4967.139483670723,4967.139483670723
Passing_Year_Of_Graduation No_Of_Companies_worked Curent_Location_encoded,-4955.128243523101,4955.128243523101
Role_encoded^2 Organization_encoded,4951.187870143789,4951.187870143789
Field_Specialization_Ratio Has_PG,-4948.96030482186,4948.96030482186
Passing_Year_Of_Graduation Performance_Score University_Grad_encoded,4941.042509408537,4941.042509408537
Field_Specialization_Ratio^3,4933.433772706014,4933.433772706014
Total_Experience_in_field_applied Certifications Education_Level_encoded,4916.462460510151,4916.462460510151
Current_CTC No_Of_Companies_worked Preferred_location_encoded,-4915.016372843213,4915.016372843213
Current_CTC No_Of_Companies_worked University_PG_encoded,-4911.386560505618,4911.386560505618
Total_Experience No_Of_Companies_worked Industry_encoded,4911.327198110607,4911.327198110607
Number_of_Publications Has_PHD Performance_Score,-4896.162017776302,4896.162017776302
Field_Specialization_Ratio Department_encoded,-4886.4641683626605,4886.4641683626605
No_Of_Companies_worked Has_PG PG_Specialization_encoded,4876.14331433715,4876.14331433715
Current_CTC No_Of_Companies_worked Certifications,-4875.897347885577,4875.897347885577
Passing_Year_Of_Graduation Has_PG PHD_Specialization_encoded,-4864.734258528739,4864.734258528739
Total_Experience No_Of_Companies_worked PG_Specialization_encoded,4863.831317113443,4863.831317113443
Performance_Score Department_encoded,-4862.023546533111,4862.023546533111
Has_PHD Education_Level_encoded^2,4841.223677779936,4841.223677779936
PHD_Specialization_encoded,4830.056348784975,4830.056348784975
Passing_Year_Of_Graduation^2,-4828.30363691808,4828.30363691808
Total_Experience_in_field_applied^2 Has_PG,-4821.229043833724,4821.229043833724
Department_encoded PHD_Specialization_encoded,4808.147379350084,4808.147379350084
Passing_Year_Of_Graduation^2 University_PG_encoded,4806.407392261488,4806.407392261488
Industry_encoded Organization_encoded Education_Level_encoded,-4797.867688229188,4797.867688229188
Field_Specialization_Ratio Has_PG Has_PHD,4793.9809526869585,4793.9809526869585
Current_CTC^2 International_degree_any,-4791.634106801376,4791.634106801376
Passing_Year_Of_PHD No_Of_Companies_worked^2,-4790.735447858995,4790.735447858995
No_Of_Companies_worked Role_encoded,4776.262386247082,4776.262386247082
Passing_Year_Of_Graduation Passing_Year_Of_PHD,-4771.4974635435,4771.4974635435
Current_CTC Has_PHD University_PHD_encoded,4762.447316029461,4762.447316029461
Total_Experience Current_CTC Has_PHD,-4758.152660686243,4758.152660686243
Performance_Score Graduation_Specialization_encoded PHD_Specialization_encoded,-4748.714181255333,4748.714181255333
No_Of_Companies_worked Has_PG University_PHD_encoded,4747.165973631932,4747.165973631932
Performance_Score^2 Education_Level_encoded,-4745.961045671518,4745.961045671518
Current_CTC Inhand_Offer^2,4738.859733026641,4738.859733026641
Passing_Year_Of_Graduation^2 Graduation_Specialization_encoded,4738.506247275299,4738.506247275299
Total_Experience No_Of_Companies_worked Designation_encoded,4735.885904866787,4735.885904866787
Passing_Year_Of_Graduation Certifications Has_PG,4730.504168001641,4730.504168001641
Passing_Year_Of_Graduation Field_Specialization_Ratio University_PHD_encoded,-4729.608631774269,4729.608631774269
No_Of_Companies_worked Designation_encoded,4727.820639315265,4727.820639315265
Passing_Year_Of_Graduation No_Of_Companies_worked Organization_encoded,-4724.475253700541,4724.475253700541
Total_Experience Field_Specialization_Ratio University_Grad_encoded,4719.0711557446675,4719.0711557446675
Organization_encoded^2 Education_Level_encoded,-4717.801878693961,4717.801878693961
Number_of_Publications Field_Specialization_Ratio Education_Level_encoded,4714.103652735479,4714.103652735479
Number_of_Publications Department_encoded PG_Specialization_encoded,4713.447163454903,4713.447163454903
Passing_Year_Of_PHD No_Of_Companies_worked Has_PHD,-4708.459692510324,4708.459692510324
Passing_Year_Of_PHD Current_CTC Education_Level_encoded,-4687.657374422532,4687.657374422532
Passing_Year_Of_Graduation Has_PHD Education_Level_encoded,-4687.36489929742,4687.36489929742
Passing_Year_Of_PHD Number_of_Publications University_PHD_encoded,4679.925520761788,4679.925520761788
Total_Experience_in_field_applied University_PHD_encoded Education_Level_encoded,4673.34735701567,4673.34735701567
Field_Specialization_Ratio Industry_encoded PHD_Specialization_encoded,4665.887795532397,4665.887795532397
Has_PG Designation_encoded,-4662.362550476157,4662.362550476157
Performance_Score^2 University_PHD_encoded,-4659.384904280331,4659.384904280331
Passing_Year_Of_PHD No_Of_Companies_worked Department_encoded,-4649.971298375853,4649.971298375853
Passing_Year_Of_PG^2 PHD_Specialization_encoded,4647.004758846959,4647.004758846959
Total_Experience Has_PHD Role_encoded,-4640.466962271646,4640.466962271646
Total_Experience No_Of_Companies_worked Department_encoded,4632.352756098995,4632.352756098995
No_Of_Companies_worked PG_Specialization_encoded Preferred_location_encoded,4625.956786227284,4625.956786227284
Inhand_Offer Performance_Score University_PHD_encoded,4625.798656768786,4625.798656768786
Role_encoded Organization_encoded Education_Level_encoded,-4625.595372944813,4625.595372944813
Total_Experience_in_field_applied Inhand_Offer^2,-4619.03265552069,4619.03265552069
Passing_Year_Of_PHD Number_of_Publications Has_PG,4603.442942380663,4603.442942380663
Field_Specialization_Ratio University_PG_encoded^2,4600.6814634406,4600.6814634406
Inhand_Offer University_PHD_encoded,-4600.529141541838,4600.529141541838
Passing_Year_Of_Graduation No_Of_Companies_worked PG_Specialization_encoded,-4575.721151025593,4575.721151025593
Role_encoded University_PG_encoded University_PHD_encoded,-4574.26770644363,4574.26770644363
Total_Experience Performance_Score Department_encoded,-4573.209441544318,4573.209441544318
International_degree_any Field_Specialization_Ratio Role_encoded,4570.723182689547,4570.723182689547
Certifications PG_Specialization_encoded,-4557.844799342753,4557.844799342753
Total_Experience_in_field_applied Passing_Year_Of_Graduation Certifications,-4555.745296878761,4555.745296878761
Number_of_Publications Department_encoded^2,4555.6744507154945,4555.6744507154945
Number_of_Publications Organization_encoded^2,4552.963394339799,4552.963394339799
Total_Experience Inhand_Offer Education_Level_encoded,-4549.209555171541,4549.209555171541
Number_of_Publications Industry_encoded Preferred_location_encoded,4544.627505728026,4544.627505728026
Current_CTC Graduation_Specialization_encoded^2,-4536.73357605778,4536.73357605778
Total_Experience_in_field_applied Role_encoded Organization_encoded,4534.517985353494,4534.517985353494
Total_Experience_in_field_applied^2 Graduation_Specialization_encoded,4530.106559202374,4530.106559202374
Total_Experience_in_field_applied No_Of_Companies_worked Has_PG,-4528.663251305837,4528.663251305837
PHD_Specialization_encoded^2 Education_Level_encoded,4519.642481541841,4519.642481541841
No_Of_Companies_worked Field_Specialization_Ratio Education_Level_encoded,-4519.558785504153,4519.558785504153
Current_CTC Has_PHD PHD_Specialization_encoded,4515.578413323434,4515.578413323434
Industry_encoded Preferred_location_encoded^2,4504.780449663366,4504.780449663366
Passing_Year_Of_Graduation Passing_Year_Of_PG Inhand_Offer,-4501.980633392181,4501.980633392181
Passing_Year_Of_PHD Organization_encoded,-4501.36777520798,4501.36777520798
Role_encoded Designation_encoded Education_Level_encoded,-4500.311033908625,4500.311033908625
Number_of_Publications^2 Field_Specialization_Ratio,4490.03696165494,4490.03696165494
Total_Experience Certifications Field_Specialization_Ratio,-4486.427997174322,4486.427997174322
Passing_Year_Of_Graduation No_Of_Companies_worked Certifications,4484.35898054736,4484.35898054736
Role_encoded PHD_Specialization_encoded Education_Level_encoded,4475.539539953782,4475.539539953782
No_Of_Companies_worked Department_encoded,4474.66031516549,4474.66031516549
Current_CTC Number_of_Publications Designation_encoded,-4470.181803908748,4470.181803908748
Passing_Year_Of_Graduation Department_encoded^2,4460.172348138289,4460.172348138289
Current_CTC Number_of_Publications Preferred_location_encoded,-4453.85912269572,4453.85912269572
Passing_Year_Of_PHD Number_of_Publications PHD_Specialization_encoded,4443.091665701043,4443.091665701043
University_Grad_encoded Education_Level_encoded^2,4428.765849074043,4428.765849074043
Field_Specialization_Ratio Role_encoded,-4420.962977931621,4420.962977931621
Graduation_Specialization_encoded University_PHD_encoded^2,4420.293980045214,4420.293980045214
Total_Experience_in_field_applied Number_of_Publications University_PHD_encoded,4420.033802708942,4420.033802708942
University_PG_encoded University_PHD_encoded Education_Level_encoded,4418.91058453941,4418.91058453941
Passing_Year_Of_PHD Department_encoded,-4401.030801584711,4401.030801584711
Total_Experience_in_field_applied Passing_Year_Of_PG Education_Level_encoded,-4400.685705702702,4400.685705702702
Total_Experience Field_Specialization_Ratio PHD_Specialization_encoded,4398.497865234573,4398.497865234573
Passing_Year_Of_PHD Industry_encoded,-4392.361708845638,4392.361708845638
Total_Experience Passing_Year_Of_Graduation International_degree_any,-4384.785138524629,4384.785138524629
Inhand_Offer Designation_encoded PHD_Specialization_encoded,4375.740674362725,4375.740674362725
Total_Experience Passing_Year_Of_PG International_degree_any,-4369.81393298244,4369.81393298244
Certifications International_degree_any PHD_Specialization_encoded,4367.267965290154,4367.267965290154
Passing_Year_Of_Graduation Inhand_Offer^2,4364.08602570112,4364.08602570112
Passing_Year_Of_Graduation No_Of_Companies_worked Designation_encoded,-4360.657736825368,4360.657736825368
Total_Experience No_Of_Companies_worked Graduation_Specialization_encoded,4359.731914714975,4359.731914714975
Total_Experience_in_field_applied Current_CTC No_Of_Companies_worked,4357.080801945553,4357.080801945553
Role_encoded^2 Education_Level_encoded,-4355.926114052617,4355.926114052617
Department_encoded Curent_Location_encoded Education_Level_encoded,-4355.87531400927,4355.87531400927
Total_Experience_in_field_applied No_Of_Companies_worked Education_Level_encoded,4350.468415757181,4350.468415757181
Current_CTC Field_Specialization_Ratio^2,-4338.756422904814,4338.756422904814
Performance_Score Industry_encoded,-4337.935826237166,4337.935826237166
Field_Specialization_Ratio Role_encoded PHD_Specialization_encoded,4329.68264663624,4329.68264663624
Total_Experience No_Of_Companies_worked Field_Specialization_Ratio,4319.512546124077,4319.512546124077
Total_Experience_in_field_applied PG_Specialization_encoded,-4318.13416020393,4318.13416020393
Graduation_Specialization_encoded PG_Specialization_encoded^2,4313.270237279289,4313.270237279289
Department_encoded Role_encoded Preferred_location_encoded,4312.70650976005,4312.70650976005
Department_encoded^2 Designation_encoded,4311.391133131947,4311.391133131947
Total_Experience Passing_Year_Of_Graduation Passing_Year_Of_PHD,4308.00707657327,4308.00707657327
Total_Experience Has_PHD Designation_encoded,-4294.125869059035,4294.125869059035
No_Of_Companies_worked Preferred_location_encoded Education_Level_encoded,4292.582411997274,4292.582411997274
Total_Experience Number_of_Publications Performance_Score,4287.50693282587,4287.50693282587
No_Of_Companies_worked^2 Number_of_Publications,4282.078805093433,4282.078805093433
Performance_Score Education_Level_encoded,-4279.6284063308285,4279.6284063308285
Has_PG Graduation_Specialization_encoded,-4276.809438281427,4276.809438281427
Total_Experience_in_field_applied No_Of_Companies_worked Has_PHD,-4273.031792880073,4273.031792880073
Passing_Year_Of_Graduation Passing_Year_Of_PG PG_Specialization_encoded,4272.740768586368,4272.740768586368
Role_encoded University_PHD_encoded^2,-4266.440734284531,4266.440734284531
Passing_Year_Of_PG Current_CTC Graduation_Specialization_encoded,4251.163283077258,4251.163283077258
International_degree_any Graduation_Specialization_encoded University_PHD_encoded,-4250.8610176954,4250.8610176954
Has_PHD Designation_encoded,-4246.618816858535,4246.618816858535
Current_CTC Industry_encoded PG_Specialization_encoded,-4244.987299848858,4244.987299848858
Total_Experience_in_field_applied Passing_Year_Of_Graduation Has_PG,-4244.354304324132,4244.354304324132
Has_PHD Performance_Score Education_Level_encoded,-4241.420804668251,4241.420804668251
Passing_Year_Of_PG Inhand_Offer,4241.386586241982,4241.386586241982
Total_Experience Department_encoded Education_Level_encoded,4235.055339771857,4235.055339771857
No_Of_Companies_worked Designation_encoded University_PG_encoded,4234.30168055637,4234.30168055637
No_Of_Companies_worked Field_Specialization_Ratio Industry_encoded,4232.637159135408,4232.637159135408
Industry_encoded^2 Education_Level_encoded,-4229.339618005543,4229.339618005543
No_Of_Companies_worked^2 Field_Specialization_Ratio,-4218.088210797098,4218.088210797098
Industry_encoded Designation_encoded PHD_Specialization_encoded,-4215.343370766323,4215.343370766323
Inhand_Offer PHD_Specialization_encoded University_PHD_encoded,4213.348666899234,4213.348666899234
Passing_Year_Of_Graduation University_PHD_encoded Education_Level_encoded,4205.695332756895,4205.695332756895
Passing_Year_Of_PG Department_encoded PG_Specialization_encoded,-4205.635991603661,4205.635991603661
Certifications^2,-4205.253462067716,4205.253462067716
Field_Specialization_Ratio Role_encoded University_PG_encoded,4200.487861377469,4200.487861377469
Current_CTC Role_encoded University_Grad_encoded,-4198.269747577327,4198.269747577327
Current_CTC Inhand_Offer No_Of_Companies_worked,-4198.019689604335,4198.019689604335
Inhand_Offer Has_PG Performance_Score,4196.048385370736,4196.048385370736
Passing_Year_Of_PG Number_of_Publications,4183.535468768893,4183.535468768893
Role_encoded University_Grad_encoded University_PHD_encoded,-4182.7990183169195,4182.7990183169195
Current_CTC Field_Specialization_Ratio University_PHD_encoded,-4178.348397975102,4178.348397975102
Total_Experience University_Grad_encoded PG_Specialization_encoded,4173.839811156138,4173.839811156138
Role_encoded^2 PG_Specialization_encoded,-4168.909213245568,4168.909213245568
Total_Experience_in_field_applied Inhand_Offer Industry_encoded,-4167.454996565886,4167.454996565886
Number_of_Publications Has_PG^2,4154.033397614521,4154.033397614521
Field_Specialization_Ratio PG_Specialization_encoded University_PHD_encoded,4151.435118002613,4151.435118002613
University_PHD_encoded Preferred_location_encoded^2,-4146.921327828908,4146.921327828908
Passing_Year_Of_PG Number_of_Publications PHD_Specialization_encoded,4127.62905987951,4127.62905987951
Current_CTC Organization_encoded University_Grad_encoded,-4124.576407248041,4124.576407248041
Organization_encoded PHD_Specialization_encoded University_PHD_encoded,-4111.403959901215,4111.403959901215
Total_Experience Has_PHD Graduation_Specialization_encoded,-4109.060248543685,4109.060248543685
Field_Specialization_Ratio University_PHD_encoded Education_Level_encoded,-4107.849736757899,4107.849736757899
Inhand_Offer Field_Specialization_Ratio University_PHD_encoded,-4107.488622115828,4107.488622115828
No_Of_Companies_worked Graduation_Specialization_encoded Education_Level_encoded,4104.255856084501,4104.255856084501
Passing_Year_Of_PG Has_PG Has_PHD,4099.2048255259715,4099.2048255259715
Total_Experience Has_PHD Department_encoded,-4098.106826760116,4098.106826760116
Field_Specialization_Ratio Graduation_Specialization_encoded Curent_Location_encoded,-4096.573222119083,4096.573222119083
Performance_Score,-4091.177922249782,4091.177922249782
Field_Specialization_Ratio University_PHD_encoded,4088.1151990436433,4088.1151990436433
Number_of_Publications Performance_Score,-4083.307050810638,4083.307050810638
Passing_Year_Of_PHD Current_CTC University_Grad_encoded,4081.5387675803863,4081.5387675803863
Total_Experience_in_field_applied Passing_Year_Of_Graduation Has_PHD,-4080.801002009563,4080.801002009563
No_Of_Companies_worked Organization_encoded University_PHD_encoded,4071.149018207749,4071.149018207749
Total_Experience Role_encoded PHD_Specialization_encoded,4067.189920797793,4067.189920797793
Inhand_Offer Has_PG^2,4059.0874752815375,4059.0874752815375
Field_Specialization_Ratio Industry_encoded Organization_encoded,-4050.781082972919,4050.781082972919
Passing_Year_Of_Graduation No_Of_Companies_worked Role_encoded,-4048.872357895097,4048.872357895097
Current_CTC University_PG_encoded Education_Level_encoded,-4046.3170584592413,4046.3170584592413
International_degree_any Graduation_Specialization_encoded Education_Level_encoded,-4045.4372645861094,4045.4372645861094
No_Of_Companies_worked Certifications Education_Level_encoded,-4044.778935556016,4044.778935556016
Current_CTC Number_of_Publications PG_Specialization_encoded,-4041.678655524651,4041.678655524651
Organization_encoded University_PHD_encoded Education_Level_encoded,4031.9462699636956,4031.9462699636956
Current_CTC Department_encoded Preferred_location_encoded,-4029.055279651154,4029.055279651154
Passing_Year_Of_PHD International_degree_any,4025.824837230408,4025.824837230408
Passing_Year_Of_PG Field_Specialization_Ratio PHD_Specialization_encoded,-4022.4019236653967,4022.4019236653967
No_Of_Companies_worked International_degree_any,4020.716305772672,4020.716305772672
Field_Specialization_Ratio Performance_Score,-4020.1663329704566,4020.1663329704566
No_Of_Companies_worked Organization_encoded University_PG_encoded,4019.639771075605,4019.639771075605
Current_CTC No_Of_Companies_worked Department_encoded,4011.642623741188,4011.642623741188
Organization_encoded Designation_encoded PG_Specialization_encoded,4006.5171943344008,4006.5171943344008
Number_of_Publications PHD_Specialization_encoded Curent_Location_encoded,-4006.3532733670677,4006.3532733670677
Industry_encoded University_PHD_encoded Education_Level_encoded,4006.2378108196317,4006.2378108196317
Industry_encoded^3,4004.889440256737,4004.889440256737
No_Of_Companies_worked Department_encoded Organization_encoded,-4001.037206205277,4001.037206205277
Field_Specialization_Ratio University_Grad_encoded,-4000.9070431115824,4000.9070431115824
Total_Experience_in_field_applied No_Of_Companies_worked Department_encoded,-3988.290207168279,3988.290207168279
Total_Experience^2 University_Grad_encoded,-3982.175636753562,3982.175636753562
Total_Experience Certifications University_PG_encoded,3974.773710018695,3974.773710018695
Passing_Year_Of_PG Current_CTC Department_encoded,3973.735907989451,3973.735907989451
Inhand_Offer Has_PG,3969.6491612281693,3969.6491612281693
Passing_Year_Of_Graduation Passing_Year_Of_PHD University_PHD_encoded,-3968.4335565722536,3968.4335565722536
No_Of_Companies_worked Role_encoded Education_Level_encoded,3964.195725307056,3964.195725307056
Total_Experience Has_PHD University_Grad_encoded,-3962.1581891550672,3962.1581891550672
Passing_Year_Of_PG No_Of_Companies_worked Education_Level_encoded,-3955.7957305110745,3955.7957305110745
Total_Experience_in_field_applied^2 No_Of_Companies_worked,3946.5039992243405,3946.5039992243405
Passing_Year_Of_Graduation Inhand_Offer Department_encoded,3945.8407555486933,3945.8407555486933
Current_CTC Number_of_Publications Department_encoded,-3936.749643994954,3936.749643994954
Passing_Year_Of_PHD Has_PG Performance_Score,-3936.519408322588,3936.519408322588
Department_encoded Organization_encoded,-3935.364327549154,3935.364327549154
Passing_Year_Of_PG Inhand_Offer Has_PG,-3931.5122439983215,3931.5122439983215
Current_CTC No_Of_Companies_worked PHD_Specialization_encoded,-3930.8323250509256,3930.8323250509256
Total_Experience_in_field_applied Field_Specialization_Ratio Education_Level_encoded,-3927.3110439171483,3927.3110439171483
No_Of_Companies_worked University_Grad_encoded Education_Level_encoded,3922.444764697807,3922.444764697807
University_Grad_encoded^2 PHD_Specialization_encoded,3922.3003511447387,3922.3003511447387
Passing_Year_Of_Graduation Certifications PG_Specialization_encoded,3914.7989423177105,3914.7989423177105
Total_Experience No_Of_Companies_worked Certifications,3913.9535924805073,3913.9535924805073
Passing_Year_Of_Graduation Department_encoded Graduation_Specialization_encoded,3912.03898088835,3912.03898088835
Industry_encoded Organization_encoded Designation_encoded,3911.3752568105238,3911.3752568105238
Passing_Year_Of_PHD Has_PHD Performance_Score,-3910.3845529812206,3910.3845529812206
Total_Experience_in_field_applied^2 University_PG_encoded,3909.6935617789736,3909.6935617789736
Passing_Year_Of_PG Passing_Year_Of_PHD PHD_Specialization_encoded,3909.0968914719974,3909.0968914719974
Passing_Year_Of_Graduation No_Of_Companies_worked University_Grad_encoded,-3907.7924001023885,3907.7924001023885
Total_Experience_in_field_applied Current_CTC University_PHD_encoded,-3905.7163752944957,3905.7163752944957
Number_of_Publications Department_encoded Role_encoded,3904.951198801239,3904.951198801239
Performance_Score^2 Industry_encoded,3901.3068140613823,3901.3068140613823
PG_Specialization_encoded University_PG_encoded Preferred_location_encoded,3894.4693256495034,3894.4693256495034
Inhand_Offer Role_encoded,-3889.8778542539767,3889.8778542539767
Passing_Year_Of_Graduation Department_encoded Role_encoded,3887.5700088192407,3887.5700088192407
Total_Experience Total_Experience_in_field_applied^2,3886.5825689664425,3886.5825689664425
Industry_encoded Graduation_Specialization_encoded^2,-3877.6756080080695,3877.6756080080695
Total_Experience_in_field_applied Has_PG University_PG_encoded,3875.124571518854,3875.124571518854
Total_Experience_in_field_applied Passing_Year_Of_Graduation Graduation_Specialization_encoded,-3873.1944888778726,3873.1944888778726
Department_encoded Role_encoded University_PHD_encoded,-3869.5144259232115,3869.5144259232115
Number_of_Publications Role_encoded University_PHD_encoded,3866.378120021326,3866.378120021326
Total_Experience_in_field_applied Graduation_Specialization_encoded,3861.242810704217,3861.242810704217
Number_of_Publications^2 Preferred_location_encoded,3861.020089823159,3861.020089823159
Passing_Year_Of_Graduation Inhand_Offer No_Of_Companies_worked,3860.037241523161,3860.037241523161
Current_CTC^2 Organization_encoded,3859.0366876218795,3859.0366876218795
Role_encoded Organization_encoded University_PG_encoded,-3853.372471071424,3853.372471071424
Has_PHD Preferred_location_encoded,-3849.5743409968413,3849.5743409968413
Total_Experience_in_field_applied Designation_encoded Education_Level_encoded,-3849.5543408527033,3849.5543408527033
Preferred_location_encoded^2 Education_Level_encoded,-3846.4832120360397,3846.4832120360397
Total_Experience Total_Experience_in_field_applied Inhand_Offer,3843.717098400507,3843.717098400507
Inhand_Offer Curent_Location_encoded^2,3843.039295361607,3843.039295361607
Field_Specialization_Ratio University_PG_encoded University_PHD_encoded,3837.7486320610647,3837.7486320610647
Passing_Year_Of_PHD^2 Inhand_Offer,3836.3630501730554,3836.3630501730554
Performance_Score^2 University_Grad_encoded,3835.1763194977225,3835.1763194977225
Field_Specialization_Ratio Designation_encoded PHD_Specialization_encoded,3829.649874672351,3829.649874672351
Total_Experience_in_field_applied Industry_encoded Designation_encoded,3828.9853261648664,3828.9853261648664
Performance_Score Graduation_Specialization_encoded University_PHD_encoded,-3823.877520311389,3823.877520311389
Field_Specialization_Ratio Has_PG Graduation_Specialization_encoded,3814.1878397691935,3814.1878397691935
Department_encoded University_PHD_encoded Education_Level_encoded,3811.7577441321355,3811.7577441321355
Field_Specialization_Ratio Department_encoded PHD_Specialization_encoded,3807.212097576801,3807.212097576801
Performance_Score Role_encoded,-3790.689766084931,3790.689766084931
University_PG_encoded^2 Education_Level_encoded,3787.263467504202,3787.263467504202
Field_Specialization_Ratio Industry_encoded Education_Level_encoded,3783.633515490459,3783.633515490459
Passing_Year_Of_Graduation Has_PHD PG_Specialization_encoded,3782.1789953347998,3782.1789953347998
Total_Experience Industry_encoded University_PG_encoded,3780.3844056315597,3780.3844056315597
No_Of_Companies_worked Organization_encoded Designation_encoded,-3776.7049285526136,3776.7049285526136
No_Of_Companies_worked Has_PHD Graduation_Specialization_encoded,3766.320193321871,3766.320193321871
Number_of_Publications Field_Specialization_Ratio Has_PHD,3764.9248810249082,3764.9248810249082
Passing_Year_Of_Graduation^2 Performance_Score,3764.8360397917886,3764.8360397917886
Passing_Year_Of_Graduation No_Of_Companies_worked University_PG_encoded,-3763.337204354595,3763.337204354595
Passing_Year_Of_Graduation Has_PHD Department_encoded,3756.0570121713226,3756.0570121713226
Passing_Year_Of_PHD Number_of_Publications Has_PHD,3749.313345149906,3749.313345149906
Performance_Score Department_encoded Education_Level_encoded,3745.250202537166,3745.250202537166
No_Of_Companies_worked Role_encoded University_PHD_encoded,3743.7095451401524,3743.7095451401524
Role_encoded^3,3743.376368496019,3743.376368496019
International_degree_any PG_Specialization_encoded University_PHD_encoded,3742.294387990144,3742.294387990144
Department_encoded PHD_Specialization_encoded Preferred_location_encoded,3741.5001450505556,3741.5001450505556
Total_Experience Designation_encoded PHD_Specialization_encoded,3737.9616656127723,3737.9616656127723
Current_CTC Department_encoded PHD_Specialization_encoded,-3736.5259804298607,3736.5259804298607
Current_CTC University_Grad_encoded Education_Level_encoded,-3731.750212378161,3731.750212378161
Passing_Year_Of_PG Current_CTC Curent_Location_encoded,3724.514953131349,3724.514953131349
Has_PG Preferred_location_encoded,-3723.3883372847,3723.3883372847
Field_Specialization_Ratio,3720.9616915009924,3720.9616915009924
Total_Experience_in_field_applied Number_of_Publications^2,-3720.548648026818,3720.548648026818
Total_Experience Designation_encoded PG_Specialization_encoded,3716.8754179738958,3716.8754179738958
Organization_encoded University_PG_encoded Preferred_location_encoded,3716.817966566672,3716.817966566672
Passing_Year_Of_PHD Number_of_Publications PG_Specialization_encoded,3715.0609008069664,3715.0609008069664
Current_CTC Curent_Location_encoded Education_Level_encoded,-3711.61062698561,3711.61062698561
Current_CTC Certifications Field_Specialization_Ratio,-3708.1515532748967,3708.1515532748967
Number_of_Publications Industry_encoded PG_Specialization_encoded,3707.448575438912,3707.448575438912
Total_Experience_in_field_applied Organization_encoded University_PG_encoded,-3703.6745786857546,3703.6745786857546
Graduation_Specialization_encoded University_PG_encoded University_PHD_encoded,3700.247221750126,3700.247221750126
Total_Experience Field_Specialization_Ratio Graduation_Specialization_encoded,3699.6094708558185,3699.6094708558185
Passing_Year_Of_Graduation University_Grad_encoded^2,-3697.2432774175013,3697.2432774175013
Graduation_Specialization_encoded Education_Level_encoded^2,3693.730968773936,3693.730968773936
Total_Experience Role_encoded Organization_encoded,3690.6589426170754,3690.6589426170754
Certifications Field_Specialization_Ratio Education_Level_encoded,-3690.2465388140035,3690.2465388140035
Field_Specialization_Ratio Organization_encoded University_PHD_encoded,3677.499636909315,3677.499636909315
Certifications Graduation_Specialization_encoded PHD_Specialization_encoded,-3676.185861544916,3676.185861544916
Certifications Industry_encoded Education_Level_encoded,3666.9816146993903,3666.9816146993903
Total_Experience Current_CTC Curent_Location_encoded,3664.8413542172075,3664.8413542172075
Passing_Year_Of_PG Number_of_Publications Education_Level_encoded,3663.972579851355,3663.972579851355
Total_Experience PHD_Specialization_encoded Preferred_location_encoded,-3660.9222156101323,3660.9222156101323
Passing_Year_Of_PHD^2 Department_encoded,-3658.1023373014696,3658.1023373014696
Total_Experience Department_encoded PG_Specialization_encoded,3657.716788370773,3657.716788370773
Designation_encoded University_PHD_encoded Education_Level_encoded,3645.3956362758277,3645.3956362758277
Education_Level_encoded^2,-3643.9405878272996,3643.9405878272996
Current_CTC^2 PG_Specialization_encoded,-3640.8154976204046,3640.8154976204046
Inhand_Offer International_degree_any,3637.6042181574203,3637.6042181574203
No_Of_Companies_worked Department_encoded^2,-3637.2795538399805,3637.2795538399805
Passing_Year_Of_Graduation Performance_Score Designation_encoded,3631.8605511789688,3631.8605511789688
Passing_Year_Of_PG^2 PG_Specialization_encoded,3622.239444120347,3622.239444120347
Total_Experience_in_field_applied No_Of_Companies_worked Role_encoded,-3618.098290349652,3618.098290349652
Number_of_Publications Certifications,-3618.056127722492,3618.056127722492
Passing_Year_Of_Graduation Passing_Year_Of_PG Graduation_Specialization_encoded,3612.347991114899,3612.347991114899
Graduation_Specialization_encoded PHD_Specialization_encoded Education_Level_encoded,3609.5177062429448,3609.5177062429448
Current_CTC University_PHD_encoded Curent_Location_encoded,3606.6876844259314,3606.6876844259314
No_Of_Companies_worked International_degree_any University_Grad_encoded,3606.2552873285404,3606.2552873285404
International_degree_any Education_Level_encoded^2,3605.501978932427,3605.501978932427
Total_Experience Passing_Year_Of_PHD Preferred_location_encoded,3603.2035938217396,3603.2035938217396
Current_CTC Number_of_Publications^2,-3601.283714763497,3601.283714763497
Total_Experience Field_Specialization_Ratio Preferred_location_encoded,3595.1574205137827,3595.1574205137827
Number_of_Publications Designation_encoded PG_Specialization_encoded,3589.576983290419,3589.576983290419
Current_CTC International_degree_any PHD_Specialization_encoded,-3584.7378751709775,3584.7378751709775
Has_PG Industry_encoded Curent_Location_encoded,3583.5539591083348,3583.5539591083348
Current_CTC Inhand_Offer Department_encoded,3583.468814212745,3583.468814212745
Total_Experience_in_field_applied Has_PG PG_Specialization_encoded,3577.2425191900334,3577.2425191900334
Current_CTC Number_of_Publications PHD_Specialization_encoded,-3576.640611046787,3576.640611046787
Current_CTC No_Of_Companies_worked Curent_Location_encoded,-3569.9618835791216,3569.9618835791216
Graduation_Specialization_encoded,3569.170165728433,3569.170165728433
Total_Experience Certifications University_PHD_encoded,3568.615754262059,3568.615754262059
Passing_Year_Of_PG^2,-3565.501487233072,3565.501487233072
Has_PHD Curent_Location_encoded,-3560.9680609954535,3560.9680609954535
PG_Specialization_encoded,3558.305611777995,3558.305611777995
Current_CTC No_Of_Companies_worked Organization_encoded,3546.718168060373,3546.718168060373
Total_Experience_in_field_applied Passing_Year_Of_PHD Education_Level_encoded,-3545.18405398759,3545.18405398759
Passing_Year_Of_PG Number_of_Publications Curent_Location_encoded,3543.7251913459695,3543.7251913459695
Passing_Year_Of_Graduation Field_Specialization_Ratio Education_Level_encoded,-3543.53501668613,3543.53501668613
Passing_Year_Of_PHD Performance_Score,3542.8739365810593,3542.8739365810593
Passing_Year_Of_Graduation University_PHD_encoded,-3542.6856335556363,3542.6856335556363
Field_Specialization_Ratio Has_PHD,-3541.587056476883,3541.587056476883
Total_Experience Has_PHD Organization_encoded,-3538.4590488114522,3538.4590488114522
Number_of_Publications Has_PG Has_PHD,3536.9695584994747,3536.9695584994747
Graduation_Specialization_encoded PG_Specialization_encoded University_PHD_encoded,3536.1615283899805,3536.1615283899805
Passing_Year_Of_PHD No_Of_Companies_worked Industry_encoded,-3536.1612828527414,3536.1612828527414
No_Of_Companies_worked International_degree_any Graduation_Specialization_encoded,-3526.471183099946,3526.471183099946
Total_Experience Number_of_Publications Has_PG,3526.30772196751,3526.30772196751
Total_Experience Inhand_Offer^2,3525.0367990380964,3525.0367990380964
No_Of_Companies_worked Curent_Location_encoded,3517.9557024413775,3517.9557024413775
Total_Experience_in_field_applied Organization_encoded^2,3516.6136213569266,3516.6136213569266
Industry_encoded Designation_encoded PG_Specialization_encoded,3514.380602574891,3514.380602574891
Field_Specialization_Ratio Graduation_Specialization_encoded,-3508.8976350237213,3508.8976350237213
Field_Specialization_Ratio Organization_encoded PHD_Specialization_encoded,3503.886447220069,3503.886447220069
Passing_Year_Of_PHD Current_CTC Graduation_Specialization_encoded,3503.726156493057,3503.726156493057
Department_encoded University_PHD_encoded^2,-3498.5879867459216,3498.5879867459216
Total_Experience Graduation_Specialization_encoded^2,3496.3504224866238,3496.3504224866238
Passing_Year_Of_Graduation Performance_Score University_PG_encoded,3495.47618431147,3495.47618431147
Total_Experience_in_field_applied Inhand_Offer Performance_Score,-3494.836779812681,3494.836779812681
Passing_Year_Of_Graduation No_Of_Companies_worked Graduation_Specialization_encoded,-3493.4257851985462,3493.4257851985462
Has_PG Curent_Location_encoded,-3488.626905877385,3488.626905877385
Total_Experience_in_field_applied Has_PHD Education_Level_encoded,-3485.746894879831,3485.746894879831
Total_Experience_in_field_applied Field_Specialization_Ratio University_PG_encoded,-3485.6450591499042,3485.6450591499042
No_Of_Companies_worked Organization_encoded,3481.2164718442955,3481.2164718442955
Total_Experience PHD_Specialization_encoded Education_Level_encoded,-3479.7698474717267,3479.7698474717267
Passing_Year_Of_PG Department_encoded Graduation_Specialization_encoded,-3479.1039637485405,3479.1039637485405
Passing_Year_Of_Graduation^2 No_Of_Companies_worked,-3477.649705987653,3477.649705987653
Current_CTC Performance_Score University_PG_encoded,-3475.2850307837107,3475.2850307837107
Performance_Score Department_encoded Role_encoded,-3475.283776335992,3475.283776335992
Passing_Year_Of_Graduation Inhand_Offer Number_of_Publications,3467.3297759532497,3467.3297759532497
Total_Experience_in_field_applied Passing_Year_Of_PG Number_of_Publications,-3464.310117207625,3464.310117207625
Has_PG Organization_encoded^2,3462.3916000849526,3462.3916000849526
Passing_Year_Of_Graduation Passing_Year_Of_PG University_PG_encoded,3459.2790213202893,3459.2790213202893
No_Of_Companies_worked Field_Specialization_Ratio Performance_Score,3458.1171251383385,3458.1171251383385
Department_encoded Preferred_location_encoded Education_Level_encoded,-3457.648746053852,3457.648746053852
Passing_Year_Of_PG Current_CTC Education_Level_encoded,-3453.662982391505,3453.662982391505
Total_Experience Industry_encoded PG_Specialization_encoded,3451.134072634576,3451.134072634576
Current_CTC International_degree_any Role_encoded,3444.3603849664473,3444.3603849664473
No_Of_Companies_worked Number_of_Publications Department_encoded,-3444.1605366898043,3444.1605366898043
Total_Experience_in_field_applied Preferred_location_encoded Education_Level_encoded,-3443.462220077392,3443.462220077392
Total_Experience Passing_Year_Of_PHD Certifications,-3439.721605443883,3439.721605443883
Passing_Year_Of_PG Number_of_Publications International_degree_any,-3438.621329043945,3438.621329043945
Total_Experience Organization_encoded Graduation_Specialization_encoded,3438.379072627517,3438.379072627517
No_Of_Companies_worked Role_encoded University_PG_encoded,3436.845429779552,3436.845429779552
Total_Experience_in_field_applied Field_Specialization_Ratio PG_Specialization_encoded,-3435.526356728009,3435.526356728009
Certifications Department_encoded University_PHD_encoded,-3433.909771925005,3433.909771925005
PG_Specialization_encoded Curent_Location_encoded Preferred_location_encoded,-3433.720104373881,3433.720104373881
Number_of_Publications Field_Specialization_Ratio University_PHD_encoded,-3433.139216511067,3433.139216511067
Certifications Designation_encoded PG_Specialization_encoded,-3430.0308125528077,3430.0308125528077
Passing_Year_Of_PG Department_encoded University_Grad_encoded,-3426.6472371840596,3426.6472371840596
International_degree_any Organization_encoded PHD_Specialization_encoded,-3426.4612721074295,3426.4612721074295
Total_Experience^2 Education_Level_encoded,-3425.0695204602284,3425.0695204602284
Passing_Year_Of_PHD No_Of_Companies_worked Curent_Location_encoded,-3421.3760801948324,3421.3760801948324
Field_Specialization_Ratio Role_encoded University_PHD_encoded,3418.5294368743,3418.5294368743
Current_CTC Organization_encoded Curent_Location_encoded,-3417.995965618503,3417.995965618503
No_Of_Companies_worked Industry_encoded Designation_encoded,-3416.1799269455755,3416.1799269455755
Passing_Year_Of_PG Department_encoded University_PG_encoded,-3416.0132537269583,3416.0132537269583
Total_Experience_in_field_applied Organization_encoded Designation_encoded,3413.1384743434705,3413.1384743434705
Industry_encoded Preferred_location_encoded,-3408.587457357166,3408.587457357166
Current_CTC Number_of_Publications Role_encoded,-3405.1532113509097,3405.1532113509097
No_Of_Companies_worked Department_encoded University_PHD_encoded,3404.299473562467,3404.299473562467
Total_Experience PHD_Specialization_encoded Curent_Location_encoded,-3402.082797691385,3402.082797691385
Organization_encoded^2 Graduation_Specialization_encoded,-3399.8666186456066,3399.8666186456066
Total_Experience Field_Specialization_Ratio Education_Level_encoded,-3399.2025138308736,3399.2025138308736
University_Grad_encoded Preferred_location_encoded,-3396.1095049967785,3396.1095049967785
No_Of_Companies_worked Number_of_Publications Organization_encoded,-3395.9881691768455,3395.9881691768455
Inhand_Offer Has_PG Has_PHD,3394.9925525131775,3394.9925525131775
Total_Experience_in_field_applied^2 PG_Specialization_encoded,3386.6016638981323,3386.6016638981323
Total_Experience Graduation_Specialization_encoded Curent_Location_encoded,3385.125206682306,3385.125206682306
Organization_encoded^2 Designation_encoded,3381.565664471523,3381.565664471523
Field_Specialization_Ratio PG_Specialization_encoded^2,3380.417582260191,3380.417582260191
University_Grad_encoded^2 University_PHD_encoded,3380.247340988295,3380.247340988295
Total_Experience Designation_encoded University_PG_encoded,3378.3996966557274,3378.3996966557274
Total_Experience_in_field_applied Passing_Year_Of_Graduation No_Of_Companies_worked,-3377.628748198051,3377.628748198051
Total_Experience Number_of_Publications^2,-3377.2409713253037,3377.2409713253037
Number_of_Publications Field_Specialization_Ratio Has_PG,3373.540242606119,3373.540242606119
Total_Experience_in_field_applied Role_encoded PHD_Specialization_encoded,-3373.4105705474453,3373.4105705474453
Inhand_Offer Organization_encoded Graduation_Specialization_encoded,3370.9706172427254,3370.9706172427254
Field_Specialization_Ratio PG_Specialization_encoded PHD_Specialization_encoded,3367.5825608492123,3367.5825608492123
Field_Specialization_Ratio PHD_Specialization_encoded Curent_Location_encoded,3358.5772286166907,3358.5772286166907
Certifications Role_encoded PHD_Specialization_encoded,-3358.0915453267557,3358.0915453267557
Total_Experience Department_encoded PHD_Specialization_encoded,3356.962071770632,3356.962071770632
Performance_Score Graduation_Specialization_encoded Education_Level_encoded,3355.7851287018716,3355.7851287018716
Passing_Year_Of_Graduation Number_of_Publications^2,-3352.7545656558796,3352.7545656558796
Current_CTC Industry_encoded University_Grad_encoded,-3351.6181606362934,3351.6181606362934
Has_PHD Organization_encoded Education_Level_encoded,-3347.4743987816087,3347.4743987816087
Total_Experience_in_field_applied Passing_Year_Of_Graduation Inhand_Offer,-3345.233884215177,3345.233884215177
Organization_encoded Graduation_Specialization_encoded Education_Level_encoded,-3344.637651147538,3344.637651147538
Passing_Year_Of_PG Current_CTC University_Grad_encoded,3337.5269950780494,3337.5269950780494
Has_PHD Designation_encoded Education_Level_encoded,-3334.3691857307235,3334.3691857307235
Passing_Year_Of_PHD Number_of_Publications Graduation_Specialization_encoded,3334.3267960165413,3334.3267960165413
Current_CTC Field_Specialization_Ratio Industry_encoded,3334.1920857252244,3334.1920857252244
Organization_encoded Designation_encoded University_PHD_encoded,-3334.076491017789,3334.076491017789
Passing_Year_Of_Graduation No_Of_Companies_worked Industry_encoded,-3334.050404975842,3334.050404975842
Total_Experience_in_field_applied Department_encoded Industry_encoded,3332.385607106524,3332.385607106524
Inhand_Offer Department_encoded^2,-3331.2501748691725,3331.2501748691725
Field_Specialization_Ratio Designation_encoded^2,-3331.0343210970186,3331.0343210970186
University_PHD_encoded^2 Preferred_location_encoded,-3330.2941465085305,3330.2941465085305
Current_CTC Field_Specialization_Ratio University_Grad_encoded,-3326.0452933164242,3326.0452933164242
Total_Experience_in_field_applied Has_PHD Performance_Score,3325.632531024759,3325.632531024759
Passing_Year_Of_PG Current_CTC PHD_Specialization_encoded,3324.972392354664,3324.972392354664
Passing_Year_Of_Graduation Certifications University_PG_encoded,3324.8581363242556,3324.8581363242556
Total_Experience No_Of_Companies_worked Organization_encoded,3323.691537278719,3323.691537278719
Total_Experience_in_field_applied Current_CTC Graduation_Specialization_encoded,3320.8046853788182,3320.8046853788182
Organization_encoded University_PHD_encoded Curent_Location_encoded,-3319.3918210106717,3319.3918210106717
Number_of_Publications Organization_encoded University_PHD_encoded,3315.755736815933,3315.755736815933
Department_encoded PG_Specialization_encoded,3307.1324516226473,3307.1324516226473
International_degree_any Preferred_location_encoded^2,3307.11622392886,3307.11622392886
Total_Experience_in_field_applied Field_Specialization_Ratio University_Grad_encoded,-3306.34696820733,3306.34696820733
Organization_encoded^2 University_PHD_encoded,-3305.0072140185644,3305.0072140185644
Organization_encoded Designation_encoded University_PG_encoded,-3294.5248975257277,3294.5248975257277
Passing_Year_Of_PHD Role_encoded,-3293.227339055869,3293.227339055869
Certifications Role_encoded Industry_encoded,-3285.1487197124566,3285.1487197124566
Total_Experience_in_field_applied Passing_Year_Of_Graduation University_Grad_encoded,-3281.5651533286386,3281.5651533286386
Organization_encoded University_Grad_encoded University_PHD_encoded,-3280.134193208882,3280.134193208882
No_Of_Companies_worked^2 Certifications,-3277.8707995564077,3277.8707995564077
Passing_Year_Of_PG Current_CTC Preferred_location_encoded,3276.7790798789215,3276.7790798789215
Performance_Score Designation_encoded^2,3275.0419583704,3275.0419583704
Total_Experience Passing_Year_Of_PHD Performance_Score,3273.0463946889236,3273.0463946889236
No_Of_Companies_worked Designation_encoded University_PHD_encoded,3271.2712055498455,3271.2712055498455
Passing_Year_Of_PG No_Of_Companies_worked International_degree_any,-3258.8284845702547,3258.8284845702547
Has_PHD Department_encoded Designation_encoded,3254.653905894593,3254.653905894593
Has_PHD Department_encoded Role_encoded,3253.651770610206,3253.651770610206
Total_Experience_in_field_applied Has_PG University_Grad_encoded,3249.1186177305,3249.1186177305
Graduation_Specialization_encoded^2 PG_Specialization_encoded,3248.9377523420153,3248.9377523420153
Total_Experience International_degree_any Graduation_Specialization_encoded,3245.27209972265,3245.27209972265
Current_CTC Designation_encoded Curent_Location_encoded,-3242.2909687386536,3242.2909687386536
No_Of_Companies_worked Has_PHD University_Grad_encoded,3240.4518437870092,3240.4518437870092
Passing_Year_Of_Graduation Has_PHD University_PG_encoded,3235.764930491007,3235.764930491007
Total_Experience_in_field_applied Field_Specialization_Ratio Curent_Location_encoded,-3233.926907472373,3233.926907472373
Total_Experience_in_field_applied Current_CTC Preferred_location_encoded,-3232.544066626579,3232.544066626579
Total_Experience Graduation_Specialization_encoded PHD_Specialization_encoded,3231.6907078023496,3231.6907078023496
Inhand_Offer Performance_Score,3231.281044122604,3231.281044122604
Total_Experience International_degree_any Organization_encoded,3229.112236657016,3229.112236657016
No_Of_Companies_worked Field_Specialization_Ratio Graduation_Specialization_encoded,3227.394792857616,3227.394792857616
Total_Experience_in_field_applied Has_PHD University_Grad_encoded,3226.6005278434072,3226.6005278434072
Performance_Score PG_Specialization_encoded,3224.9617502214237,3224.9617502214237
Total_Experience No_Of_Companies_worked^2,-3224.7042450524123,3224.7042450524123
Current_CTC No_Of_Companies_worked Industry_encoded,3223.642416126137,3223.642416126137
Has_PG Role_encoded Industry_encoded,3219.88826306039,3219.88826306039
Current_CTC Department_encoded Curent_Location_encoded,-3218.5737039528244,3218.5737039528244
Current_CTC Designation_encoded PG_Specialization_encoded,-3217.29118746733,3217.29118746733
Has_PG University_Grad_encoded,-3217.2593469578414,3217.2593469578414
No_Of_Companies_worked Performance_Score PHD_Specialization_encoded,-3216.854727634901,3216.854727634901
Passing_Year_Of_Graduation Passing_Year_Of_PG No_Of_Companies_worked,-3214.1865019333854,3214.1865019333854
No_Of_Companies_worked Preferred_location_encoded,3213.7411342209107,3213.7411342209107
Total_Experience_in_field_applied^2 Curent_Location_encoded,3213.18487194115,3213.18487194115
Total_Experience Role_encoded University_PG_encoded,3208.4476806090483,3208.4476806090483
Current_CTC Organization_encoded Graduation_Specialization_encoded,-3202.3810609915427,3202.3810609915427
Number_of_Publications Has_PG,3200.942206684359,3200.942206684359
Passing_Year_Of_PHD Designation_encoded,-3197.8219705058473,3197.8219705058473
Department_encoded Role_encoded Education_Level_encoded,-3196.1190594783297,3196.1190594783297
Graduation_Specialization_encoded PG_Specialization_encoded Curent_Location_encoded,3180.8041935566857,3180.8041935566857
Total_Experience Passing_Year_Of_PG University_PG_encoded,-3180.7157939158133,3180.7157939158133
Total_Experience_in_field_applied Field_Specialization_Ratio Preferred_location_encoded,-3179.9697094361427,3179.9697094361427
Total_Experience Certifications,-3177.6372364316926,3177.6372364316926
Performance_Score^2 Organization_encoded,3167.4478291036235,3167.4478291036235
Total_Experience_in_field_applied Passing_Year_Of_Graduation Performance_Score,-3164.834400312817,3164.834400312817
Total_Experience_in_field_applied^2 Preferred_location_encoded,3161.227336194835,3161.227336194835
Inhand_Offer Performance_Score Designation_encoded,-3160.0588986157936,3160.0588986157936
Department_encoded University_PG_encoded Curent_Location_encoded,-3159.9191315862868,3159.9191315862868
Organization_encoded PHD_Specialization_encoded Education_Level_encoded,3158.5590247889654,3158.5590247889654
Total_Experience University_PG_encoded Education_Level_encoded,-3155.7175368040703,3155.7175368040703
Field_Specialization_Ratio University_Grad_encoded PG_Specialization_encoded,-3154.037400373345,3154.037400373345
Inhand_Offer Curent_Location_encoded Preferred_location_encoded,-3147.4163454054724,3147.4163454054724
Field_Specialization_Ratio^2 Role_encoded,3142.5342500341962,3142.5342500341962
Total_Experience Number_of_Publications Field_Specialization_Ratio,-3141.125528306342,3141.125528306342
Total_Experience_in_field_applied No_Of_Companies_worked Number_of_Publications,-3139.4497403927166,3139.4497403927166
Passing_Year_Of_Graduation Graduation_Specialization_encoded Education_Level_encoded,-3135.9645261852384,3135.9645261852384
Total_Experience Has_PHD^2,3135.247818419883,3135.247818419883
Passing_Year_Of_PHD No_Of_Companies_worked Role_encoded,-3131.297594204663,3131.297594204663
Total_Experience_in_field_applied Number_of_Publications Industry_encoded,3129.5235826524104,3129.5235826524104
Passing_Year_Of_Graduation Passing_Year_Of_PHD University_PG_encoded,3127.9665027930596,3127.9665027930596
Certifications Has_PG Performance_Score,-3126.039364885962,3126.039364885962
Total_Experience_in_field_applied Has_PG Preferred_location_encoded,3125.3297024378116,3125.3297024378116
Role_encoded Designation_encoded Curent_Location_encoded,-3120.9930191375065,3120.9930191375065
Passing_Year_Of_PG Number_of_Publications Has_PG,-3116.6212589358647,3116.6212589358647
Has_PHD Department_encoded PHD_Specialization_encoded,3115.975004841913,3115.975004841913
Passing_Year_Of_PHD Field_Specialization_Ratio Curent_Location_encoded,-3110.4898319358344,3110.4898319358344
Passing_Year_Of_Graduation Passing_Year_Of_PHD PG_Specialization_encoded,3105.960406257495,3105.960406257495
Total_Experience Has_PHD Industry_encoded,-3102.927182528987,3102.927182528987
Total_Experience_in_field_applied Passing_Year_Of_PHD Number_of_Publications,-3100.76189774993,3100.76189774993
Has_PG Role_encoded Organization_encoded,3099.6476431647084,3099.6476431647084
Current_CTC Designation_encoded Graduation_Specialization_encoded,-3091.146471452185,3091.146471452185
Passing_Year_Of_PG Current_CTC Field_Specialization_Ratio,3089.587575418924,3089.587575418924
Has_PHD Performance_Score Preferred_location_encoded,-3089.517947214468,3089.517947214468
Total_Experience University_Grad_encoded University_PG_encoded,3087.8752699344495,3087.8752699344495
Has_PG Organization_encoded Designation_encoded,3086.543711036005,3086.543711036005
Total_Experience PG_Specialization_encoded Education_Level_encoded,-3086.1523506851418,3086.1523506851418
Total_Experience_in_field_applied Number_of_Publications Education_Level_encoded,-3085.977435410841,3085.977435410841
Number_of_Publications Industry_encoded Graduation_Specialization_encoded,-3085.88861571227,3085.88861571227
No_Of_Companies_worked Has_PG Designation_encoded,3083.877277396453,3083.877277396453
Passing_Year_Of_Graduation Inhand_Offer Education_Level_encoded,-3077.230518497694,3077.230518497694
Current_CTC University_Grad_encoded Curent_Location_encoded,-3076.2098651708156,3076.2098651708156
Number_of_Publications Industry_encoded PHD_Specialization_encoded,-3075.4778609848395,3075.4778609848395
Number_of_Publications Has_PHD Organization_encoded,-3074.701992214033,3074.701992214033
Number_of_Publications International_degree_any University_PHD_encoded,3074.2745351189924,3074.2745351189924
Total_Experience_in_field_applied Graduation_Specialization_encoded Education_Level_encoded,3073.4009151616297,3073.4009151616297
Total_Experience_in_field_applied Has_PHD Graduation_Specialization_encoded,3068.031065716803,3068.031065716803
Graduation_Specialization_encoded PG_Specialization_encoded PHD_Specialization_encoded,3065.939866454953,3065.939866454953
Inhand_Offer Role_encoded University_PHD_encoded,3065.590832680708,3065.590832680708
Passing_Year_Of_Graduation^2 International_degree_any,-3063.216304603755,3063.216304603755
Passing_Year_Of_Graduation Number_of_Publications Education_Level_encoded,-3061.9458543076103,3061.9458543076103
Current_CTC Certifications Industry_encoded,3061.5166418474005,3061.5166418474005
Field_Specialization_Ratio Performance_Score Preferred_location_encoded,-3057.9853138627814,3057.9853138627814
Passing_Year_Of_Graduation University_Grad_encoded University_PG_encoded,-3056.6807548001043,3056.6807548001043
Passing_Year_Of_PG Number_of_Publications Performance_Score,-3053.67947759162,3053.67947759162
Industry_encoded Designation_encoded Education_Level_encoded,-3048.363138749609,3048.363138749609
Field_Specialization_Ratio University_PG_encoded Preferred_location_encoded,3046.518650256414,3046.518650256414
Total_Experience_in_field_applied Has_PHD PG_Specialization_encoded,3039.56662413999,3039.56662413999
Number_of_Publications Curent_Location_encoded^2,-3038.0635125133276,3038.0635125133276
Certifications PHD_Specialization_encoded University_PHD_encoded,3037.9194851411457,3037.9194851411457
Total_Experience Performance_Score Designation_encoded,-3037.0880478260005,3037.0880478260005
No_Of_Companies_worked PHD_Specialization_encoded University_PHD_encoded,3034.5892880630904,3034.5892880630904
PHD_Specialization_encoded^2 University_PHD_encoded,-3034.0851310524868,3034.0851310524868
University_PG_encoded,3032.521200561974,3032.521200561974
Current_CTC Certifications Curent_Location_encoded,-3028.8286768924086,3028.8286768924086
Total_Experience Organization_encoded PHD_Specialization_encoded,3028.4991759683817,3028.4991759683817
Passing_Year_Of_PHD Number_of_Publications^2,3026.474852265763,3026.474852265763
No_Of_Companies_worked Has_PG Preferred_location_encoded,3021.2370433004753,3021.2370433004753
Number_of_Publications Has_PHD Department_encoded,-3020.8428303065793,3020.8428303065793
Passing_Year_Of_PG Has_PHD University_PHD_encoded,3018.2279846956603,3018.2279846956603
Total_Experience Passing_Year_Of_PG PHD_Specialization_encoded,-3017.1926015871422,3017.1926015871422
Graduation_Specialization_encoded Curent_Location_encoded^2,3014.4846577842245,3014.4846577842245
Number_of_Publications Certifications Industry_encoded,-3013.379986692669,3013.379986692669
Department_encoded Organization_encoded University_PHD_encoded,-3013.226818822665,3013.226818822665
Designation_encoded Graduation_Specialization_encoded Education_Level_encoded,-3009.6917289534113,3009.6917289534113
Total_Experience_in_field_applied Curent_Location_encoded Preferred_location_encoded,3009.04500907461,3009.04500907461
Field_Specialization_Ratio Organization_encoded,-3006.4560653653457,3006.4560653653457
Total_Experience_in_field_applied Passing_Year_Of_Graduation Department_encoded,-3002.1069592832077,3002.1069592832077
University_PHD_encoded Preferred_location_encoded Education_Level_encoded,3000.8865897467776,3000.8865897467776
Total_Experience_in_field_applied Number_of_Publications Organization_encoded,3000.7980956420283,3000.7980956420283
Field_Specialization_Ratio Preferred_location_encoded Education_Level_encoded,3000.2398097676923,3000.2398097676923
Total_Experience_in_field_applied Inhand_Offer Role_encoded,-2999.5115307115116,2999.5115307115116
Department_encoded Role_encoded Graduation_Specialization_encoded,-2999.1251525434122,2999.1251525434122
Inhand_Offer Field_Specialization_Ratio Has_PHD,2998.350543432876,2998.350543432876
Has_PG Industry_encoded University_Grad_encoded,2998.0623972732224,2998.0623972732224
International_degree_any PHD_Specialization_encoded Curent_Location_encoded,-2997.1415200095785,2997.1415200095785
Total_Experience_in_field_applied PHD_Specialization_encoded Education_Level_encoded,2995.390221500572,2995.390221500572
Passing_Year_Of_Graduation University_Grad_encoded PHD_Specialization_encoded,-2993.9768119079627,2993.9768119079627
Total_Experience Passing_Year_Of_PHD University_PHD_encoded,2993.8896250177368,2993.8896250177368
Current_CTC University_Grad_encoded Preferred_location_encoded,-2993.0053469979252,2993.0053469979252
University_PHD_encoded,2992.9530659933343,2992.9530659933343
Total_Experience_in_field_applied Inhand_Offer Has_PG,-2989.086694166701,2989.086694166701
University_Grad_encoded,2987.559287208834,2987.559287208834
Designation_encoded Graduation_Specialization_encoded Preferred_location_encoded,2986.899156662177,2986.899156662177
Total_Experience Has_PG Department_encoded,2984.5073598715726,2984.5073598715726
Number_of_Publications Field_Specialization_Ratio PHD_Specialization_encoded,-2984.292201810384,2984.292201810384
Total_Experience_in_field_applied Passing_Year_Of_PG Inhand_Offer,-2984.2737637098426,2984.2737637098426
Passing_Year_Of_Graduation International_degree_any Performance_Score,2980.7310178734538,2980.7310178734538
Passing_Year_Of_PG Organization_encoded,-2980.1067475456853,2980.1067475456853
Total_Experience_in_field_applied Graduation_Specialization_encoded University_PHD_encoded,2975.225430362427,2975.225430362427
University_Grad_encoded^2,-2974.786400084811,2974.786400084811
Certifications Preferred_location_encoded Education_Level_encoded,-2973.714272173789,2973.714272173789
Total_Experience_in_field_applied^2 Has_PHD,-2972.642442529066,2972.642442529066
Role_encoded Designation_encoded University_PHD_encoded,-2970.9601093086517,2970.9601093086517
Organization_encoded Graduation_Specialization_encoded PHD_Specialization_encoded,2964.0625401213074,2964.0625401213074
No_Of_Companies_worked Industry_encoded Organization_encoded,-2958.151816811835,2958.151816811835
Role_encoded^2 Graduation_Specialization_encoded,-2957.72568745717,2957.72568745717
Passing_Year_Of_PHD Certifications Graduation_Specialization_encoded,2956.178798714087,2956.178798714087
No_Of_Companies_worked University_PHD_encoded Preferred_location_encoded,2955.064715879022,2955.064715879022
Inhand_Offer Number_of_Publications Field_Specialization_Ratio,2954.666274631283,2954.666274631283
University_Grad_encoded University_PG_encoded,-2952.2878242957427,2952.2878242957427
Total_Experience_in_field_applied International_degree_any Designation_encoded,2950.2328615472034,2950.2328615472034
Role_encoded PHD_Specialization_encoded,2949.4711522516222,2949.4711522516222
Passing_Year_Of_Graduation Inhand_Offer University_PHD_encoded,-2948.0153594205876,2948.0153594205876
Industry_encoded University_PHD_encoded^2,-2947.4562775813524,2947.4562775813524
Total_Experience_in_field_applied Inhand_Offer PHD_Specialization_encoded,2946.4112613560214,2946.4112613560214
Passing_Year_Of_Graduation Graduation_Specialization_encoded PHD_Specialization_encoded,-2945.9570163410785,2945.9570163410785
No_Of_Companies_worked Designation_encoded Education_Level_encoded,2940.4968830223156,2940.4968830223156
Total_Experience_in_field_applied Has_PHD^2,2940.2148244511604,2940.2148244511604
No_Of_Companies_worked University_PG_encoded University_PHD_encoded,2940.1182922940325,2940.1182922940325
Curent_Location_encoded Education_Level_encoded^2,2939.9324598632193,2939.9324598632193
Field_Specialization_Ratio University_PHD_encoded Preferred_location_encoded,2938.8190441979823,2938.8190441979823
Industry_encoded University_PG_encoded^2,-2937.7278125337493,2937.7278125337493
Passing_Year_Of_PHD No_Of_Companies_worked PG_Specialization_encoded,-2937.5401075886757,2937.5401075886757
Current_CTC Certifications Organization_encoded,2935.755230760648,2935.755230760648
Total_Experience_in_field_applied Passing_Year_Of_PHD Inhand_Offer,-2935.6874599174052,2935.6874599174052
Field_Specialization_Ratio^2 University_Grad_encoded,-2935.541614538612,2935.541614538612
Inhand_Offer PHD_Specialization_encoded Education_Level_encoded,-2934.811820382214,2934.811820382214
Total_Experience Passing_Year_Of_PHD Curent_Location_encoded,2934.5125674906294,2934.5125674906294
Passing_Year_Of_PG Organization_encoded University_PHD_encoded,2930.019610957426,2930.019610957426
Number_of_Publications Organization_encoded Curent_Location_encoded,2929.709559799149,2929.709559799149
Number_of_Publications Role_encoded^2,2928.455173690403,2928.455173690403
Total_Experience International_degree_any Role_encoded,-2921.7562942738978,2921.7562942738978
Has_PG Industry_encoded Designation_encoded,2919.7193819537933,2919.7193819537933
Passing_Year_Of_PG International_degree_any,2919.4398239615566,2919.4398239615566
Inhand_Offer^2 Number_of_Publications,-2917.9356584934103,2917.9356584934103
Current_CTC Designation_encoded Education_Level_encoded,2916.355010358367,2916.355010358367
Field_Specialization_Ratio^2 Department_encoded,2916.278013082949,2916.278013082949
Performance_Score Organization_encoded PHD_Specialization_encoded,-2913.6918746451006,2913.6918746451006
Field_Specialization_Ratio Designation_encoded Education_Level_encoded,2913.5916749052226,2913.5916749052226
Organization_encoded^2 University_PG_encoded,-2912.5181409497263,2912.5181409497263
Organization_encoded University_PG_encoded University_PHD_encoded,-2912.233456470686,2912.233456470686
Number_of_Publications PG_Specialization_encoded University_PHD_encoded,2912.0888940752225,2912.0888940752225
Passing_Year_Of_Graduation Passing_Year_Of_PHD Number_of_Publications,-2911.6571899374044,2911.6571899374044
Passing_Year_Of_PHD Current_CTC Organization_encoded,2908.732839127203,2908.732839127203
Role_encoded Preferred_location_encoded,-2906.0687474234073,2906.0687474234073
Role_encoded Graduation_Specialization_encoded University_Grad_encoded,-2906.0178570828893,2906.0178570828893
Passing_Year_Of_PG PG_Specialization_encoded^2,-2905.2480409176496,2905.2480409176496
Passing_Year_Of_PG Field_Specialization_Ratio Curent_Location_encoded,-2901.8221276910936,2901.8221276910936
Current_CTC Has_PHD Graduation_Specialization_encoded,2898.1269108939487,2898.1269108939487
Passing_Year_Of_PG Department_encoded PHD_Specialization_encoded,-2896.5461664139293,2896.5461664139293
Current_CTC Role_encoded PHD_Specialization_encoded,-2889.874889349143,2889.874889349143
Passing_Year_Of_Graduation University_PHD_encoded^2,2888.702887522736,2888.702887522736
Certifications Industry_encoded^2,-2888.0440742997475,2888.0440742997475
Field_Specialization_Ratio Department_encoded University_PHD_encoded,2887.3249030063143,2887.3249030063143
Number_of_Publications International_degree_any PG_Specialization_encoded,-2884.9045105307223,2884.9045105307223
Number_of_Publications^2 Designation_encoded,2883.108980959687,2883.108980959687
Total_Experience_in_field_applied Has_PHD Role_encoded,2881.4984094338647,2881.4984094338647
International_degree_any University_PHD_encoded Curent_Location_encoded,-2880.798874999716,2880.798874999716
Total_Experience_in_field_applied Current_CTC Has_PHD,-2880.642106351301,2880.642106351301
Department_encoded University_PG_encoded,2877.1579386304716,2877.1579386304716
Has_PG Department_encoded Curent_Location_encoded,2876.2717563472415,2876.2717563472415
Passing_Year_Of_Graduation^2 University_Grad_encoded,2871.1624498375286,2871.1624498375286
Graduation_Specialization_encoded PHD_Specialization_encoded^2,2867.7815196256265,2867.7815196256265
Role_encoded University_PHD_encoded,2867.061298945431,2867.061298945431
Organization_encoded^2 PHD_Specialization_encoded,-2866.886672261551,2866.886672261551
Passing_Year_Of_PHD Number_of_Publications University_PG_encoded,2860.885387295557,2860.885387295557
Field_Specialization_Ratio^2 Has_PG,2857.2762745457235,2857.2762745457235
PG_Specialization_encoded^2 Education_Level_encoded,2855.02713256024,2855.02713256024
Field_Specialization_Ratio Organization_encoded^2,-2854.6963633798064,2854.6963633798064
Current_CTC Designation_encoded PHD_Specialization_encoded,-2849.4990996274964,2849.4990996274964
Performance_Score Organization_encoded,-2847.9203057936256,2847.9203057936256
Number_of_Publications Field_Specialization_Ratio^2,2846.320465235973,2846.320465235973
Passing_Year_Of_PG University_PHD_encoded Education_Level_encoded,2846.2255393244745,2846.2255393244745
Passing_Year_Of_PHD Inhand_Offer^2,2840.471241772463,2840.471241772463
Passing_Year_Of_Graduation Designation_encoded Education_Level_encoded,-2838.5133544818405,2838.5133544818405
Field_Specialization_Ratio^2 Has_PHD,2838.412870645548,2838.412870645548
Field_Specialization_Ratio Department_encoded University_Grad_encoded,2835.157426889557,2835.157426889557
Total_Experience Total_Experience_in_field_applied University_PG_encoded,-2832.770381273669,2832.770381273669
Number_of_Publications^2 Industry_encoded,2831.3850943065054,2831.3850943065054
Current_CTC University_PG_encoded PHD_Specialization_encoded,2831.3023989564153,2831.3023989564153
Number_of_Publications Field_Specialization_Ratio Graduation_Specialization_encoded,2830.8988623406663,2830.8988623406663
Passing_Year_Of_Graduation Has_PG Department_encoded,2823.199413922292,2823.199413922292
Passing_Year_Of_Graduation Number_of_Publications Performance_Score,2822.9462458434587,2822.9462458434587
Passing_Year_Of_PG Field_Specialization_Ratio^2,-2821.960051754581,2821.960051754581
Total_Experience Organization_encoded University_PG_encoded,2820.2063051316363,2820.2063051316363
Passing_Year_Of_PG Field_Specialization_Ratio PG_Specialization_encoded,-2819.0407057342636,2819.0407057342636
Field_Specialization_Ratio Role_encoded Curent_Location_encoded,2818.256899828005,2818.256899828005
Passing_Year_Of_Graduation Field_Specialization_Ratio Has_PG,2815.415839437257,2815.415839437257
Number_of_Publications Department_encoded Curent_Location_encoded,2815.274468786585,2815.274468786585
Current_CTC Inhand_Offer Graduation_Specialization_encoded,-2813.5102923296017,2813.5102923296017
Passing_Year_Of_PG Has_PG^2,2810.189980995604,2810.189980995604
Has_PG PG_Specialization_encoded^2,-2805.797170770448,2805.797170770448
Inhand_Offer^2 Graduation_Specialization_encoded,2805.0425256600015,2805.0425256600015
Total_Experience Graduation_Specialization_encoded University_PHD_encoded,2800.8705618155204,2800.8705618155204
Current_CTC Has_PHD Preferred_location_encoded,2800.341487942098,2800.341487942098
Current_CTC Certifications Designation_encoded,2797.4113992540883,2797.4113992540883
Passing_Year_Of_Graduation No_Of_Companies_worked Department_encoded,-2796.302690755593,2796.302690755593
Has_PHD Role_encoded Industry_encoded,2791.26495385508,2791.26495385508
Total_Experience_in_field_applied International_degree_any Preferred_location_encoded,-2790.3587600749006,2790.3587600749006
Total_Experience Preferred_location_encoded^2,-2786.7694140384006,2786.7694140384006
Total_Experience Preferred_location_encoded Education_Level_encoded,-2780.7869328230017,2780.7869328230017
Department_encoded PG_Specialization_encoded Preferred_location_encoded,-2777.6474224476497,2777.6474224476497
No_Of_Companies_worked Field_Specialization_Ratio,-2776.7934088452002,2776.7934088452002
Total_Experience University_PHD_encoded^2,-2773.3314227180017,2773.3314227180017
Certifications University_Grad_encoded Education_Level_encoded,-2772.936613906556,2772.936613906556
Passing_Year_Of_PG Current_CTC Number_of_Publications,2772.8521703312776,2772.8521703312776
Current_CTC Inhand_Offer Designation_encoded,2770.800300145683,2770.800300145683
Passing_Year_Of_Graduation Field_Specialization_Ratio Department_encoded,2766.21911372516,2766.21911372516
Passing_Year_Of_PG Passing_Year_Of_PHD Has_PHD,2763.348183913328,2763.348183913328
International_degree_any Designation_encoded PG_Specialization_encoded,-2763.256800071867,2763.256800071867
Total_Experience Has_PHD Curent_Location_encoded,-2761.7737193523653,2761.7737193523653
Passing_Year_Of_PHD Number_of_Publications University_Grad_encoded,2761.7385992421596,2761.7385992421596
Total_Experience Number_of_Publications Has_PHD,2761.5040473997656,2761.5040473997656
Total_Experience PHD_Specialization_encoded University_PHD_encoded,-2756.9744508675344,2756.9744508675344
No_Of_Companies_worked Performance_Score Education_Level_encoded,2752.6388822345602,2752.6388822345602
No_Of_Companies_worked University_PHD_encoded^2,2752.2923297029356,2752.2923297029356
Industry_encoded^2 Curent_Location_encoded,-2752.0609971155955,2752.0609971155955
Total_Experience_in_field_applied Has_PHD University_PG_encoded,2749.5203815775712,2749.5203815775712
Total_Experience_in_field_applied Has_PG University_PHD_encoded,2745.3966060826665,2745.3966060826665
Inhand_Offer No_Of_Companies_worked Organization_encoded,2743.993324170811,2743.993324170811
Industry_encoded University_PG_encoded University_PHD_encoded,-2743.952761843531,2743.952761843531
Field_Specialization_Ratio Performance_Score Role_encoded,-2743.4449726993626,2743.4449726993626
Total_Experience Certifications Has_PHD,-2743.0009180996553,2743.0009180996553
Department_encoded University_PG_encoded Education_Level_encoded,2742.136084724229,2742.136084724229
No_Of_Companies_worked Number_of_Publications University_PHD_encoded,-2741.4860764818072,2741.4860764818072
Designation_encoded PG_Specialization_encoded PHD_Specialization_encoded,-2741.444553935343,2741.444553935343
Passing_Year_Of_PG Industry_encoded,-2738.9847790567715,2738.9847790567715
Field_Specialization_Ratio Curent_Location_encoded^2,2735.903621848908,2735.903621848908
Current_CTC Role_encoded University_PG_encoded,-2732.9940525312527,2732.9940525312527
International_degree_any Graduation_Specialization_encoded University_PG_encoded,-2732.412804918639,2732.412804918639
Total_Experience Number_of_Publications,2731.7482472484394,2731.7482472484394
Designation_encoded Preferred_location_encoded Education_Level_encoded,2730.6666700706564,2730.6666700706564
Number_of_Publications Department_encoded Education_Level_encoded,-2723.585476949219,2723.585476949219
Inhand_Offer Department_encoded,-2722.017487486058,2722.017487486058
Number_of_Publications University_Grad_encoded University_PG_encoded,2721.3028898833713,2721.3028898833713
Passing_Year_Of_PG Inhand_Offer Certifications,-2720.6837965521268,2720.6837965521268
Field_Specialization_Ratio Graduation_Specialization_encoded Education_Level_encoded,2720.0313253834724,2720.0313253834724
Total_Experience Graduation_Specialization_encoded PG_Specialization_encoded,2719.753561658014,2719.753561658014
Inhand_Offer University_PG_encoded University_PHD_encoded,2719.5887886941946,2719.5887886941946
University_Grad_encoded^2 Education_Level_encoded,2716.4725530688966,2716.4725530688966
Passing_Year_Of_PG Certifications Designation_encoded,2715.8833878443793,2715.8833878443793
Inhand_Offer^2 Certifications,-2714.9749394941323,2714.9749394941323
Passing_Year_Of_PHD Education_Level_encoded,-2714.1371358033384,2714.1371358033384
Total_Experience_in_field_applied International_degree_any Curent_Location_encoded,-2713.4095500230133,2713.4095500230133
Passing_Year_Of_PG^2 Certifications,2712.9085475577076,2712.9085475577076
Total_Experience_in_field_applied Department_encoded Role_encoded,2712.811717477351,2712.811717477351
Current_CTC Organization_encoded University_PG_encoded,-2711.813088207641,2711.813088207641
Number_of_Publications PHD_Specialization_encoded Preferred_location_encoded,2709.56797895958,2709.56797895958
Passing_Year_Of_PHD Certifications University_Grad_encoded,2706.3439768253875,2706.3439768253875
Role_encoded Organization_encoded University_PHD_encoded,-2705.967478888968,2705.967478888968
Performance_Score Graduation_Specialization_encoded^2,-2704.357451459426,2704.357451459426
Inhand_Offer^2 PG_Specialization_encoded,2703.2377041398427,2703.2377041398427
Passing_Year_Of_Graduation Industry_encoded Curent_Location_encoded,2703.1468266071847,2703.1468266071847
Passing_Year_Of_PHD No_Of_Companies_worked Designation_encoded,-2703.143417705105,2703.143417705105
Industry_encoded PG_Specialization_encoded,2702.024109813176,2702.024109813176
Certifications University_PG_encoded,-2698.059149253418,2698.059149253418
Passing_Year_Of_PG^2 Graduation_Specialization_encoded,2697.836402971383,2697.836402971383
Inhand_Offer Department_encoded Preferred_location_encoded,2696.4439491800363,2696.4439491800363
Role_encoded PG_Specialization_encoded^2,2696.111187445282,2696.111187445282
University_Grad_encoded^2 PG_Specialization_encoded,2695.5964911547753,2695.5964911547753
Current_CTC PG_Specialization_encoded^2,-2695.400217741508,2695.400217741508
Passing_Year_Of_PG Field_Specialization_Ratio Preferred_location_encoded,-2689.2541514162685,2689.2541514162685
Current_CTC Performance_Score Organization_encoded,2687.2367085005794,2687.2367085005794
Number_of_Publications University_Grad_encoded^2,2686.01935941936,2686.01935941936
International_degree_any Performance_Score Education_Level_encoded,-2683.0338827582773,2683.0338827582773
Inhand_Offer University_Grad_encoded^2,2680.522470661774,2680.522470661774
International_degree_any University_Grad_encoded^2,-2679.995751019613,2679.995751019613
Field_Specialization_Ratio Performance_Score^2,2679.920478353128,2679.920478353128
Current_CTC Performance_Score Industry_encoded,2679.5128646130543,2679.5128646130543
Role_encoded Industry_encoded University_PG_encoded,-2675.9264976858026,2675.9264976858026
Industry_encoded PG_Specialization_encoded PHD_Specialization_encoded,-2669.6312487465557,2669.6312487465557
Number_of_Publications Performance_Score Industry_encoded,-2669.1811550795614,2669.1811550795614
Performance_Score Designation_encoded,-2665.6131391169292,2665.6131391169292
Total_Experience_in_field_applied Industry_encoded^2,-2658.922471045121,2658.922471045121
Passing_Year_Of_Graduation Has_PHD Graduation_Specialization_encoded,2656.5400405918062,2656.5400405918062
Passing_Year_Of_PG^2 University_PG_encoded,2655.8522486047177,2655.8522486047177
Number_of_Publications University_PHD_encoded^2,-2654.8439549000623,2654.8439549000623
Department_encoded Designation_encoded University_PG_encoded,-2654.722130539346,2654.722130539346
Total_Experience_in_field_applied Passing_Year_Of_Graduation PHD_Specialization_encoded,-2654.376493691789,2654.376493691789
Total_Experience_in_field_applied^2 Inhand_Offer,2653.9310019027075,2653.9310019027075
Total_Experience_in_field_applied Current_CTC PG_Specialization_encoded,2651.3383577800973,2651.3383577800973
Total_Experience_in_field_applied Organization_encoded University_PHD_encoded,-2650.2300057878438,2650.2300057878438
International_degree_any University_Grad_encoded PHD_Specialization_encoded,2649.038073566469,2649.038073566469
Has_PHD^2 PHD_Specialization_encoded,2646.736325791164,2646.736325791164
Passing_Year_Of_Graduation Number_of_Publications Certifications,2639.6535237707994,2639.6535237707994
Total_Experience_in_field_applied Performance_Score Role_encoded,2639.411684123515,2639.411684123515
University_Grad_encoded University_PHD_encoded Education_Level_encoded,2639.3236700218863,2639.3236700218863
Total_Experience Current_CTC Industry_encoded,-2639.121641875618,2639.121641875618
Passing_Year_Of_PG Organization_encoded University_PG_encoded,2636.109798534825,2636.109798534825
Total_Experience Inhand_Offer No_Of_Companies_worked,-2635.4925196100653,2635.4925196100653
Inhand_Offer Organization_encoded PG_Specialization_encoded,-2635.2440170279733,2635.2440170279733
Industry_encoded^2 University_PG_encoded,-2634.9877909768725,2634.9877909768725
Has_PHD^2 Performance_Score,-2633.7887589269367,2633.7887589269367
Graduation_Specialization_encoded PHD_Specialization_encoded University_PHD_encoded,2631.989400974009,2631.989400974009
Number_of_Publications^2 Curent_Location_encoded,2631.843413112708,2631.843413112708
No_Of_Companies_worked University_PG_encoded^2,2630.297782483777,2630.297782483777
Inhand_Offer Industry_encoded Education_Level_encoded,2630.179800119802,2630.179800119802
Total_Experience Passing_Year_Of_PHD International_degree_any,-2629.7366022174065,2629.7366022174065
Has_PG^2 University_PHD_encoded,-2629.707300397702,2629.707300397702
Total_Experience_in_field_applied Has_PG Graduation_Specialization_encoded,2624.4475537689436,2624.4475537689436
Certifications International_degree_any Education_Level_encoded,-2619.30875247301,2619.30875247301
Passing_Year_Of_PG Certifications Organization_encoded,2618.2591473027824,2618.2591473027824
No_Of_Companies_worked Field_Specialization_Ratio Has_PHD,2617.945990123764,2617.945990123764
Total_Experience Department_encoded Curent_Location_encoded,2616.3474844449256,2616.3474844449256
Total_Experience_in_field_applied No_Of_Companies_worked Designation_encoded,-2615.0703836271236,2615.0703836271236
Number_of_Publications Field_Specialization_Ratio Industry_encoded,-2612.899268178607,2612.899268178607
Total_Experience_in_field_applied Department_encoded Education_Level_encoded,-2610.293488830193,2610.293488830193
Role_encoded Graduation_Specialization_encoded,2609.443442597763,2609.443442597763
University_PG_encoded Preferred_location_encoded,-2608.7010217506095,2608.7010217506095
Total_Experience_in_field_applied Current_CTC Number_of_Publications,-2608.3545123676295,2608.3545123676295
Total_Experience_in_field_applied Certifications^2,-2608.0474412380436,2608.0474412380436
Organization_encoded Preferred_location_encoded,-2608.003652856095,2608.003652856095
Inhand_Offer Number_of_Publications PHD_Specialization_encoded,2607.483815408031,2607.483815408031
Number_of_Publications Performance_Score University_PHD_encoded,2606.653323581296,2606.653323581296
Number_of_Publications Organization_encoded PG_Specialization_encoded,2605.4278651834566,2605.4278651834566
Passing_Year_Of_Graduation Department_encoded Organization_encoded,2604.1070874383017,2604.1070874383017
Number_of_Publications Role_encoded Organization_encoded,2603.3292247077407,2603.3292247077407
Has_PHD Department_encoded Graduation_Specialization_encoded,2601.0569361260796,2601.0569361260796
Passing_Year_Of_Graduation Inhand_Offer Graduation_Specialization_encoded,2599.2488432650985,2599.2488432650985
Performance_Score Designation_encoded University_PG_encoded,-2596.7144322845566,2596.7144322845566
Passing_Year_Of_Graduation Passing_Year_Of_PHD Graduation_Specialization_encoded,2596.4705452355256,2596.4705452355256
Passing_Year_Of_PHD Has_PHD PHD_Specialization_encoded,2596.4381852339275,2596.4381852339275
Number_of_Publications Has_PHD PHD_Specialization_encoded,2594.6358035424273,2594.6358035424273
No_Of_Companies_worked Has_PG Education_Level_encoded,2594.587475635882,2594.587475635882
Total_Experience_in_field_applied Passing_Year_Of_Graduation Organization_encoded,-2593.552840155437,2593.552840155437
Has_PHD Performance_Score University_PG_encoded,-2592.0293665623867,2592.0293665623867
Current_CTC Field_Specialization_Ratio PG_Specialization_encoded,-2591.2861725057332,2591.2861725057332
Total_Experience Total_Experience_in_field_applied Preferred_location_encoded,2588.970624162892,2588.970624162892
Has_PG Performance_Score University_PHD_encoded,-2587.739109671732,2587.739109671732
Total_Experience_in_field_applied Certifications University_PHD_encoded,2587.2152674340173,2587.2152674340173
Role_encoded Preferred_location_encoded Education_Level_encoded,-2582.4156311311785,2582.4156311311785
Certifications Field_Specialization_Ratio PG_Specialization_encoded,-2581.423796226999,2581.423796226999
Inhand_Offer Performance_Score Department_encoded,-2580.685380911212,2580.685380911212
Department_encoded University_PG_encoded Preferred_location_encoded,2579.4696094701912,2579.4696094701912
Passing_Year_Of_PG Certifications University_Grad_encoded,2576.8726447903996,2576.8726447903996
Has_PHD Role_encoded Education_Level_encoded,-2575.5722745462504,2575.5722745462504
Passing_Year_Of_PHD Current_CTC Role_encoded,2574.271630696586,2574.271630696586
Department_encoded Industry_encoded PG_Specialization_encoded,-2573.904282438844,2573.904282438844
Passing_Year_Of_PHD Current_CTC Certifications,-2573.83953316322,2573.83953316322
Current_CTC Graduation_Specialization_encoded Education_Level_encoded,-2572.1602180216937,2572.1602180216937
Has_PG PG_Specialization_encoded,-2571.332652956498,2571.332652956498
No_Of_Companies_worked Number_of_Publications Designation_encoded,-2566.238582845738,2566.238582845738
Inhand_Offer Graduation_Specialization_encoded University_Grad_encoded,2564.2155585549604,2564.2155585549604
Total_Experience University_Grad_encoded PHD_Specialization_encoded,2563.6332393496305,2563.6332393496305
Department_encoded Designation_encoded University_PHD_encoded,-2562.1030950913982,2562.1030950913982
Total_Experience Certifications Curent_Location_encoded,2561.8325737805576,2561.8325737805576
Current_CTC University_PG_encoded^2,2561.7228866296837,2561.7228866296837
Total_Experience_in_field_applied Performance_Score University_Grad_encoded,2561.174962142451,2561.174962142451
Total_Experience_in_field_applied Field_Specialization_Ratio University_PHD_encoded,-2561.0241036336383,2561.0241036336383
Performance_Score Department_encoded Graduation_Specialization_encoded,-2557.1420855203824,2557.1420855203824
Passing_Year_Of_PG Number_of_Publications University_PG_encoded,2554.379281301312,2554.379281301312
Certifications PG_Specialization_encoded Preferred_location_encoded,2553.060557317627,2553.060557317627
Certifications University_PHD_encoded Curent_Location_encoded,-2550.862935334838,2550.862935334838
Current_CTC Has_PG University_PHD_encoded,2549.496437382414,2549.496437382414
Passing_Year_Of_PHD Certifications Designation_encoded,2547.7329970495935,2547.7329970495935
Department_encoded Organization_encoded PHD_Specialization_encoded,-2546.9943730170144,2546.9943730170144
Current_CTC Organization_encoded Preferred_location_encoded,-2544.8678172506548,2544.8678172506548
Role_encoded PG_Specialization_encoded University_PHD_encoded,-2544.015756678222,2544.015756678222
PG_Specialization_encoded PHD_Specialization_encoded Curent_Location_encoded,-2543.7724071196603,2543.7724071196603
Passing_Year_Of_Graduation No_Of_Companies_worked Preferred_location_encoded,-2543.5012753680226,2543.5012753680226
Field_Specialization_Ratio Department_encoded University_PG_encoded,2543.2570914236157,2543.2570914236157
Total_Experience Has_PG Curent_Location_encoded,-2542.677091337597,2542.677091337597
Passing_Year_Of_PG Inhand_Offer Has_PHD,-2542.1907069983963,2542.1907069983963
Performance_Score Organization_encoded Graduation_Specialization_encoded,2540.559327724143,2540.559327724143
Field_Specialization_Ratio Performance_Score Designation_encoded,-2540.188743677597,2540.188743677597
Inhand_Offer Industry_encoded University_PHD_encoded,-2537.1299361710803,2537.1299361710803
Current_CTC PG_Specialization_encoded PHD_Specialization_encoded,2536.732142306289,2536.732142306289
Total_Experience University_PG_encoded Preferred_location_encoded,-2536.6234998469704,2536.6234998469704
Passing_Year_Of_PG Department_encoded,-2536.205140793629,2536.205140793629
Current_CTC Industry_encoded Preferred_location_encoded,-2534.792712396681,2534.792712396681
Passing_Year_Of_PHD^2 Performance_Score,-2533.628925469447,2533.628925469447
Number_of_Publications Field_Specialization_Ratio Organization_encoded,-2530.1477283807167,2530.1477283807167
Performance_Score Department_encoded Organization_encoded,-2528.2243390399317,2528.2243390399317
Total_Experience Inhand_Offer University_Grad_encoded,2528.0762601276406,2528.0762601276406
Passing_Year_Of_Graduation Department_encoded Designation_encoded,2526.8147293422808,2526.8147293422808
Industry_encoded Organization_encoded University_PG_encoded,-2525.689042649815,2525.689042649815
Organization_encoded University_PHD_encoded^2,-2521.8442234787485,2521.8442234787485
Passing_Year_Of_PHD Inhand_Offer Industry_encoded,-2520.6162934161903,2520.6162934161903
Passing_Year_Of_PG Department_encoded^2,-2519.2130352437944,2519.2130352437944
Current_CTC Has_PHD Curent_Location_encoded,2518.27456478739,2518.27456478739
Has_PG Role_encoded Designation_encoded,2517.831308606149,2517.831308606149
Total_Experience_in_field_applied Graduation_Specialization_encoded University_Grad_encoded,2515.1087556878374,2515.1087556878374
Inhand_Offer No_Of_Companies_worked University_PHD_encoded,-2512.9645947449217,2512.9645947449217
Has_PG Department_encoded Designation_encoded,2512.906733241782,2512.906733241782
Total_Experience_in_field_applied Passing_Year_Of_Graduation Designation_encoded,-2512.0335830237577,2512.0335830237577
Passing_Year_Of_PHD Number_of_Publications Performance_Score,-2509.054450523735,2509.054450523735
Number_of_Publications PG_Specialization_encoded Curent_Location_encoded,2508.1394070082088,2508.1394070082088
Industry_encoded^2 University_PHD_encoded,-2504.090505341918,2504.090505341918
Number_of_Publications Graduation_Specialization_encoded University_PG_encoded,2500.8596167985693,2500.8596167985693
Field_Specialization_Ratio Graduation_Specialization_encoded University_PHD_encoded,-2500.594121076759,2500.594121076759
University_Grad_encoded PHD_Specialization_encoded Preferred_location_encoded,-2499.2813024308903,2499.2813024308903
Field_Specialization_Ratio Has_PG Education_Level_encoded,2498.652998708296,2498.652998708296
Total_Experience_in_field_applied Industry_encoded Curent_Location_encoded,2498.2138592508454,2498.2138592508454
Role_encoded University_Grad_encoded Curent_Location_encoded,-2498.1338859075427,2498.1338859075427
Role_encoded PG_Specialization_encoded,2498.017612198153,2498.017612198153
Has_PHD Performance_Score Curent_Location_encoded,-2496.736231487755,2496.736231487755
Inhand_Offer Field_Specialization_Ratio Has_PG,2496.145381897005,2496.145381897005
Total_Experience_in_field_applied Performance_Score Graduation_Specialization_encoded,2495.639539763114,2495.639539763114
No_Of_Companies_worked University_Grad_encoded University_PG_encoded,2495.37079799003,2495.37079799003
No_Of_Companies_worked Has_PG Curent_Location_encoded,2494.615282129799,2494.615282129799
Designation_encoded Preferred_location_encoded,-2493.747383815675,2493.747383815675
International_degree_any Graduation_Specialization_encoded PHD_Specialization_encoded,-2493.247063250276,2493.247063250276
Passing_Year_Of_Graduation Performance_Score PHD_Specialization_encoded,2490.7747329456197,2490.7747329456197
Total_Experience International_degree_any Curent_Location_encoded,2490.457960833332,2490.457960833332
Has_PHD Performance_Score University_Grad_encoded,-2490.276938961598,2490.276938961598
Passing_Year_Of_Graduation Passing_Year_Of_PHD University_Grad_encoded,2489.4071889304696,2489.4071889304696
International_degree_any Organization_encoded Preferred_location_encoded,2489.2548837854547,2489.2548837854547
University_PHD_encoded Curent_Location_encoded^2,2488.6454568477716,2488.6454568477716
Passing_Year_Of_PG Certifications Graduation_Specialization_encoded,2487.572245240819,2487.572245240819
Role_encoded Designation_encoded PHD_Specialization_encoded,-2484.991055232802,2484.991055232802
Total_Experience Industry_encoded Graduation_Specialization_encoded,2482.1486173062503,2482.1486173062503
Inhand_Offer Certifications University_PHD_encoded,2481.272941083772,2481.272941083772
Passing_Year_Of_PG PHD_Specialization_encoded^2,-2480.112131464527,2480.112131464527
Total_Experience_in_field_applied PHD_Specialization_encoded Curent_Location_encoded,2475.188624769757,2475.188624769757
Total_Experience_in_field_applied Designation_encoded University_Grad_encoded,-2473.420621928111,2473.420621928111
Passing_Year_Of_PG Certifications University_PG_encoded,2472.5328079315827,2472.5328079315827
International_degree_any Performance_Score PHD_Specialization_encoded,2472.4937284442335,2472.4937284442335
Performance_Score Role_encoded Industry_encoded,-2469.789121252507,2469.789121252507
Department_encoded Industry_encoded Education_Level_encoded,-2467.9971461549567,2467.9971461549567
Passing_Year_Of_Graduation Performance_Score Education_Level_encoded,-2464.9632620110797,2464.9632620110797
Passing_Year_Of_PHD Certifications Department_encoded,2463.5249227313166,2463.5249227313166
Current_CTC International_degree_any Organization_encoded,-2461.228565983286,2461.228565983286
Number_of_Publications Certifications Designation_encoded,-2459.6370477893347,2459.6370477893347
No_Of_Companies_worked Designation_encoded Preferred_location_encoded,-2457.1806318741815,2457.1806318741815
Passing_Year_Of_PHD Department_encoded Designation_encoded,2457.081733611115,2457.081733611115
Certifications Role_encoded Graduation_Specialization_encoded,2455.4155876348323,2455.4155876348323
International_degree_any PG_Specialization_encoded Curent_Location_encoded,2454.094099331101,2454.094099331101
Has_PHD Performance_Score,-2453.0853668984746,2453.0853668984746
Total_Experience_in_field_applied Passing_Year_Of_Graduation Curent_Location_encoded,-2451.7623082276355,2451.7623082276355
Total_Experience Performance_Score Role_encoded,-2446.6131953314048,2446.6131953314048
Total_Experience Graduation_Specialization_encoded Preferred_location_encoded,2443.4475249053257,2443.4475249053257
No_Of_Companies_worked Has_PHD Performance_Score,2442.3632229486425,2442.3632229486425
Current_CTC Inhand_Offer PHD_Specialization_encoded,-2442.3489388978255,2442.3489388978255
Field_Specialization_Ratio University_Grad_encoded University_PHD_encoded,2439.109870135653,2439.109870135653
Graduation_Specialization_encoded^2 Preferred_location_encoded,-2437.9926403515897,2437.9926403515897
Field_Specialization_Ratio Industry_encoded,-2436.438802164119,2436.438802164119
Industry_encoded University_PHD_encoded Curent_Location_encoded,-2435.9285989794676,2435.9285989794676
Passing_Year_Of_Graduation Passing_Year_Of_PG University_Grad_encoded,2435.53588162296,2435.53588162296
Inhand_Offer Certifications Performance_Score,2435.522181452134,2435.522181452134
Passing_Year_Of_PG Role_encoded University_PHD_encoded,2433.8327009874415,2433.8327009874415
Role_encoded University_PG_encoded,2433.57520321592,2433.57520321592
Passing_Year_Of_Graduation Organization_encoded University_PHD_encoded,2431.716244926027,2431.716244926027
No_Of_Companies_worked Graduation_Specialization_encoded^2,2431.413273788689,2431.413273788689
Total_Experience Has_PHD PG_Specialization_encoded,-2429.633982480356,2429.633982480356
Organization_encoded University_PG_encoded Education_Level_encoded,2428.0153682773844,2428.0153682773844
Passing_Year_Of_PHD Current_CTC University_PHD_encoded,2426.881379309421,2426.881379309421
Inhand_Offer Certifications Field_Specialization_Ratio,-2424.59767549686,2424.59767549686
International_degree_any Field_Specialization_Ratio,-2424.21586096472,2424.21586096472
Has_PHD Performance_Score University_PHD_encoded,-2421.098537582037,2421.098537582037
Passing_Year_Of_Graduation Industry_encoded PG_Specialization_encoded,2419.538233582382,2419.538233582382
Passing_Year_Of_PHD No_Of_Companies_worked PHD_Specialization_encoded,-2419.430392461623,2419.430392461623
Passing_Year_Of_PHD Department_encoded Role_encoded,2416.9694115666084,2416.9694115666084
Passing_Year_Of_Graduation University_PHD_encoded Preferred_location_encoded,2410.7982448236685,2410.7982448236685
Department_encoded Designation_encoded Education_Level_encoded,-2409.989973764761,2409.989973764761
Number_of_Publications Certifications^2,2409.558293616876,2409.558293616876
Total_Experience Passing_Year_Of_PHD Graduation_Specialization_encoded,-2407.3692266781773,2407.3692266781773
Total_Experience Inhand_Offer PG_Specialization_encoded,2406.723329461177,2406.723329461177
Certifications Graduation_Specialization_encoded University_PHD_encoded,-2405.04659933223,2405.04659933223
Passing_Year_Of_PG Industry_encoded University_Grad_encoded,2403.560683410966,2403.560683410966
No_Of_Companies_worked International_degree_any Performance_Score,-2402.656757239256,2402.656757239256
Inhand_Offer Education_Level_encoded^2,2402.562288115524,2402.562288115524
Organization_encoded Graduation_Specialization_encoded University_PHD_encoded,2396.0030157646856,2396.0030157646856
Field_Specialization_Ratio Designation_encoded,-2394.8625930194944,2394.8625930194944
International_degree_any Industry_encoded Education_Level_encoded,2392.6746885223965,2392.6746885223965
Inhand_Offer Certifications Graduation_Specialization_encoded,2390.9042428262305,2390.9042428262305
No_Of_Companies_worked Field_Specialization_Ratio University_PHD_encoded,-2389.82926780678,2389.82926780678
Passing_Year_Of_PG Organization_encoded University_Grad_encoded,2389.2243862324954,2389.2243862324954
Inhand_Offer Number_of_Publications Education_Level_encoded,-2387.212916300384,2387.212916300384
Has_PG^2 Department_encoded,-2386.9568771708477,2386.9568771708477
Has_PG^2 Industry_encoded,-2386.100584689838,2386.100584689838
Total_Experience_in_field_applied Inhand_Offer Certifications,2384.670634318002,2384.670634318002
Total_Experience Has_PHD PHD_Specialization_encoded,-2383.613483969438,2383.613483969438
Number_of_Publications Organization_encoded Preferred_location_encoded,2381.7057169504824,2381.7057169504824
Total_Experience_in_field_applied^2 Designation_encoded,2381.225243568484,2381.225243568484
Department_encoded Role_encoded PG_Specialization_encoded,2380.878108957949,2380.878108957949
Inhand_Offer University_PHD_encoded^2,2376.631427053187,2376.631427053187
Total_Experience_in_field_applied University_PG_encoded PHD_Specialization_encoded,-2376.428637458239,2376.428637458239
Passing_Year_Of_PG Current_CTC Inhand_Offer,2373.6491428237637,2373.6491428237637
Performance_Score^2 PHD_Specialization_encoded,-2372.7926254996855,2372.7926254996855
Current_CTC Has_PHD University_Grad_encoded,2369.2127062804834,2369.2127062804834
Inhand_Offer Number_of_Publications PG_Specialization_encoded,-2365.6922932000894,2365.6922932000894
No_Of_Companies_worked PG_Specialization_encoded,-2364.3350919924587,2364.3350919924587
Passing_Year_Of_Graduation Role_encoded Education_Level_encoded,-2364.2638470676065,2364.2638470676065
University_PG_encoded^2,-2362.1138115593067,2362.1138115593067
Role_encoded Designation_encoded^2,2358.255901284037,2358.255901284037
Has_PHD Department_encoded^2,2358.1825224100085,2358.1825224100085
Passing_Year_Of_Graduation Passing_Year_Of_PG,-2357.8070920083433,2357.8070920083433
Designation_encoded PG_Specialization_encoded Education_Level_encoded,-2357.523944767023,2357.523944767023
Passing_Year_Of_PG Current_CTC University_PG_encoded,2357.3054493878194,2357.3054493878194
Current_CTC Designation_encoded^2,-2357.10817734779,2357.10817734779
Field_Specialization_Ratio Graduation_Specialization_encoded University_PG_encoded,-2355.4231204028333,2355.4231204028333
Field_Specialization_Ratio PG_Specialization_encoded,-2354.687096861453,2354.687096861453
Total_Experience_in_field_applied Inhand_Offer Has_PHD,-2353.5147634095547,2353.5147634095547
Performance_Score Role_encoded Organization_encoded,-2351.9094545153407,2351.9094545153407
Passing_Year_Of_PG Designation_encoded University_Grad_encoded,2351.0651852361793,2351.0651852361793
Passing_Year_Of_Graduation Inhand_Offer Industry_encoded,2350.4903809312495,2350.4903809312495
Designation_encoded Preferred_location_encoded^2,2346.0111524915415,2346.0111524915415
Passing_Year_Of_Graduation Passing_Year_Of_PG International_degree_any,-2339.7115879131197,2339.7115879131197
Total_Experience_in_field_applied Current_CTC Inhand_Offer,-2337.344411022399,2337.344411022399
Has_PG Industry_encoded Organization_encoded,2336.339936564965,2336.339936564965
Total_Experience_in_field_applied Has_PHD Industry_encoded,2335.9165718813215,2335.9165718813215
Performance_Score^2 Department_encoded,2331.0930778175416,2331.0930778175416
Number_of_Publications PHD_Specialization_encoded^2,-2329.705639493303,2329.705639493303
No_Of_Companies_worked Department_encoded PHD_Specialization_encoded,2328.9107647197607,2328.9107647197607
Passing_Year_Of_PG University_PG_encoded Education_Level_encoded,2328.4470354819455,2328.4470354819455
Field_Specialization_Ratio Graduation_Specialization_encoded University_Grad_encoded,-2328.0208534334347,2328.0208534334347
Industry_encoded Organization_encoded PHD_Specialization_encoded,-2327.038933275336,2327.038933275336
Inhand_Offer Designation_encoded^2,-2321.51059829461,2321.51059829461
Has_PHD Department_encoded PG_Specialization_encoded,2320.709384792583,2320.709384792583
Has_PG Organization_encoded Curent_Location_encoded,2319.6090671636853,2319.6090671636853
Organization_encoded PG_Specialization_encoded Education_Level_encoded,-2314.8652895499677,2314.8652895499677
Passing_Year_Of_PG Field_Specialization_Ratio University_PG_encoded,-2314.8535565693674,2314.8535565693674
Has_PG Role_encoded University_Grad_encoded,2314.267916806162,2314.267916806162
University_Grad_encoded Curent_Location_encoded,-2310.8184213800196,2310.8184213800196
Role_encoded University_PG_encoded Preferred_location_encoded,2309.860135042601,2309.860135042601
Passing_Year_Of_Graduation Department_encoded PG_Specialization_encoded,2309.5605263051357,2309.5605263051357
Passing_Year_Of_PG Number_of_Publications Preferred_location_encoded,2308.9679058924185,2308.9679058924185
Organization_encoded^2 PG_Specialization_encoded,-2307.9893875885086,2307.9893875885086
PHD_Specialization_encoded University_PHD_encoded,2307.8978690647045,2307.8978690647045
Designation_encoded^2 University_Grad_encoded,2306.7532114136407,2306.7532114136407
Passing_Year_Of_Graduation Current_CTC International_degree_any,2305.6370991709246,2305.6370991709246
No_Of_Companies_worked Graduation_Specialization_encoded University_PG_encoded,2304.560770486737,2304.560770486737
Total_Experience_in_field_applied Number_of_Publications Has_PG,-2302.532024632287,2302.532024632287
Passing_Year_Of_PG Preferred_location_encoded Education_Level_encoded,2300.0795365477366,2300.0795365477366
International_degree_any University_PG_encoded Education_Level_encoded,-2299.1264625236445,2299.1264625236445
Performance_Score University_PG_encoded,2299.081770202642,2299.081770202642
Certifications Organization_encoded Preferred_location_encoded,-2298.4909049228554,2298.4909049228554
Current_CTC Field_Specialization_Ratio Designation_encoded,2298.017141699296,2298.017141699296
Current_CTC Inhand_Offer Curent_Location_encoded,-2296.66950130242,2296.66950130242
Department_encoded Curent_Location_encoded Preferred_location_encoded,2294.7664391187704,2294.7664391187704
Role_encoded University_Grad_encoded^2,-2294.415722445871,2294.415722445871
Total_Experience_in_field_applied Industry_encoded Graduation_Specialization_encoded,-2293.5594843416416,2293.5594843416416
Performance_Score PG_Specialization_encoded Education_Level_encoded,-2292.8056381729543,2292.8056381729543
Certifications Organization_encoded University_PG_encoded,-2291.5401057339923,2291.5401057339923
Total_Experience_in_field_applied Current_CTC University_Grad_encoded,2291.484876411204,2291.484876411204
Passing_Year_Of_PHD No_Of_Companies_worked Preferred_location_encoded,-2289.2941296364456,2289.2941296364456
Passing_Year_Of_PHD Current_CTC Designation_encoded,2289.1466815546632,2289.1466815546632
Total_Experience Inhand_Offer Curent_Location_encoded,2288.5747245246066,2288.5747245246066
Total_Experience Passing_Year_Of_PHD Role_encoded,-2287.8390921741357,2287.8390921741357
Total_Experience_in_field_applied No_Of_Companies_worked Field_Specialization_Ratio,-2286.9765693180743,2286.9765693180743
Field_Specialization_Ratio Designation_encoded Preferred_location_encoded,2286.069035763727,2286.069035763727
Organization_encoded University_PHD_encoded,2285.7892917776735,2285.7892917776735
Passing_Year_Of_PHD Inhand_Offer Organization_encoded,-2284.5617926808786,2284.5617926808786
Field_Specialization_Ratio University_Grad_encoded Curent_Location_encoded,-2275.5883338840063,2275.5883338840063
Number_of_Publications Certifications Graduation_Specialization_encoded,2273.885276486436,2273.885276486436
Current_CTC Designation_encoded University_PG_encoded,-2273.1625051099695,2273.1625051099695
Total_Experience_in_field_applied PG_Specialization_encoded University_PG_encoded,-2272.807194943694,2272.807194943694
Current_CTC University_Grad_encoded University_PHD_encoded,-2272.804624915556,2272.804624915556
Has_PG University_PG_encoded University_PHD_encoded,-2267.0416380896477,2267.0416380896477
Total_Experience Field_Specialization_Ratio Curent_Location_encoded,2264.888382181146,2264.888382181146
Has_PG Has_PHD University_PHD_encoded,-2264.224354465867,2264.224354465867
Inhand_Offer Industry_encoded Designation_encoded,2264.0047816714614,2264.0047816714614
Total_Experience Industry_encoded Curent_Location_encoded,2263.9736832694866,2263.9736832694866
Performance_Score^2 Designation_encoded,2263.333708385265,2263.333708385265
Passing_Year_Of_PHD Field_Specialization_Ratio Graduation_Specialization_encoded,2262.7619749883766,2262.7619749883766
Number_of_Publications Department_encoded Graduation_Specialization_encoded,-2260.956658550701,2260.956658550701
Graduation_Specialization_encoded Preferred_location_encoded^2,2260.490204873324,2260.490204873324
No_Of_Companies_worked Has_PHD Designation_encoded,2260.4478133764537,2260.4478133764537
University_Grad_encoded Curent_Location_encoded^2,-2258.865815261991,2258.865815261991
No_Of_Companies_worked PHD_Specialization_encoded Curent_Location_encoded,2256.9780041581157,2256.9780041581157
Industry_encoded PHD_Specialization_encoded Preferred_location_encoded,2256.655611212385,2256.655611212385
Total_Experience No_Of_Companies_worked International_degree_any,2256.041103025105,2256.041103025105
Total_Experience Field_Specialization_Ratio Industry_encoded,2255.46740058165,2255.46740058165
Inhand_Offer^2 Performance_Score,2252.8815514937182,2252.8815514937182
Total_Experience_in_field_applied Inhand_Offer Field_Specialization_Ratio,-2251.448145439222,2251.448145439222
Total_Experience_in_field_applied Role_encoded University_Grad_encoded,-2250.2928436061998,2250.2928436061998
Passing_Year_Of_Graduation Organization_encoded University_PG_encoded,2249.53811665755,2249.53811665755
No_Of_Companies_worked Number_of_Publications^2,2248.9419806541914,2248.9419806541914
International_degree_any Department_encoded PHD_Specialization_encoded,2248.4466859040667,2248.4466859040667
Total_Experience Passing_Year_Of_Graduation,2243.6889480524555,2243.6889480524555
Current_CTC Performance_Score Preferred_location_encoded,2243.095998345677,2243.095998345677
No_Of_Companies_worked PG_Specialization_encoded PHD_Specialization_encoded,2242.962914087794,2242.962914087794
Total_Experience_in_field_applied Passing_Year_Of_Graduation PG_Specialization_encoded,-2240.2844566009344,2240.2844566009344
Total_Experience Performance_Score Education_Level_encoded,2240.0945114146352,2240.0945114146352
Has_PHD Department_encoded Organization_encoded,2239.6194281956923,2239.6194281956923
Passing_Year_Of_PG Organization_encoded^2,2239.101512394961,2239.101512394961
No_Of_Companies_worked International_degree_any Field_Specialization_Ratio,-2238.4755330114076,2238.4755330114076
Has_PG Role_encoded Curent_Location_encoded,2238.3882633882577,2238.3882633882577
Total_Experience_in_field_applied Field_Specialization_Ratio Designation_encoded,-2235.371312943801,2235.371312943801
Passing_Year_Of_PG No_Of_Companies_worked Certifications,-2234.864370205764,2234.864370205764
No_Of_Companies_worked Has_PG Industry_encoded,2234.631717126761,2234.631717126761
No_Of_Companies_worked^2 Has_PHD,2234.5744597043577,2234.5744597043577
Inhand_Offer Designation_encoded Education_Level_encoded,2234.3520462063307,2234.3520462063307
Total_Experience Field_Specialization_Ratio Designation_encoded,2233.218463189108,2233.218463189108
Organization_encoded PG_Specialization_encoded University_PHD_encoded,-2232.902437043231,2232.902437043231
Total_Experience Curent_Location_encoded Preferred_location_encoded,-2232.172175177164,2232.172175177164
Certifications,2231.872446295854,2231.872446295854
Field_Specialization_Ratio Role_encoded Graduation_Specialization_encoded,2231.328332224919,2231.328332224919
University_Grad_encoded PHD_Specialization_encoded University_PHD_encoded,-2231.0061234853847,2231.0061234853847
Current_CTC Certifications International_degree_any,2228.2153169071257,2228.2153169071257
Passing_Year_Of_PG Certifications Department_encoded,2227.2810935459397,2227.2810935459397
Inhand_Offer Preferred_location_encoded^2,-2227.1352003004317,2227.1352003004317
Passing_Year_Of_PG Has_PG University_PHD_encoded,2225.836639829423,2225.836639829423
Field_Specialization_Ratio University_PHD_encoded^2,2221.630039994466,2221.630039994466
Current_CTC^2 Department_encoded,2220.598349595704,2220.598349595704
Role_encoded University_PG_encoded^2,-2220.576742152388,2220.576742152388
Current_CTC Industry_encoded Education_Level_encoded,2216.5827391112975,2216.5827391112975
Total_Experience_in_field_applied^2 Number_of_Publications,-2215.819009288804,2215.819009288804
Inhand_Offer Field_Specialization_Ratio Graduation_Specialization_encoded,-2215.748331395595,2215.748331395595
Certifications Role_encoded Organization_encoded,2214.689588587498,2214.689588587498
International_degree_any University_Grad_encoded University_PHD_encoded,2213.741507962565,2213.741507962565
Passing_Year_Of_PG Certifications PG_Specialization_encoded,2213.326920708037,2213.326920708037
Passing_Year_Of_Graduation PG_Specialization_encoded University_PHD_encoded,2211.0951293916014,2211.0951293916014
Total_Experience Passing_Year_Of_PHD Designation_encoded,-2210.6565357577615,2210.6565357577615
Field_Specialization_Ratio Industry_encoded University_PG_encoded,2209.9270259280884,2209.9270259280884
Total_Experience_in_field_applied No_Of_Companies_worked Preferred_location_encoded,2209.8698551765137,2209.8698551765137
Passing_Year_Of_Graduation PHD_Specialization_encoded University_PHD_encoded,2207.5821871409757,2207.5821871409757
Passing_Year_Of_PHD Industry_encoded Curent_Location_encoded,2200.175236727766,2200.175236727766
Field_Specialization_Ratio Graduation_Specialization_encoded PHD_Specialization_encoded,-2197.593881068209,2197.593881068209
Certifications Field_Specialization_Ratio Industry_encoded,2197.411172785743,2197.411172785743
Has_PG University_Grad_encoded University_PHD_encoded,-2197.3000834964237,2197.3000834964237
Industry_encoded Graduation_Specialization_encoded Education_Level_encoded,-2195.486567861184,2195.486567861184
No_Of_Companies_worked Has_PHD Department_encoded,2194.644242032685,2194.644242032685
Total_Experience_in_field_applied University_PG_encoded Curent_Location_encoded,2193.0280629118315,2193.0280629118315
Has_PG Has_PHD University_Grad_encoded,2192.201680245282,2192.201680245282
No_Of_Companies_worked PHD_Specialization_encoded Education_Level_encoded,-2191.2956043845215,2191.2956043845215
Passing_Year_Of_PG Certifications Industry_encoded,2191.2505940672845,2191.2505940672845
Certifications^2 Curent_Location_encoded,2188.8570853429246,2188.8570853429246
PG_Specialization_encoded Preferred_location_encoded,-2187.799794424617,2187.799794424617
Has_PG University_PG_encoded^2,-2187.7365582702173,2187.7365582702173
Certifications University_Grad_encoded^2,-2186.7893913310377,2186.7893913310377
Total_Experience_in_field_applied PG_Specialization_encoded University_PHD_encoded,2185.277452355422,2185.277452355422
Has_PHD Graduation_Specialization_encoded Education_Level_encoded,-2185.0789870008175,2185.0789870008175
Performance_Score Role_encoded Curent_Location_encoded,-2185.064051181313,2185.064051181313
Has_PG Organization_encoded University_PG_encoded,2184.3460583441556,2184.3460583441556
Certifications Has_PG Has_PHD,-2181.966423247243,2181.966423247243
Total_Experience Current_CTC Education_Level_encoded,2180.8771416899567,2180.8771416899567
Has_PG Organization_encoded University_Grad_encoded,2180.4669366402104,2180.4669366402104
Role_encoded Graduation_Specialization_encoded University_PG_encoded,-2179.8370016274366,2179.8370016274366
Has_PG Designation_encoded Curent_Location_encoded,2173.522147988487,2173.522147988487
Organization_encoded^3,2172.7155675401204,2172.7155675401204
Designation_encoded^2 PHD_Specialization_encoded,-2170.87444000528,2170.87444000528
Graduation_Specialization_encoded Curent_Location_encoded Preferred_location_encoded,-2169.2770638036804,2169.2770638036804
Passing_Year_Of_Graduation International_degree_any,2168.5740465122526,2168.5740465122526
Department_encoded Industry_encoded University_PG_encoded,-2168.4697066106796,2168.4697066106796
PHD_Specialization_encoded Education_Level_encoded^2,-2166.884256069387,2166.884256069387
Has_PHD Performance_Score Graduation_Specialization_encoded,-2164.1265649838956,2164.1265649838956
Has_PG Designation_encoded University_Grad_encoded,2162.896178387671,2162.896178387671
Current_CTC Has_PHD University_PG_encoded,2162.3987468835026,2162.3987468835026
Organization_encoded Graduation_Specialization_encoded,2159.9278565132904,2159.9278565132904
University_Grad_encoded PHD_Specialization_encoded Education_Level_encoded,-2159.2687762314204,2159.2687762314204
Inhand_Offer PG_Specialization_encoded Preferred_location_encoded,-2159.1363817997585,2159.1363817997585
International_degree_any Designation_encoded Curent_Location_encoded,-2158.6178511297767,2158.6178511297767
Passing_Year_Of_PHD Certifications University_PG_encoded,2157.9359987584558,2157.9359987584558
Passing_Year_Of_Graduation University_PG_encoded,-2157.9228900799435,2157.9228900799435
Passing_Year_Of_PG Has_PG Organization_encoded,2157.6987714187453,2157.6987714187453
Performance_Score Graduation_Specialization_encoded PG_Specialization_encoded,-2157.582587006671,2157.582587006671
No_Of_Companies_worked^2 Has_PG,2155.129575102047,2155.129575102047
Has_PG Industry_encoded PG_Specialization_encoded,2151.5997930024114,2151.5997930024114
Total_Experience_in_field_applied Current_CTC Has_PG,-2145.232649424895,2145.232649424895
Has_PHD Role_encoded^2,2143.8558802840835,2143.8558802840835
Passing_Year_Of_Graduation Organization_encoded PG_Specialization_encoded,2143.7941724529624,2143.7941724529624
International_degree_any Department_encoded^2,2143.120280509712,2143.120280509712
Total_Experience_in_field_applied Has_PG Role_encoded,2141.0485748801475,2141.0485748801475
Passing_Year_Of_PG Number_of_Publications Has_PHD,-2140.808710586865,2140.808710586865
Total_Experience_in_field_applied Curent_Location_encoded^2,2140.5543125464224,2140.5543125464224
Industry_encoded PG_Specialization_encoded Preferred_location_encoded,-2140.536830436008,2140.536830436008
Organization_encoded PHD_Specialization_encoded Preferred_location_encoded,2136.928128551974,2136.928128551974
University_PHD_encoded^3,2135.747618309119,2135.747618309119
International_degree_any Curent_Location_encoded^2,-2135.673978338697,2135.673978338697
Inhand_Offer Industry_encoded Graduation_Specialization_encoded,2135.6599441015296,2135.6599441015296
No_Of_Companies_worked Has_PG Performance_Score,2134.706744702171,2134.706744702171
Graduation_Specialization_encoded Curent_Location_encoded Education_Level_encoded,2134.539634768529,2134.539634768529
Current_CTC Has_PG Department_encoded,-2132.02885409765,2132.02885409765
Total_Experience Number_of_Publications PG_Specialization_encoded,-2131.9871397092406,2131.9871397092406
Passing_Year_Of_Graduation Inhand_Offer Organization_encoded,2131.8706955527778,2131.8706955527778
Passing_Year_Of_Graduation University_Grad_encoded PG_Specialization_encoded,-2131.403700782462,2131.403700782462
Total_Experience_in_field_applied PHD_Specialization_encoded Preferred_location_encoded,-2130.2748102557566,2130.2748102557566
Number_of_Publications Department_encoded Industry_encoded,2128.8200109417876,2128.8200109417876
PG_Specialization_encoded Preferred_location_encoded^2,-2128.471007966218,2128.471007966218
Certifications Role_encoded University_Grad_encoded,2128.3533446696656,2128.3533446696656
Passing_Year_Of_Graduation PHD_Specialization_encoded,-2128.307839814788,2128.307839814788
International_degree_any Role_encoded^2,-2127.1672829296635,2127.1672829296635
No_Of_Companies_worked Department_encoded University_PG_encoded,2124.5620554107004,2124.5620554107004
No_Of_Companies_worked Number_of_Publications Field_Specialization_Ratio,2123.9397316160594,2123.9397316160594
Passing_Year_Of_Graduation Field_Specialization_Ratio University_Grad_encoded,-2123.709252416557,2123.709252416557
No_Of_Companies_worked Has_PG Role_encoded,2123.0704183206094,2123.0704183206094
No_Of_Companies_worked University_Grad_encoded University_PHD_encoded,2122.8605780961907,2122.8605780961907
Passing_Year_Of_Graduation Field_Specialization_Ratio PG_Specialization_encoded,-2122.0068813275666,2122.0068813275666
Designation_encoded University_PHD_encoded Preferred_location_encoded,-2121.194452370841,2121.194452370841
Passing_Year_Of_PG Passing_Year_Of_PHD Industry_encoded,2121.010036327044,2121.010036327044
No_Of_Companies_worked^2 University_PHD_encoded,-2120.793396764818,2120.793396764818
Field_Specialization_Ratio University_Grad_encoded Education_Level_encoded,2119.9253163582566,2119.9253163582566
Total_Experience_in_field_applied Certifications University_PG_encoded,2119.625243224056,2119.625243224056
Total_Experience Role_encoded Designation_encoded,2116.655237206,2116.655237206
Inhand_Offer No_Of_Companies_worked PG_Specialization_encoded,2115.112088310075,2115.112088310075
Passing_Year_Of_PHD Certifications PG_Specialization_encoded,2113.0824851091975,2113.0824851091975
Department_encoded PG_Specialization_encoded Education_Level_encoded,-2109.3138589111136,2109.3138589111136
Passing_Year_Of_PHD Field_Specialization_Ratio Preferred_location_encoded,-2108.9288773350104,2108.9288773350104
Industry_encoded Graduation_Specialization_encoded,2108.3491892803895,2108.3491892803895
International_degree_any^3,2108.0483229804977,2108.0483229804977
Number_of_Publications^2 PG_Specialization_encoded,-2106.252246293315,2106.252246293315
PHD_Specialization_encoded Curent_Location_encoded Education_Level_encoded,2105.650067380244,2105.650067380244
Current_CTC Number_of_Publications University_Grad_encoded,-2105.2868239363115,2105.2868239363115
Passing_Year_Of_PG Current_CTC PG_Specialization_encoded,2105.281998874078,2105.281998874078
Field_Specialization_Ratio Graduation_Specialization_encoded PG_Specialization_encoded,-2104.4146023032044,2104.4146023032044
Total_Experience_in_field_applied Industry_encoded Preferred_location_encoded,2104.31412716484,2104.31412716484
Department_encoded PG_Specialization_encoded^2,2102.0877713350205,2102.0877713350205
Passing_Year_Of_Graduation Graduation_Specialization_encoded University_PG_encoded,-2099.498931068242,2099.498931068242
Role_encoded^2 Preferred_location_encoded,-2098.888363053441,2098.888363053441
Graduation_Specialization_encoded^3,2098.7210149239527,2098.7210149239527
Passing_Year_Of_Graduation Inhand_Offer Role_encoded,2098.516425885959,2098.516425885959
Number_of_Publications Graduation_Specialization_encoded University_Grad_encoded,2098.462855350338,2098.462855350338
Total_Experience_in_field_applied Passing_Year_Of_PG Certifications,-2098.4580597525596,2098.4580597525596
Graduation_Specialization_encoded University_Grad_encoded University_PHD_encoded,2097.339162495757,2097.339162495757
Passing_Year_Of_PHD Industry_encoded University_Grad_encoded,2093.4267372366153,2093.4267372366153
Total_Experience Industry_encoded PHD_Specialization_encoded,2092.750478937489,2092.750478937489
Role_encoded PG_Specialization_encoded Education_Level_encoded,-2091.891157875632,2091.891157875632
No_Of_Companies_worked University_PG_encoded Education_Level_encoded,-2089.905177571268,2089.905177571268
Passing_Year_Of_PG Passing_Year_Of_PHD Department_encoded,2088.361136101006,2088.361136101006
Certifications Performance_Score^2,2088.0755169553786,2088.0755169553786
Field_Specialization_Ratio^2 Organization_encoded,2087.8087461246582,2087.8087461246582
Total_Experience_in_field_applied Inhand_Offer University_PG_encoded,-2087.7675599556087,2087.7675599556087
Number_of_Publications University_Grad_encoded PG_Specialization_encoded,2087.2299212270937,2087.2299212270937
No_Of_Companies_worked Has_PG Department_encoded,2086.584929555722,2086.584929555722
University_PHD_encoded Education_Level_encoded^2,-2083.8995794649272,2083.8995794649272
Total_Experience_in_field_applied Has_PG Performance_Score,2083.1212956696427,2083.1212956696427
Certifications^2 Education_Level_encoded,-2081.857248602659,2081.857248602659
Passing_Year_Of_PG Performance_Score Graduation_Specialization_encoded,-2080.5888378687614,2080.5888378687614
Passing_Year_Of_Graduation Passing_Year_Of_PG Role_encoded,-2079.2310983321886,2079.2310983321886
University_PHD_encoded Curent_Location_encoded Education_Level_encoded,2078.202546937643,2078.202546937643
Role_encoded^2 University_PHD_encoded,-2077.790761058084,2077.790761058084
No_Of_Companies_worked Department_encoded Education_Level_encoded,2077.1042685344673,2077.1042685344673
Certifications PHD_Specialization_encoded,-2076.1591154707025,2076.1591154707025
Total_Experience Has_PG Industry_encoded,2075.915601670798,2075.915601670798
Passing_Year_Of_PHD No_Of_Companies_worked University_PG_encoded,-2075.716448787527,2075.716448787527
Industry_encoded Organization_encoded Graduation_Specialization_encoded,-2074.1898929382187,2074.1898929382187
Passing_Year_Of_PG Department_encoded Industry_encoded,-2073.651559075796,2073.651559075796
Total_Experience_in_field_applied Number_of_Publications Certifications,-2073.3289026188963,2073.3289026188963
Current_CTC Number_of_Publications University_PG_encoded,-2072.74451473614,2072.74451473614
Organization_encoded Designation_encoded PHD_Specialization_encoded,-2071.9270313140682,2071.9270313140682
Passing_Year_Of_PG Inhand_Offer International_degree_any,-2069.4588978527886,2069.4588978527886
Total_Experience^2 Graduation_Specialization_encoded,-2068.2733057722467,2068.2733057722467
Passing_Year_Of_Graduation Field_Specialization_Ratio Curent_Location_encoded,-2066.0067609074395,2066.0067609074395
No_Of_Companies_worked Role_encoded PHD_Specialization_encoded,2065.8111470453496,2065.8111470453496
Total_Experience_in_field_applied Department_encoded Designation_encoded,2064.384383519289,2064.384383519289
No_Of_Companies_worked Has_PHD Role_encoded,2061.962517035128,2061.962517035128
Has_PG Department_encoded Preferred_location_encoded,2060.8325227727773,2060.8325227727773
Role_encoded University_Grad_encoded,2059.0774507614165,2059.0774507614165
Total_Experience_in_field_applied No_Of_Companies_worked University_PG_encoded,-2058.8472759481683,2058.8472759481683
International_degree_any Designation_encoded Education_Level_encoded,-2058.087149224621,2058.087149224621
Has_PHD Industry_encoded Education_Level_encoded,-2057.3323912707306,2057.3323912707306
Passing_Year_Of_PG Industry_encoded Curent_Location_encoded,2056.5216835295173,2056.5216835295173
Passing_Year_Of_PG^2 Department_encoded,2056.0313236601296,2056.0313236601296
Passing_Year_Of_PHD Performance_Score Graduation_Specialization_encoded,-2053.9918059058978,2053.9918059058978
Passing_Year_Of_PG Department_encoded Preferred_location_encoded,-2053.418860569681,2053.418860569681
Inhand_Offer Education_Level_encoded,-2053.0172119374765,2053.0172119374765
Industry_encoded Designation_encoded University_PG_encoded,-2052.6409004027196,2052.6409004027196
Has_PHD University_PHD_encoded,2051.9404435864753,2051.9404435864753
Designation_encoded Graduation_Specialization_encoded PHD_Specialization_encoded,-2049.087590873958,2049.087590873958
University_PG_encoded PHD_Specialization_encoded Preferred_location_encoded,-2047.712440212131,2047.712440212131
University_Grad_encoded PG_Specialization_encoded University_PG_encoded,2047.3496838275169,2047.3496838275169
Passing_Year_Of_Graduation Has_PG Graduation_Specialization_encoded,-2045.6419258158596,2045.6419258158596
Current_CTC Industry_encoded Graduation_Specialization_encoded,-2044.895423988279,2044.895423988279
Passing_Year_Of_PG Number_of_Publications PG_Specialization_encoded,2044.3328558580686,2044.3328558580686
Inhand_Offer^2 University_Grad_encoded,2043.702398476711,2043.702398476711
Certifications PG_Specialization_encoded University_PHD_encoded,2038.5198766091037,2038.5198766091037
Total_Experience Passing_Year_Of_Graduation Inhand_Offer,-2036.717522595391,2036.717522595391
Inhand_Offer^2 No_Of_Companies_worked,-2036.6803493801601,2036.6803493801601
Department_encoded Graduation_Specialization_encoded Education_Level_encoded,-2035.8959120976276,2035.8959120976276
Certifications Field_Specialization_Ratio Designation_encoded,2035.777778197778,2035.777778197778
Passing_Year_Of_PG Certifications,-2034.0481282363846,2034.0481282363846
Field_Specialization_Ratio PHD_Specialization_encoded Preferred_location_encoded,-2033.9133846700322,2033.9133846700322
International_degree_any Designation_encoded^2,2033.1934789391523,2033.1934789391523
Inhand_Offer^2 PHD_Specialization_encoded,2031.2078735328078,2031.2078735328078
Department_encoded Role_encoded PHD_Specialization_encoded,-2030.7418573934572,2030.7418573934572
Field_Specialization_Ratio Curent_Location_encoded Education_Level_encoded,2030.7125750363248,2030.7125750363248
Organization_encoded PG_Specialization_encoded,2030.4238175705802,2030.4238175705802
Total_Experience_in_field_applied Field_Specialization_Ratio Graduation_Specialization_encoded,-2030.2549262515686,2030.2549262515686
Department_encoded^2 PHD_Specialization_encoded,-2028.6339262873526,2028.6339262873526
Total_Experience Designation_encoded^2,2024.9511138207902,2024.9511138207902
Field_Specialization_Ratio Has_PHD University_PHD_encoded,-2023.0129913053959,2023.0129913053959
Has_PHD Department_encoded University_PHD_encoded,2021.8162460777933,2021.8162460777933
Number_of_Publications Performance_Score PG_Specialization_encoded,2019.3469323952047,2019.3469323952047
Passing_Year_Of_PHD No_Of_Companies_worked Graduation_Specialization_encoded,-2019.2565698819237,2019.2565698819237
Field_Specialization_Ratio University_PG_encoded Education_Level_encoded,-2016.5752447735645,2016.5752447735645
Inhand_Offer^2 Field_Specialization_Ratio,-2015.9562543616742,2015.9562543616742
Current_CTC University_PG_encoded Curent_Location_encoded,-2015.255660336339,2015.255660336339
Has_PHD Curent_Location_encoded Education_Level_encoded,-2014.6159670807315,2014.6159670807315
Industry_encoded Organization_encoded,-2014.3823877513641,2014.3823877513641
International_degree_any Field_Specialization_Ratio Graduation_Specialization_encoded,-2014.0672479226992,2014.0672479226992
Total_Experience_in_field_applied Department_encoded University_Grad_encoded,2012.6219925344574,2012.6219925344574
Has_PG Industry_encoded University_PG_encoded,2012.1480303125722,2012.1480303125722
Performance_Score PG_Specialization_encoded University_PG_encoded,-2010.422061104021,2010.422061104021
Industry_encoded^2 PG_Specialization_encoded,2009.815004624608,2009.815004624608
Passing_Year_Of_Graduation Department_encoded Industry_encoded,2009.1347970065292,2009.1347970065292
Department_encoded^2 University_PG_encoded,-2009.013736017233,2009.013736017233
Passing_Year_Of_PHD PG_Specialization_encoded Education_Level_encoded,2008.9275751437135,2008.9275751437135
Designation_encoded^2 Graduation_Specialization_encoded,2008.161453736021,2008.161453736021
Role_encoded University_PG_encoded Curent_Location_encoded,2007.3907023496233,2007.3907023496233
Total_Experience_in_field_applied No_Of_Companies_worked Organization_encoded,-2006.575904347468,2006.575904347468
Passing_Year_Of_PHD Performance_Score Preferred_location_encoded,-2004.610405341056,2004.610405341056
Field_Specialization_Ratio Designation_encoded University_PG_encoded,2000.7265608378736,2000.7265608378736
Total_Experience Certifications Has_PG,-1999.633376861276,1999.633376861276
International_degree_any Performance_Score Role_encoded,1998.487958921542,1998.487958921542
Passing_Year_Of_PHD Inhand_Offer Role_encoded,-1997.9967511415932,1997.9967511415932
Role_encoded Graduation_Specialization_encoded PHD_Specialization_encoded,1996.3245407260274,1996.3245407260274
Total_Experience University_Grad_encoded^2,1995.9948387321444,1995.9948387321444
University_Grad_encoded PHD_Specialization_encoded,-1995.4102150615508,1995.4102150615508
Passing_Year_Of_PG International_degree_any Field_Specialization_Ratio,-1995.1031131223654,1995.1031131223654
Inhand_Offer PHD_Specialization_encoded^2,1992.937011423649,1992.937011423649
Total_Experience_in_field_applied Designation_encoded Graduation_Specialization_encoded,-1991.977471651671,1991.977471651671
Passing_Year_Of_Graduation Has_PHD University_Grad_encoded,1990.570341332955,1990.570341332955
Has_PG Role_encoded^2,1990.0806600710455,1990.0806600710455
Passing_Year_Of_PHD Performance_Score Industry_encoded,-1989.997711029552,1989.997711029552
Total_Experience Passing_Year_Of_PG Performance_Score,-1984.701179495633,1984.701179495633
Number_of_Publications Designation_encoded Education_Level_encoded,1984.3777771694888,1984.3777771694888
Department_encoded PHD_Specialization_encoded University_PHD_encoded,-1983.7118808889809,1983.7118808889809
Passing_Year_Of_PHD No_Of_Companies_worked International_degree_any,-1982.9042526337437,1982.9042526337437
Has_PG Industry_encoded^2,1980.6590214508813,1980.6590214508813
No_Of_Companies_worked International_degree_any Curent_Location_encoded,1979.1692613273656,1979.1692613273656
Number_of_Publications Preferred_location_encoded^2,-1978.5781536980512,1978.5781536980512
Passing_Year_Of_PG Certifications Role_encoded,1977.6793682000075,1977.6793682000075
No_Of_Companies_worked^2 Graduation_Specialization_encoded,1976.8626078135978,1976.8626078135978
Passing_Year_Of_Graduation Graduation_Specialization_encoded Curent_Location_encoded,-1976.84137425475,1976.84137425475
Has_PG Role_encoded PHD_Specialization_encoded,1975.576356956686,1975.576356956686
Passing_Year_Of_PHD Inhand_Offer Department_encoded,-1975.3001808592724,1975.3001808592724
Total_Experience Department_encoded^2,-1975.1251316519613,1975.1251316519613
International_degree_any University_PG_encoded PHD_Specialization_encoded,1974.8014470103842,1974.8014470103842
Total_Experience No_Of_Companies_worked PHD_Specialization_encoded,1974.7007787366142,1974.7007787366142
Field_Specialization_Ratio University_PG_encoded PHD_Specialization_encoded,1974.0341666197205,1974.0341666197205
Current_CTC Performance_Score PG_Specialization_encoded,-1973.3752079439898,1973.3752079439898
Total_Experience Passing_Year_Of_PG Has_PG,-1972.5495383788937,1972.5495383788937
Organization_encoded^2 Curent_Location_encoded,-1970.1424865780755,1970.1424865780755
Total_Experience Curent_Location_encoded^2,-1969.1189831902002,1969.1189831902002
Passing_Year_Of_PG Passing_Year_Of_PHD Organization_encoded,1967.4774540963945,1967.4774540963945
Certifications University_Grad_encoded PHD_Specialization_encoded,-1966.8704964981866,1966.8704964981866
Inhand_Offer No_Of_Companies_worked Designation_encoded,1965.978971412028,1965.978971412028
Total_Experience_in_field_applied Certifications Performance_Score,1965.6853559302685,1965.6853559302685
Total_Experience No_Of_Companies_worked Role_encoded,1961.9459441830595,1961.9459441830595
Curent_Location_encoded^2 Preferred_location_encoded,-1961.8404931844289,1961.8404931844289
Passing_Year_Of_Graduation Graduation_Specialization_encoded University_PHD_encoded,-1959.696786942292,1959.696786942292
Has_PG Performance_Score,-1957.2373287647406,1957.2373287647406
Passing_Year_Of_PG Passing_Year_Of_PHD Role_encoded,1956.3291432011758,1956.3291432011758
Passing_Year_Of_PG^2 University_Grad_encoded,1955.006249492475,1955.006249492475
Total_Experience_in_field_applied Current_CTC^2,1954.956337470095,1954.956337470095
Certifications Graduation_Specialization_encoded University_Grad_encoded,-1953.8386783637275,1953.8386783637275
Current_CTC No_Of_Companies_worked University_Grad_encoded,-1952.5099431523083,1952.5099431523083
Inhand_Offer Has_PHD,1952.075335443603,1952.075335443603
Designation_encoded PG_Specialization_encoded University_PG_encoded,-1950.9715412776839,1950.9715412776839
Passing_Year_Of_Graduation Field_Specialization_Ratio^2,1950.5483498615195,1950.5483498615195
Total_Experience_in_field_applied PHD_Specialization_encoded University_PHD_encoded,-1950.2759657646902,1950.2759657646902
Total_Experience_in_field_applied Role_encoded PG_Specialization_encoded,-1947.9755733039344,1947.9755733039344
No_Of_Companies_worked Department_encoded PG_Specialization_encoded,-1947.967077866396,1947.967077866396
Certifications Designation_encoded Curent_Location_encoded,-1945.8413657048861,1945.8413657048861
Total_Experience Role_encoded Curent_Location_encoded,1945.36049698222,1945.36049698222
University_Grad_encoded University_PHD_encoded,-1943.9193177800073,1943.9193177800073
Graduation_Specialization_encoded^2 University_PG_encoded,1943.681357070425,1943.681357070425
Department_encoded University_PG_encoded PHD_Specialization_encoded,-1942.899285701669,1942.899285701669
Has_PG^2 Role_encoded,-1942.377761986258,1942.377761986258
Passing_Year_Of_Graduation University_PG_encoded Education_Level_encoded,1942.3431706281003,1942.3431706281003
Total_Experience_in_field_applied Field_Specialization_Ratio Organization_encoded,-1941.239728555444,1941.239728555444
Certifications Has_PG^2,-1941.087793415008,1941.087793415008
Current_CTC Designation_encoded University_PHD_encoded,-1939.4696697341744,1939.4696697341744
Total_Experience_in_field_applied University_PHD_encoded^2,-1939.3903909344388,1939.3903909344388
Passing_Year_Of_PHD Organization_encoded^2,1939.3724693905065,1939.3724693905065
Inhand_Offer Industry_encoded PHD_Specialization_encoded,1939.0876371566178,1939.0876371566178
Has_PG Has_PHD Department_encoded,-1938.9711978064493,1938.9711978064493
Total_Experience_in_field_applied Passing_Year_Of_PG Curent_Location_encoded,-1937.402018082136,1937.402018082136
Has_PG Department_encoded Education_Level_encoded,1936.624558343832,1936.624558343832
Inhand_Offer Graduation_Specialization_encoded University_PHD_encoded,1934.6422321330263,1934.6422321330263
Passing_Year_Of_PHD University_PG_encoded Education_Level_encoded,1933.6144744077353,1933.6144744077353
Number_of_Publications Curent_Location_encoded Education_Level_encoded,1932.7078519099223,1932.7078519099223
Inhand_Offer Has_PHD Performance_Score,1931.2047999178967,1931.2047999178967
PHD_Specialization_encoded^2 Preferred_location_encoded,-1930.6175155504181,1930.6175155504181
Total_Experience_in_field_applied Number_of_Publications Designation_encoded,1930.1244568928614,1930.1244568928614
University_Grad_encoded Preferred_location_encoded Education_Level_encoded,1930.027095396014,1930.027095396014
PG_Specialization_encoded University_PHD_encoded Curent_Location_encoded,-1928.691039835294,1928.691039835294
Passing_Year_Of_PHD Certifications Role_encoded,1927.728121593968,1927.728121593968
Certifications International_degree_any Industry_encoded,-1927.340223375926,1927.340223375926
No_Of_Companies_worked Number_of_Publications Preferred_location_encoded,-1926.822715534875,1926.822715534875
Total_Experience Department_encoded Designation_encoded,-1925.4057965999496,1925.4057965999496
No_Of_Companies_worked Graduation_Specialization_encoded University_PHD_encoded,-1925.011776000183,1925.011776000183
No_Of_Companies_worked Performance_Score Graduation_Specialization_encoded,1923.983808835318,1923.983808835318
Has_PHD Performance_Score Designation_encoded,-1921.7684186888957,1921.7684186888957
Inhand_Offer Industry_encoded PG_Specialization_encoded,-1921.2308291205063,1921.2308291205063
No_Of_Companies_worked International_degree_any University_PHD_encoded,1919.7506131508737,1919.7506131508737
University_Grad_encoded^3,1919.149975849865,1919.149975849865
University_Grad_encoded University_PG_encoded PHD_Specialization_encoded,1918.470494528411,1918.470494528411
Passing_Year_Of_Graduation Organization_encoded Graduation_Specialization_encoded,1917.641819941489,1917.641819941489
Total_Experience_in_field_applied Role_encoded Curent_Location_encoded,1912.927985538933,1912.927985538933
Passing_Year_Of_PG Field_Specialization_Ratio University_Grad_encoded,-1910.6660019243902,1910.6660019243902
Current_CTC Has_PHD Organization_encoded,1909.2817232338894,1909.2817232338894
Role_encoded Graduation_Specialization_encoded PG_Specialization_encoded,1908.0080981158314,1908.0080981158314
Has_PG PG_Specialization_encoded Education_Level_encoded,1906.8219565347424,1906.8219565347424
Passing_Year_Of_PG Number_of_Publications Certifications,-1904.9178961099694,1904.9178961099694
Inhand_Offer Role_encoded Graduation_Specialization_encoded,1901.1518235546305,1901.1518235546305
Inhand_Offer Has_PHD University_PHD_encoded,-1900.691724422962,1900.691724422962
Total_Experience_in_field_applied Inhand_Offer International_degree_any,-1893.678693583547,1893.678693583547
Passing_Year_Of_Graduation Certifications Education_Level_encoded,-1893.103677879419,1893.103677879419
Role_encoded Designation_encoded University_Grad_encoded,1892.5479697068915,1892.5479697068915
Total_Experience Total_Experience_in_field_applied Curent_Location_encoded,1892.3949823518894,1892.3949823518894
Designation_encoded PG_Specialization_encoded,1891.2296203561127,1891.2296203561127
No_Of_Companies_worked Number_of_Publications Industry_encoded,-1889.6968392181195,1889.6968392181195
No_Of_Companies_worked PG_Specialization_encoded University_PHD_encoded,-1888.0678458567043,1888.0678458567043
Organization_encoded University_PG_encoded^2,-1887.9620198133464,1887.9620198133464
Passing_Year_Of_PHD^2 University_Grad_encoded,1885.0322190208324,1885.0322190208324
Graduation_Specialization_encoded University_PHD_encoded Curent_Location_encoded,1884.7622859792575,1884.7622859792575
Total_Experience University_PHD_encoded Curent_Location_encoded,-1884.7278537714456,1884.7278537714456
Passing_Year_Of_Graduation Passing_Year_Of_PHD Role_encoded,-1881.2527903286364,1881.2527903286364
Has_PG Role_encoded University_PG_encoded,1879.2656103897023,1879.2656103897023
Passing_Year_Of_PHD Designation_encoded University_Grad_encoded,1879.1343239510793,1879.1343239510793
Organization_encoded Graduation_Specialization_encoded University_Grad_encoded,1879.0612585482515,1879.0612585482515
Total_Experience_in_field_applied Passing_Year_Of_PG Field_Specialization_Ratio,-1877.1798887415378,1877.1798887415378
Total_Experience University_PG_encoded Curent_Location_encoded,-1876.810560012962,1876.810560012962
Number_of_Publications Has_PHD Role_encoded,-1875.5597266864663,1875.5597266864663
No_Of_Companies_worked Performance_Score Industry_encoded,1875.5355309528145,1875.5355309528145
Certifications Industry_encoded University_PG_encoded,-1875.4120698708177,1875.4120698708177
Current_CTC Certifications PHD_Specialization_encoded,-1873.8674646700936,1873.8674646700936
Performance_Score University_Grad_encoded Education_Level_encoded,-1871.3449652369911,1871.3449652369911
Total_Experience Department_encoded Role_encoded,-1869.5192682396425,1869.5192682396425
Total_Experience_in_field_applied Industry_encoded University_PG_encoded,-1865.9064553790943,1865.9064553790943
No_Of_Companies_worked Has_PHD PG_Specialization_encoded,1865.2232362603881,1865.2232362603881
Total_Experience_in_field_applied Current_CTC Designation_encoded,1864.6833781275093,1864.6833781275093
Certifications Field_Specialization_Ratio Has_PHD,1863.4928127035641,1863.4928127035641
Inhand_Offer University_PHD_encoded Preferred_location_encoded,1859.9011899997972,1859.9011899997972
Inhand_Offer University_PHD_encoded Education_Level_encoded,1859.5488877739924,1859.5488877739924
Field_Specialization_Ratio Preferred_location_encoded^2,1858.6422513210882,1858.6422513210882
Current_CTC No_Of_Companies_worked PG_Specialization_encoded,-1857.382916983412,1857.382916983412
Certifications Graduation_Specialization_encoded PG_Specialization_encoded,-1855.3460362327862,1855.3460362327862
Passing_Year_Of_Graduation Has_PG Designation_encoded,-1855.2928043323486,1855.2928043323486
Current_CTC Has_PG PHD_Specialization_encoded,1853.9947324691923,1853.9947324691923
Organization_encoded Designation_encoded Education_Level_encoded,-1850.813613143989,1850.813613143989
Passing_Year_Of_Graduation Has_PG University_Grad_encoded,-1849.363540393647,1849.363540393647
Total_Experience Certifications PHD_Specialization_encoded,1848.9250393172217,1848.9250393172217
No_Of_Companies_worked Certifications University_Grad_encoded,1848.1033866727646,1848.1033866727646
Passing_Year_Of_PG Role_encoded,-1847.760337962793,1847.760337962793
Inhand_Offer Designation_encoded Graduation_Specialization_encoded,-1847.1270894599338,1847.1270894599338
Passing_Year_Of_PHD Performance_Score University_Grad_encoded,-1846.099438368693,1846.099438368693
International_degree_any Department_encoded Graduation_Specialization_encoded,1845.97908421985,1845.97908421985
Passing_Year_Of_PG^2 Industry_encoded,1844.9828746284409,1844.9828746284409
Number_of_Publications^2,1844.6710859218003,1844.6710859218003
Total_Experience_in_field_applied Inhand_Offer University_Grad_encoded,-1843.5297899613583,1843.5297899613583
Department_encoded Graduation_Specialization_encoded PHD_Specialization_encoded,1841.9109531132237,1841.9109531132237
Passing_Year_Of_Graduation Organization_encoded,-1841.101361801896,1841.101361801896
University_PG_encoded^3,-1840.041052336362,1840.041052336362
Field_Specialization_Ratio Has_PG University_Grad_encoded,1838.953340949992,1838.953340949992
Certifications University_Grad_encoded University_PG_encoded,-1838.807699090062,1838.807699090062
Inhand_Offer Has_PG University_PHD_encoded,-1833.9411528253863,1833.9411528253863
Total_Experience_in_field_applied International_degree_any Role_encoded,-1833.8968562475532,1833.8968562475532
No_Of_Companies_worked Has_PHD Industry_encoded,1833.016964521987,1833.016964521987
Current_CTC Certifications Department_encoded,-1831.7149975008979,1831.7149975008979
Total_Experience_in_field_applied Number_of_Publications Has_PHD,-1831.3061386332204,1831.3061386332204
Current_CTC Department_encoded University_PG_encoded,-1828.8570699265813,1828.8570699265813
Passing_Year_Of_PG Passing_Year_Of_PHD^2,-1827.5346239382786,1827.5346239382786
Current_CTC Number_of_Publications Certifications,1826.8668078659796,1826.8668078659796
Current_CTC No_Of_Companies_worked Has_PHD,1826.426142868601,1826.426142868601
Current_CTC Role_encoded Education_Level_encoded,1825.7052699730823,1825.7052699730823
Passing_Year_Of_PG Performance_Score,1824.9948682489658,1824.9948682489658
Passing_Year_Of_PG No_Of_Companies_worked University_PHD_encoded,-1824.7123675241621,1824.7123675241621
PG_Specialization_encoded^2,-1824.1467265533445,1824.1467265533445
Organization_encoded PHD_Specialization_encoded,1820.175778019861,1820.175778019861
No_Of_Companies_worked Organization_encoded Graduation_Specialization_encoded,-1819.4981774534217,1819.4981774534217
Has_PG^2 Education_Level_encoded,1819.2013629476912,1819.2013629476912
Field_Specialization_Ratio Has_PG University_PG_encoded,1817.8151155968217,1817.8151155968217
Total_Experience Organization_encoded Education_Level_encoded,-1817.504106097131,1817.504106097131
Certifications Department_encoded Curent_Location_encoded,1817.4683372505815,1817.4683372505815
Organization_encoded University_Grad_encoded Curent_Location_encoded,-1816.714118068076,1816.714118068076
Total_Experience International_degree_any^2,-1814.6231409625782,1814.6231409625782
Department_encoded^2 Preferred_location_encoded,1812.8865979253676,1812.8865979253676
Current_CTC PHD_Specialization_encoded Preferred_location_encoded,-1812.1682536479789,1812.1682536479789
Current_CTC Has_PHD Designation_encoded,1811.2563879886616,1811.2563879886616
Has_PG Has_PHD Education_Level_encoded,1809.630364164175,1809.630364164175
Field_Specialization_Ratio Has_PG Performance_Score,1808.9484252243235,1808.9484252243235
Total_Experience Role_encoded PG_Specialization_encoded,1808.0517149184727,1808.0517149184727
Has_PG Graduation_Specialization_encoded University_PHD_encoded,-1805.9006461681809,1805.9006461681809
Department_encoded University_PHD_encoded Curent_Location_encoded,-1805.7398648074038,1805.7398648074038
Passing_Year_Of_Graduation Department_encoded Education_Level_encoded,-1805.7067108513293,1805.7067108513293
Number_of_Publications University_Grad_encoded Education_Level_encoded,1805.5177313926556,1805.5177313926556
Passing_Year_Of_PG Has_PHD Department_encoded,-1803.7327285479726,1803.7327285479726
Industry_encoded^2 Graduation_Specialization_encoded,1802.7597871018957,1802.7597871018957
Designation_encoded Graduation_Specialization_encoded Curent_Location_encoded,1800.4461079038063,1800.4461079038063
Passing_Year_Of_PHD Preferred_location_encoded Education_Level_encoded,1800.2695442681274,1800.2695442681274
Inhand_Offer^2 Preferred_location_encoded,1799.92694835369,1799.92694835369
Total_Experience International_degree_any Designation_encoded,-1798.1603249764935,1798.1603249764935
Inhand_Offer University_Grad_encoded University_PG_encoded,1798.1330174347013,1798.1330174347013
Total_Experience Role_encoded Graduation_Specialization_encoded,1797.6752724388366,1797.6752724388366
Passing_Year_Of_PHD Organization_encoded Designation_encoded,1795.9206485892717,1795.9206485892717
Total_Experience Number_of_Publications Organization_encoded,1793.5873132167683,1793.5873132167683
Inhand_Offer^2 International_degree_any,-1793.3277214390234,1793.3277214390234
Passing_Year_Of_PG Has_PG Graduation_Specialization_encoded,-1793.2050691112988,1793.2050691112988
Inhand_Offer Organization_encoded Curent_Location_encoded,-1792.0299017375648,1792.0299017375648
Total_Experience_in_field_applied Preferred_location_encoded^2,1791.8720181045867,1791.8720181045867
Number_of_Publications Has_PG Preferred_location_encoded,-1791.5778770120285,1791.5778770120285
Designation_encoded^2 Education_Level_encoded,-1790.3670926727002,1790.3670926727002
Passing_Year_Of_PG Education_Level_encoded,-1790.0058498576386,1790.0058498576386
Current_CTC Field_Specialization_Ratio Organization_encoded,1789.692999528912,1789.692999528912
No_Of_Companies_worked Certifications International_degree_any,-1788.5989524482188,1788.5989524482188
Total_Experience_in_field_applied University_Grad_encoded PG_Specialization_encoded,-1787.7906641459233,1787.7906641459233
No_Of_Companies_worked Certifications Preferred_location_encoded,1787.4173327274314,1787.4173327274314
Number_of_Publications Designation_encoded^2,1785.4748209976315,1785.4748209976315
No_Of_Companies_worked Certifications^2,1784.214854547618,1784.214854547618
Role_encoded^2 PHD_Specialization_encoded,-1784.0136485622982,1784.0136485622982
Certifications PHD_Specialization_encoded^2,1783.8713637976866,1783.8713637976866
Current_CTC Department_encoded PG_Specialization_encoded,-1783.7853594174037,1783.7853594174037
Has_PG Department_encoded Organization_encoded,1783.1297643612415,1783.1297643612415
Total_Experience_in_field_applied University_Grad_encoded PHD_Specialization_encoded,-1782.741908832892,1782.741908832892
Has_PG Has_PHD PHD_Specialization_encoded,1782.3242184899811,1782.3242184899811
Total_Experience Certifications Industry_encoded,-1781.853130189606,1781.853130189606
Passing_Year_Of_PG Number_of_Publications Department_encoded,-1781.7125838662985,1781.7125838662985
Number_of_Publications Certifications Department_encoded,1781.28440878378,1781.28440878378
Organization_encoded PG_Specialization_encoded PHD_Specialization_encoded,-1780.9067398577051,1780.9067398577051
University_Grad_encoded PG_Specialization_encoded^2,1780.9067307447422,1780.9067307447422
International_degree_any Role_encoded Organization_encoded,1778.6687503238,1778.6687503238
Graduation_Specialization_encoded University_PG_encoded PHD_Specialization_encoded,1778.2602352732474,1778.2602352732474
International_degree_any^2 Field_Specialization_Ratio,1778.2483331725632,1778.2483331725632
Field_Specialization_Ratio Has_PHD^2,1777.9282435120697,1777.9282435120697
Passing_Year_Of_Graduation Designation_encoded PG_Specialization_encoded,1777.3689171561573,1777.3689171561573
Total_Experience No_Of_Companies_worked University_PHD_encoded,1775.939247689672,1775.939247689672
Total_Experience_in_field_applied Passing_Year_Of_Graduation Industry_encoded,-1775.8001256867992,1775.8001256867992
Passing_Year_Of_Graduation^2 Department_encoded,1775.2090961330175,1775.2090961330175
Total_Experience_in_field_applied Inhand_Offer PG_Specialization_encoded,1775.0324699545379,1775.0324699545379
Inhand_Offer PHD_Specialization_encoded Preferred_location_encoded,-1774.4546554210963,1774.4546554210963
Has_PHD Department_encoded Industry_encoded,1772.760948435384,1772.760948435384
Passing_Year_Of_Graduation Passing_Year_Of_PHD Designation_encoded,-1772.633621109077,1772.633621109077
Number_of_Publications International_degree_any Graduation_Specialization_encoded,1771.7526574554306,1771.7526574554306
Current_CTC Curent_Location_encoded Preferred_location_encoded,-1770.4467760827517,1770.4467760827517
Total_Experience_in_field_applied Has_PHD Designation_encoded,1769.4643521315295,1769.4643521315295
Passing_Year_Of_PHD Designation_encoded Education_Level_encoded,-1769.2319311575102,1769.2319311575102
International_degree_any Organization_encoded University_Grad_encoded,-1768.8098701272588,1768.8098701272588
Current_CTC Number_of_Publications Education_Level_encoded,-1768.095527869262,1768.095527869262
Total_Experience PG_Specialization_encoded University_PG_encoded,1767.266606849039,1767.266606849039
Passing_Year_Of_PHD Organization_encoded University_PG_encoded,1766.782340518748,1766.782340518748
Role_encoded,-1766.2939426806204,1766.2939426806204
Has_PHD Role_encoded Organization_encoded,1766.020676180729,1766.020676180729
Passing_Year_Of_PHD^2 Industry_encoded,-1765.9230960377324,1765.9230960377324
Role_encoded Curent_Location_encoded,-1764.0349388508457,1764.0349388508457
Certifications PG_Specialization_encoded Curent_Location_encoded,-1758.8201002312585,1758.8201002312585
Number_of_Publications Industry_encoded University_PG_encoded,1758.6898583690793,1758.6898583690793
University_PG_encoded PHD_Specialization_encoded University_PHD_encoded,-1758.6707614527536,1758.6707614527536
Passing_Year_Of_PHD Industry_encoded Designation_encoded,1758.3074509676871,1758.3074509676871
Passing_Year_Of_PG Designation_encoded Education_Level_encoded,-1751.8916795605717,1751.8916795605717
Industry_encoded University_Grad_encoded,1751.6616757958625,1751.6616757958625
Has_PHD Graduation_Specialization_encoded,-1750.880719432054,1750.880719432054
Field_Specialization_Ratio^2 Performance_Score,1749.1173654102026,1749.1173654102026
Department_encoded^2 University_PHD_encoded,-1745.3774230038869,1745.3774230038869
Role_encoded Industry_encoded PHD_Specialization_encoded,-1744.7244332483338,1744.7244332483338
Field_Specialization_Ratio Has_PG Industry_encoded,1743.9732778467123,1743.9732778467123
Passing_Year_Of_Graduation Passing_Year_Of_PHD PHD_Specialization_encoded,-1743.808152895493,1743.808152895493
Field_Specialization_Ratio Organization_encoded University_PG_encoded,1743.2896356198526,1743.2896356198526
Passing_Year_Of_Graduation Passing_Year_Of_PG Has_PHD,-1743.286734484242,1743.286734484242
Passing_Year_Of_Graduation Field_Specialization_Ratio University_PG_encoded,-1743.2414967193877,1743.2414967193877
Number_of_Publications Certifications Curent_Location_encoded,-1741.8231626411853,1741.8231626411853
Certifications Performance_Score Graduation_Specialization_encoded,1740.099497354146,1740.099497354146
International_degree_any University_Grad_encoded Education_Level_encoded,1739.4034818084172,1739.4034818084172
Certifications Performance_Score Education_Level_encoded,1739.2255999403394,1739.2255999403394
Performance_Score Curent_Location_encoded Preferred_location_encoded,1738.8990716067697,1738.8990716067697
Passing_Year_Of_PHD Role_encoded Industry_encoded,1736.9978634254005,1736.9978634254005
Inhand_Offer Designation_encoded University_Grad_encoded,1736.916750381501,1736.916750381501
Total_Experience Role_encoded University_Grad_encoded,1736.1560267656848,1736.1560267656848
Passing_Year_Of_PHD University_Grad_encoded PHD_Specialization_encoded,1735.807779430564,1735.807779430564
Passing_Year_Of_PHD University_PHD_encoded^2,-1735.3901571394542,1735.3901571394542
Department_encoded Graduation_Specialization_encoded,1735.2644154878,1735.2644154878
Inhand_Offer International_degree_any Graduation_Specialization_encoded,-1734.5678268877198,1734.5678268877198
Total_Experience_in_field_applied Passing_Year_Of_PG Role_encoded,1731.0015606015088,1731.0015606015088
Total_Experience Passing_Year_Of_PHD University_Grad_encoded,-1730.317838836432,1730.317838836432
Number_of_Publications Has_PG Graduation_Specialization_encoded,1724.304446703667,1724.304446703667
Total_Experience_in_field_applied Inhand_Offer Designation_encoded,-1723.104067247629,1723.104067247629
Role_encoded Organization_encoded Curent_Location_encoded,1722.9138380300221,1722.9138380300221
Department_encoded University_PG_encoded University_PHD_encoded,-1722.5439699214091,1722.5439699214091
Department_encoded Graduation_Specialization_encoded University_PHD_encoded,1722.1846173075994,1722.1846173075994
Has_PG PHD_Specialization_encoded Preferred_location_encoded,1722.1192337791201,1722.1192337791201
Field_Specialization_Ratio Industry_encoded University_PHD_encoded,1722.0935954341955,1722.0935954341955
Performance_Score PG_Specialization_encoded Curent_Location_encoded,1719.1136383881208,1719.1136383881208
Total_Experience_in_field_applied Industry_encoded PG_Specialization_encoded,-1718.4915181033023,1718.4915181033023
Performance_Score Organization_encoded^2,-1717.5596268333738,1717.5596268333738
Passing_Year_Of_Graduation Performance_Score Preferred_location_encoded,1717.201637094496,1717.201637094496
Total_Experience_in_field_applied Certifications PG_Specialization_encoded,-1716.087571913432,1716.087571913432
Passing_Year_Of_PHD Field_Specialization_Ratio^2,-1714.9467948817103,1714.9467948817103
Number_of_Publications International_degree_any Education_Level_encoded,1713.7230624491606,1713.7230624491606
Has_PHD Performance_Score Industry_encoded,-1712.821685355262,1712.821685355262
Department_encoded Designation_encoded,-1712.270774348862,1712.270774348862
Passing_Year_Of_Graduation Field_Specialization_Ratio Has_PHD,1710.8504007446418,1710.8504007446418
Total_Experience Field_Specialization_Ratio Organization_encoded,1710.6172841655755,1710.6172841655755
Total_Experience Inhand_Offer University_PG_encoded,1709.3879248534372,1709.3879248534372
Field_Specialization_Ratio PHD_Specialization_encoded Education_Level_encoded,-1707.5321177855906,1707.5321177855906
Field_Specialization_Ratio Organization_encoded University_Grad_encoded,1706.1655474384486,1706.1655474384486
International_degree_any Has_PG Department_encoded,-1705.7656380260796,1705.7656380260796
Total_Experience_in_field_applied Designation_encoded University_PHD_encoded,1705.306430454611,1705.306430454611
Passing_Year_Of_Graduation Organization_encoded^2,1703.309157185319,1703.309157185319
Has_PG Organization_encoded Graduation_Specialization_encoded,1702.4647491107469,1702.4647491107469
Role_encoded Preferred_location_encoded^2,1702.0300430130148,1702.0300430130148
Industry_encoded PHD_Specialization_encoded Curent_Location_encoded,1701.8375932800259,1701.8375932800259
Passing_Year_Of_PHD Has_PG Organization_encoded,-1701.6770796050116,1701.6770796050116
Passing_Year_Of_PHD Inhand_Offer University_PG_encoded,-1700.382885751269,1700.382885751269
Passing_Year_Of_PG Department_encoded Education_Level_encoded,-1699.8415711829641,1699.8415711829641
Organization_encoded University_Grad_encoded Education_Level_encoded,-1697.6751102794408,1697.6751102794408
Number_of_Publications Has_PG Performance_Score,-1697.4566598799918,1697.4566598799918
Total_Experience Has_PHD University_PHD_encoded,-1696.429980710592,1696.429980710592
Field_Specialization_Ratio Has_PG Designation_encoded,1696.3138403770895,1696.3138403770895
Passing_Year_Of_Graduation No_Of_Companies_worked Field_Specialization_Ratio,-1696.1466051271216,1696.1466051271216
Performance_Score Role_encoded Preferred_location_encoded,1695.8380175139887,1695.8380175139887
International_degree_any PHD_Specialization_encoded^2,1695.593524727592,1695.593524727592
Total_Experience_in_field_applied Industry_encoded Organization_encoded,1693.4015684600265,1693.4015684600265
International_degree_any Role_encoded Graduation_Specialization_encoded,1691.0149995980055,1691.0149995980055
Organization_encoded Preferred_location_encoded^2,1689.3283107092275,1689.3283107092275
Certifications Field_Specialization_Ratio Has_PG,1689.1526478701655,1689.1526478701655
Has_PG Industry_encoded Graduation_Specialization_encoded,1688.426962668571,1688.426962668571
Number_of_Publications University_PG_encoded University_PHD_encoded,-1688.0304975962533,1688.0304975962533
Inhand_Offer No_Of_Companies_worked Preferred_location_encoded,-1688.0223850145644,1688.0223850145644
Number_of_Publications Performance_Score Department_encoded,-1687.16671052282,1687.16671052282
Total_Experience Inhand_Offer Number_of_Publications,1686.706522611156,1686.706522611156
Total_Experience No_Of_Companies_worked Education_Level_encoded,-1686.5224433174535,1686.5224433174535
Passing_Year_Of_Graduation PG_Specialization_encoded Education_Level_encoded,1686.3291120059946,1686.3291120059946
Has_PG PHD_Specialization_encoded Education_Level_encoded,1685.2905771133187,1685.2905771133187
Field_Specialization_Ratio Industry_encoded PG_Specialization_encoded,-1685.266015173128,1685.266015173128
University_PG_encoded Preferred_location_encoded Education_Level_encoded,-1685.021521967811,1685.021521967811
Passing_Year_Of_Graduation University_PG_encoded University_PHD_encoded,1682.940824487724,1682.940824487724
Organization_encoded University_PG_encoded,1682.6065702490318,1682.6065702490318
No_Of_Companies_worked Certifications Field_Specialization_Ratio,-1681.9521202470771,1681.9521202470771
PG_Specialization_encoded Curent_Location_encoded Education_Level_encoded,-1681.249570845118,1681.249570845118
Inhand_Offer Role_encoded University_PG_encoded,-1680.5649383611042,1680.5649383611042
Performance_Score Department_encoded PG_Specialization_encoded,-1676.4695442114873,1676.4695442114873
Total_Experience Current_CTC Organization_encoded,1675.4782778884473,1675.4782778884473
Current_CTC Has_PHD PG_Specialization_encoded,1675.1612735465344,1675.1612735465344
Total_Experience Number_of_Publications Industry_encoded,1674.4569919765795,1674.4569919765795
Total_Experience_in_field_applied Has_PG PHD_Specialization_encoded,1674.2347277056354,1674.2347277056354
Total_Experience Role_encoded^2,-1673.8748777327767,1673.8748777327767
Passing_Year_Of_PG^2 Role_encoded,1673.531781080067,1673.531781080067
Inhand_Offer Role_encoded Curent_Location_encoded,1673.2933067092945,1673.2933067092945
Total_Experience_in_field_applied University_Grad_encoded Education_Level_encoded,1671.8921397406423,1671.8921397406423
Total_Experience_in_field_applied Passing_Year_Of_PHD Role_encoded,1671.6470212521613,1671.6470212521613
Passing_Year_Of_PHD Inhand_Offer Designation_encoded,-1669.1564791702408,1669.1564791702408
Number_of_Publications Preferred_location_encoded Education_Level_encoded,-1668.8661449389333,1668.8661449389333
Total_Experience_in_field_applied Performance_Score Education_Level_encoded,1668.4948676135025,1668.4948676135025
International_degree_any Designation_encoded PHD_Specialization_encoded,1667.8338491741483,1667.8338491741483
Passing_Year_Of_PHD Current_CTC Preferred_location_encoded,1666.569584509055,1666.569584509055
Field_Specialization_Ratio Has_PHD Graduation_Specialization_encoded,1665.4909052767891,1665.4909052767891
Has_PG Department_encoded PHD_Specialization_encoded,1665.1784423089703,1665.1784423089703
Certifications Has_PHD Designation_encoded,1664.2346164432947,1664.2346164432947
Passing_Year_Of_PHD Has_PG PHD_Specialization_encoded,1663.1539054787384,1663.1539054787384
No_Of_Companies_worked Has_PHD PHD_Specialization_encoded,1663.0324954497382,1663.0324954497382
Has_PG Has_PHD Industry_encoded,-1661.4388522046704,1661.4388522046704
Total_Experience Certifications^2,1659.1178598270703,1659.1178598270703
Total_Experience Passing_Year_Of_PHD Department_encoded,-1658.1065009933125,1658.1065009933125
Field_Specialization_Ratio Performance_Score Department_encoded,-1656.1245834217755,1656.1245834217755
Passing_Year_Of_Graduation Organization_encoded Curent_Location_encoded,1655.9524867070256,1655.9524867070256
Inhand_Offer University_Grad_encoded University_PHD_encoded,1654.7101176900485,1654.7101176900485
Inhand_Offer Role_encoded^2,-1654.5862835554037,1654.5862835554037
No_Of_Companies_worked Graduation_Specialization_encoded,-1654.3933729873374,1654.3933729873374
Total_Experience_in_field_applied Has_PG Industry_encoded,1652.6813597107466,1652.6813597107466
Certifications Graduation_Specialization_encoded Preferred_location_encoded,-1650.3387989715504,1650.3387989715504
Certifications Has_PG Industry_encoded,-1648.5762561154397,1648.5762561154397
Total_Experience Department_encoded University_PG_encoded,1647.375845129267,1647.375845129267
Certifications University_PG_encoded University_PHD_encoded,1647.300695404655,1647.300695404655
Passing_Year_Of_Graduation Industry_encoded,-1646.8629572447328,1646.8629572447328
Field_Specialization_Ratio Performance_Score University_PHD_encoded,-1645.1687295579968,1645.1687295579968
Passing_Year_Of_PHD Department_encoded^2,1642.7224156188788,1642.7224156188788
Certifications Field_Specialization_Ratio Organization_encoded,-1642.526823646699,1642.526823646699
PHD_Specialization_encoded Curent_Location_encoded^2,1638.9534180326293,1638.9534180326293
International_degree_any Department_encoded,-1638.6660422202767,1638.6660422202767
Passing_Year_Of_PHD Has_PG Industry_encoded,-1636.9620202485796,1636.9620202485796
Passing_Year_Of_PHD PHD_Specialization_encoded Education_Level_encoded,1636.3757231618777,1636.3757231618777
Has_PG Industry_encoded PHD_Specialization_encoded,1636.313651261534,1636.313651261534
Passing_Year_Of_Graduation Passing_Year_Of_PG Curent_Location_encoded,-1634.2902895369975,1634.2902895369975
Total_Experience Inhand_Offer Department_encoded,-1634.087499238368,1634.087499238368
Total_Experience_in_field_applied Performance_Score Industry_encoded,1633.0051508319057,1633.0051508319057
Inhand_Offer Performance_Score University_Grad_encoded,1631.603381602796,1631.603381602796
Has_PG University_PG_encoded,-1631.1648928286445,1631.1648928286445
Has_PHD University_Grad_encoded,-1630.3866404800717,1630.3866404800717
Has_PHD Role_encoded PHD_Specialization_encoded,1629.4397503804803,1629.4397503804803
Number_of_Publications,-1628.8693912848414,1628.8693912848414
Certifications University_Grad_encoded Preferred_location_encoded,-1627.1555627203616,1627.1555627203616
Role_encoded^2,-1625.7535429317018,1625.7535429317018
No_Of_Companies_worked^2 Curent_Location_encoded,1625.2138893674037,1625.2138893674037
Field_Specialization_Ratio Performance_Score PG_Specialization_encoded,-1623.6364784975635,1623.6364784975635
No_Of_Companies_worked Has_PHD University_PG_encoded,1622.6231064661224,1622.6231064661224
Number_of_Publications Performance_Score Education_Level_encoded,-1620.7534700525473,1620.7534700525473
Certifications Industry_encoded PG_Specialization_encoded,1620.6093840398307,1620.6093840398307
Passing_Year_Of_Graduation Passing_Year_Of_PHD Industry_encoded,-1620.3237854412603,1620.3237854412603
Role_encoded Industry_encoded,-1620.2255374413626,1620.2255374413626
Total_Experience University_Grad_encoded University_PHD_encoded,1619.8144410710386,1619.8144410710386
Passing_Year_Of_Graduation Inhand_Offer PHD_Specialization_encoded,-1619.5857232778403,1619.5857232778403
Has_PG Has_PHD University_PG_encoded,1619.2524431239433,1619.2524431239433
Passing_Year_Of_PG Industry_encoded University_PG_encoded,1619.1811604415202,1619.1811604415202
Passing_Year_Of_Graduation Industry_encoded University_PG_encoded,1617.8110256409777,1617.8110256409777
No_Of_Companies_worked Industry_encoded University_Grad_encoded,-1617.655398309578,1617.655398309578
No_Of_Companies_worked Field_Specialization_Ratio University_Grad_encoded,1613.6708733768385,1613.6708733768385
Total_Experience_in_field_applied Passing_Year_Of_PHD Current_CTC,1613.0654832815405,1613.0654832815405
Total_Experience_in_field_applied Has_PHD Organization_encoded,1612.4176651034975,1612.4176651034975
Passing_Year_Of_Graduation University_Grad_encoded University_PHD_encoded,-1610.2195514633606,1610.2195514633606
Performance_Score PG_Specialization_encoded University_PHD_encoded,-1610.061975580859,1610.061975580859
No_Of_Companies_worked Field_Specialization_Ratio Has_PG,1609.8496571986766,1609.8496571986766
Graduation_Specialization_encoded University_Grad_encoded^2,-1609.0590943497855,1609.0590943497855
No_Of_Companies_worked International_degree_any Preferred_location_encoded,1608.460868246731,1608.460868246731
Passing_Year_Of_PHD University_Grad_encoded Curent_Location_encoded,1607.750694550599,1607.750694550599
Current_CTC University_PG_encoded Preferred_location_encoded,-1606.763757605574,1606.763757605574
Performance_Score Role_encoded PG_Specialization_encoded,1605.7577159637829,1605.7577159637829
Total_Experience_in_field_applied No_Of_Companies_worked PG_Specialization_encoded,-1604.3700777242816,1604.3700777242816
Total_Experience_in_field_applied Industry_encoded University_Grad_encoded,-1601.8904682622674,1601.8904682622674
Passing_Year_Of_PG Has_PG Industry_encoded,1601.8467563569266,1601.8467563569266
Passing_Year_Of_PHD University_Grad_encoded Education_Level_encoded,1601.551395123795,1601.551395123795
Has_PHD^2 Education_Level_encoded,-1599.5698508275477,1599.5698508275477
Number_of_Publications Has_PHD Industry_encoded,-1598.984008862193,1598.984008862193
Current_CTC Organization_encoded Education_Level_encoded,1598.8186260413052,1598.8186260413052
Inhand_Offer No_Of_Companies_worked PHD_Specialization_encoded,-1598.3240188910831,1598.3240188910831
Passing_Year_Of_PHD University_Grad_encoded Preferred_location_encoded,1597.2013356830985,1597.2013356830985
Number_of_Publications Has_PG Organization_encoded,-1597.1865782233087,1597.1865782233087
Inhand_Offer Performance_Score PHD_Specialization_encoded,1596.8051994800012,1596.8051994800012
Total_Experience_in_field_applied Number_of_Publications University_PG_encoded,1596.0443831958787,1596.0443831958787
Inhand_Offer Designation_encoded University_PG_encoded,1595.8407675172527,1595.8407675172527
Passing_Year_Of_PHD Certifications Organization_encoded,1594.4591084999956,1594.4591084999956
Number_of_Publications Industry_encoded University_PHD_encoded,1593.2548113683044,1593.2548113683044
Certifications Department_encoded Education_Level_encoded,1592.941264024418,1592.941264024418
Field_Specialization_Ratio PG_Specialization_encoded University_PG_encoded,1586.6361078059977,1586.6361078059977
Industry_encoded PG_Specialization_encoded University_PG_encoded,-1586.6056995404447,1586.6056995404447
University_Grad_encoded University_PG_encoded Education_Level_encoded,1586.2424794304159,1586.2424794304159
Total_Experience_in_field_applied Passing_Year_Of_Graduation University_PG_encoded,-1586.173559791825,1586.173559791825
Field_Specialization_Ratio Performance_Score Industry_encoded,-1585.106561930157,1585.106561930157
Passing_Year_Of_PHD Performance_Score University_PG_encoded,-1584.9280751373733,1584.9280751373733
Field_Specialization_Ratio^2 University_PG_encoded,-1584.816026745029,1584.816026745029
Total_Experience Has_PHD University_PG_encoded,-1584.5787666147833,1584.5787666147833
Total_Experience Has_PG Preferred_location_encoded,-1583.8477574839021,1583.8477574839021
Total_Experience International_degree_any University_Grad_encoded,1582.8834630686924,1582.8834630686924
Passing_Year_Of_Graduation PHD_Specialization_encoded Preferred_location_encoded,1582.2519789203516,1582.2519789203516
Certifications Performance_Score University_PHD_encoded,-1582.2383922089393,1582.2383922089393
Passing_Year_Of_Graduation Performance_Score University_PHD_encoded,1582.0617901336393,1582.0617901336393
Number_of_Publications Has_PG University_PHD_encoded,-1581.8609172774404,1581.8609172774404
Certifications International_degree_any Designation_encoded,1579.70721683372,1579.70721683372
Inhand_Offer Has_PHD Industry_encoded,-1579.127422704892,1579.127422704892
Passing_Year_Of_Graduation Inhand_Offer Designation_encoded,1578.5867601818725,1578.5867601818725
Designation_encoded Graduation_Specialization_encoded,1577.5573643383905,1577.5573643383905
Passing_Year_Of_Graduation Organization_encoded Education_Level_encoded,-1576.4209411595407,1576.4209411595407
Performance_Score Graduation_Specialization_encoded Curent_Location_encoded,-1576.3904001493597,1576.3904001493597
Has_PHD Graduation_Specialization_encoded University_PG_encoded,-1575.957522982015,1575.957522982015
Industry_encoded PHD_Specialization_encoded,1574.114283228165,1574.114283228165
Field_Specialization_Ratio Has_PG Organization_encoded,1573.7624528863714,1573.7624528863714
Total_Experience_in_field_applied Has_PHD Department_encoded,1573.3796879949514,1573.3796879949514
Number_of_Publications Role_encoded PHD_Specialization_encoded,-1571.982578758231,1571.982578758231
Designation_encoded University_Grad_encoded Education_Level_encoded,-1571.6089613858621,1571.6089613858621
Has_PHD Department_encoded University_Grad_encoded,1571.5322990687716,1571.5322990687716
Passing_Year_Of_Graduation Passing_Year_Of_PHD Curent_Location_encoded,-1570.8844556614572,1570.8844556614572
Certifications International_degree_any University_PG_encoded,-1569.4288843009697,1569.4288843009697
Total_Experience Has_PG PHD_Specialization_encoded,-1569.1991828689406,1569.1991828689406
Has_PHD Role_encoded Designation_encoded,1568.3338451305706,1568.3338451305706
Inhand_Offer Field_Specialization_Ratio Department_encoded,1567.2167414982714,1567.2167414982714
Certifications Field_Specialization_Ratio Curent_Location_encoded,1566.8513944677507,1566.8513944677507
Passing_Year_Of_PHD Number_of_Publications International_degree_any,-1565.8903790971708,1565.8903790971708
Number_of_Publications PHD_Specialization_encoded Education_Level_encoded,1565.6294183490177,1565.6294183490177
Total_Experience_in_field_applied Field_Specialization_Ratio PHD_Specialization_encoded,-1564.51337329618,1564.51337329618
Passing_Year_Of_PG Passing_Year_Of_PHD Designation_encoded,1562.245855632296,1562.245855632296
Passing_Year_Of_Graduation Performance_Score Curent_Location_encoded,1561.0022122868888,1561.0022122868888
Industry_encoded University_Grad_encoded University_PHD_encoded,-1559.9395943735478,1559.9395943735478
Graduation_Specialization_encoded Curent_Location_encoded,-1559.1980813541563,1559.1980813541563
Total_Experience Designation_encoded Preferred_location_encoded,1556.4016113453238,1556.4016113453238
Passing_Year_Of_PG Certifications International_degree_any,-1556.3996865954905,1556.3996865954905
Passing_Year_Of_Graduation Inhand_Offer,1556.2789807629429,1556.2789807629429
Total_Experience Certifications Preferred_location_encoded,1555.2770112117012,1555.2770112117012
Current_CTC Department_encoded Education_Level_encoded,-1554.973665578055,1554.973665578055
Passing_Year_Of_Graduation^2 Role_encoded,-1554.7933196340812,1554.7933196340812
Passing_Year_Of_PG Field_Specialization_Ratio University_PHD_encoded,-1553.7972227796079,1553.7972227796079
Passing_Year_Of_PHD Certifications Industry_encoded,1553.4669044412092,1553.4669044412092
Total_Experience Inhand_Offer Designation_encoded,1553.4397885130843,1553.4397885130843
Has_PG^2 Performance_Score,-1551.1292192032226,1551.1292192032226
Passing_Year_Of_Graduation Passing_Year_Of_PG Has_PG,1549.9829494014318,1549.9829494014318
Total_Experience Current_CTC Preferred_location_encoded,1549.914451032784,1549.914451032784
Total_Experience_in_field_applied Passing_Year_Of_PHD University_PG_encoded,1549.4758372062172,1549.4758372062172
Has_PHD Department_encoded Curent_Location_encoded,1548.1269422485775,1548.1269422485775
Passing_Year_Of_PG Has_PG PG_Specialization_encoded,-1548.0309262886772,1548.0309262886772
Performance_Score PHD_Specialization_encoded Education_Level_encoded,-1547.5455766963596,1547.5455766963596
Total_Experience_in_field_applied PG_Specialization_encoded PHD_Specialization_encoded,-1547.158051333235,1547.158051333235
Performance_Score Graduation_Specialization_encoded University_Grad_encoded,1546.6717870335326,1546.6717870335326
Passing_Year_Of_Graduation Passing_Year_Of_PHD No_Of_Companies_worked,-1546.1232740281202,1546.1232740281202
Passing_Year_Of_Graduation Passing_Year_Of_PG Industry_encoded,-1545.9212324311243,1545.9212324311243
Total_Experience No_Of_Companies_worked Preferred_location_encoded,-1544.2427882316574,1544.2427882316574
Has_PHD PHD_Specialization_encoded,1544.158615595209,1544.158615595209
Has_PG Has_PHD Performance_Score,-1544.0841800253727,1544.0841800253727
International_degree_any PHD_Specialization_encoded,1543.4513773996448,1543.4513773996448
Passing_Year_Of_Graduation University_Grad_encoded Education_Level_encoded,-1542.894601281896,1542.894601281896
No_Of_Companies_worked Role_encoded PG_Specialization_encoded,1542.6196426516524,1542.6196426516524
Total_Experience_in_field_applied Has_PG Education_Level_encoded,-1542.594123460035,1542.594123460035
Passing_Year_Of_PG University_Grad_encoded Education_Level_encoded,1541.6138230085526,1541.6138230085526
Number_of_Publications Role_encoded Graduation_Specialization_encoded,-1541.5588783783387,1541.5588783783387
PG_Specialization_encoded University_PG_encoded PHD_Specialization_encoded,-1539.1092341071128,1539.1092341071128
Passing_Year_Of_Graduation International_degree_any University_PHD_encoded,-1538.3116873992303,1538.3116873992303
Certifications International_degree_any,-1538.139911309795,1538.139911309795
Current_CTC^2 Performance_Score,1538.0317195903185,1538.0317195903185
Passing_Year_Of_PG^2 Has_PG,-1537.3709165825467,1537.3709165825467
Has_PHD Performance_Score Organization_encoded,-1536.7863524103032,1536.7863524103032
Has_PG Has_PHD Curent_Location_encoded,1536.6593757605026,1536.6593757605026
Passing_Year_Of_Graduation Industry_encoded Graduation_Specialization_encoded,1534.7774291907292,1534.7774291907292
Certifications PG_Specialization_encoded^2,-1533.0924504235081,1533.0924504235081
International_degree_any Graduation_Specialization_encoded Curent_Location_encoded,1532.9806579161796,1532.9806579161796
Passing_Year_Of_PHD Current_CTC University_PG_encoded,1531.8838018271297,1531.8838018271297
Department_encoded Organization_encoded Preferred_location_encoded,-1531.2119697169803,1531.2119697169803
Certifications Designation_encoded University_PG_encoded,-1530.2802622900047,1530.2802622900047
Total_Experience^2 Industry_encoded,1529.1131177317193,1529.1131177317193
Number_of_Publications Department_encoded Preferred_location_encoded,-1528.656920259491,1528.656920259491
International_degree_any Role_encoded Education_Level_encoded,-1528.2703879317964,1528.2703879317964
Inhand_Offer International_degree_any Education_Level_encoded,1527.6172808226386,1527.6172808226386
International_degree_any Organization_encoded PG_Specialization_encoded,1526.4908140212883,1526.4908140212883
Passing_Year_Of_PHD Inhand_Offer Field_Specialization_Ratio,-1526.3968232041207,1526.3968232041207
Current_CTC Preferred_location_encoded^2,-1525.5013909049828,1525.5013909049828
Passing_Year_Of_PHD No_Of_Companies_worked University_Grad_encoded,-1525.3759191046652,1525.3759191046652
Performance_Score Designation_encoded University_Grad_encoded,-1525.140765551649,1525.140765551649
Role_encoded Organization_encoded,-1525.0374991108883,1525.0374991108883
Total_Experience_in_field_applied Industry_encoded Education_Level_encoded,-1524.8947847450988,1524.8947847450988
Organization_encoded PG_Specialization_encoded Curent_Location_encoded,1524.4351455597505,1524.4351455597505
Passing_Year_Of_PG University_Grad_encoded Preferred_location_encoded,1523.9546601718582,1523.9546601718582
Certifications^2 International_degree_any,1523.3796743399469,1523.3796743399469
Current_CTC International_degree_any Field_Specialization_Ratio,-1522.8975961271549,1522.8975961271549
Passing_Year_Of_PG Organization_encoded Designation_encoded,1522.45850315178,1522.45850315178
Passing_Year_Of_PHD Current_CTC Industry_encoded,1522.2438403295882,1522.2438403295882
Inhand_Offer No_Of_Companies_worked Role_encoded,1521.8534358162294,1521.8534358162294
Current_CTC International_degree_any Designation_encoded,-1521.5414029108217,1521.5414029108217
International_degree_any Industry_encoded^2,-1520.3468096886784,1520.3468096886784
Organization_encoded University_PHD_encoded Preferred_location_encoded,-1519.4096493073325,1519.4096493073325
Certifications Industry_encoded University_Grad_encoded,-1519.1014173386366,1519.1014173386366
Number_of_Publications Designation_encoded Graduation_Specialization_encoded,-1517.9707477473112,1517.9707477473112
No_Of_Companies_worked University_PHD_encoded,1517.9284616693067,1517.9284616693067
Has_PG Organization_encoded PHD_Specialization_encoded,1517.8007383603162,1517.8007383603162
Field_Specialization_Ratio Has_PG Department_encoded,1517.549354063223,1517.549354063223
Passing_Year_Of_PHD^2 Field_Specialization_Ratio,-1517.1472610860258,1517.1472610860258
Number_of_Publications Industry_encoded^2,1517.042347623087,1517.042347623087
Current_CTC Inhand_Offer Industry_encoded,1516.6857361919033,1516.6857361919033
Total_Experience_in_field_applied Certifications Field_Specialization_Ratio,1515.8517580434623,1515.8517580434623
Has_PG University_PHD_encoded Education_Level_encoded,1514.4601965328231,1514.4601965328231
Graduation_Specialization_encoded^2,1514.3950154927757,1514.3950154927757
Number_of_Publications Curent_Location_encoded Preferred_location_encoded,1513.1004704637362,1513.1004704637362
Passing_Year_Of_PHD Inhand_Offer Curent_Location_encoded,-1510.4169414257678,1510.4169414257678
Total_Experience Passing_Year_Of_PHD PHD_Specialization_encoded,1510.1370086252593,1510.1370086252593
Industry_encoded^2,-1508.8849406847967,1508.8849406847967
Total_Experience University_PHD_encoded Preferred_location_encoded,1506.5884716728908,1506.5884716728908
Department_encoded PG_Specialization_encoded University_PHD_encoded,-1505.7164314068223,1505.7164314068223
Passing_Year_Of_PG University_Grad_encoded University_PHD_encoded,1505.2237141283388,1505.2237141283388
Designation_encoded PHD_Specialization_encoded Preferred_location_encoded,-1505.038074813356,1505.038074813356
Total_Experience Passing_Year_Of_PHD University_PG_encoded,1504.691265218006,1504.691265218006
Current_CTC Field_Specialization_Ratio Has_PG,-1503.2793704810474,1503.2793704810474
Current_CTC PG_Specialization_encoded University_PG_encoded,-1502.7572087096457,1502.7572087096457
Industry_encoded PHD_Specialization_encoded Education_Level_encoded,1501.5385858036782,1501.5385858036782
Total_Experience_in_field_applied Passing_Year_Of_PG Current_CTC,1500.176192677917,1500.176192677917
Passing_Year_Of_PHD PHD_Specialization_encoded Preferred_location_encoded,1499.3807473827624,1499.3807473827624
International_degree_any Department_encoded Education_Level_encoded,-1498.6374616071128,1498.6374616071128
Performance_Score Industry_encoded University_PG_encoded,-1497.795424005048,1497.795424005048
Inhand_Offer No_Of_Companies_worked Department_encoded,-1497.1123974782845,1497.1123974782845
Current_CTC Inhand_Offer Field_Specialization_Ratio,-1494.1427095564152,1494.1427095564152
Industry_encoded Curent_Location_encoded Education_Level_encoded,-1493.4353250514441,1493.4353250514441
Designation_encoded University_PHD_encoded^2,-1493.050828378437,1493.050828378437
No_Of_Companies_worked Department_encoded Curent_Location_encoded,1492.8161742952364,1492.8161742952364
Number_of_Publications Has_PHD,1492.7046497784534,1492.7046497784534
Passing_Year_Of_Graduation Inhand_Offer PG_Specialization_encoded,1492.6335401109495,1492.6335401109495
Certifications Has_PG Role_encoded,-1492.421001683013,1492.421001683013
Role_encoded Designation_encoded PG_Specialization_encoded,-1491.3266203515147,1491.3266203515147
Passing_Year_Of_Graduation Field_Specialization_Ratio Industry_encoded,1490.9706134548042,1490.9706134548042
Passing_Year_Of_PG PG_Specialization_encoded Education_Level_encoded,1490.4428035926587,1490.4428035926587
Total_Experience Number_of_Publications PHD_Specialization_encoded,1488.0568805266835,1488.0568805266835
Passing_Year_Of_Graduation PHD_Specialization_encoded^2,-1487.640221068381,1487.640221068381
Industry_encoded PG_Specialization_encoded Education_Level_encoded,-1486.8616339008365,1486.8616339008365
Number_of_Publications University_Grad_encoded PHD_Specialization_encoded,1484.6509660224276,1484.6509660224276
Number_of_Publications^2 University_PHD_encoded,-1483.203596516543,1483.203596516543
Number_of_Publications Organization_encoded University_PG_encoded,-1482.2578265792317,1482.2578265792317
Field_Specialization_Ratio PG_Specialization_encoded Preferred_location_encoded,1480.0990014329768,1480.0990014329768
International_degree_any Role_encoded,-1479.5451831255684,1479.5451831255684
Inhand_Offer Industry_encoded Organization_encoded,1479.194773284445,1479.194773284445
Passing_Year_Of_Graduation Inhand_Offer University_Grad_encoded,1479.0253180259335,1479.0253180259335
Inhand_Offer Has_PHD Organization_encoded,-1478.8357372591684,1478.8357372591684
Inhand_Offer Role_encoded Preferred_location_encoded,1478.1157861750883,1478.1157861750883
No_Of_Companies_worked Field_Specialization_Ratio PHD_Specialization_encoded,-1478.0991040668493,1478.0991040668493
Role_encoded Organization_encoded PG_Specialization_encoded,-1476.5799549996868,1476.5799549996868
Current_CTC Certifications Has_PG,-1476.4485322399848,1476.4485322399848
No_Of_Companies_worked Graduation_Specialization_encoded University_Grad_encoded,-1475.8678041518692,1475.8678041518692
Designation_encoded Curent_Location_encoded Education_Level_encoded,1473.67313842357,1473.67313842357
Total_Experience No_Of_Companies_worked University_Grad_encoded,1473.2305721844407,1473.2305721844407
Has_PHD University_Grad_encoded Education_Level_encoded,-1471.738323364575,1471.738323364575
Passing_Year_Of_Graduation Department_encoded Preferred_location_encoded,1469.7924665008409,1469.7924665008409
Passing_Year_Of_Graduation Number_of_Publications Industry_encoded,1469.6316936146682,1469.6316936146682
University_PHD_encoded^2,1469.5072780464536,1469.5072780464536
Number_of_Publications Has_PHD Education_Level_encoded,1469.0607003749903,1469.0607003749903
Total_Experience Number_of_Publications Preferred_location_encoded,-1468.308518670291,1468.308518670291
Total_Experience_in_field_applied Current_CTC Performance_Score,1468.2589268087447,1468.2589268087447
Number_of_Publications Certifications Performance_Score,-1468.2326906988442,1468.2326906988442
Passing_Year_Of_PG Number_of_Publications Industry_encoded,1467.5963629789733,1467.5963629789733
Total_Experience International_degree_any Has_PG,-1466.4594207992252,1466.4594207992252
Has_PHD Department_encoded University_PG_encoded,1466.341461100061,1466.341461100061
Industry_encoded University_PG_encoded,1466.1069921226263,1466.1069921226263
Industry_encoded University_Grad_encoded University_PG_encoded,-1466.0123836800744,1466.0123836800744
Performance_Score Organization_encoded University_PHD_encoded,-1463.6469587022395,1463.6469587022395
Role_encoded Organization_encoded PHD_Specialization_encoded,1463.3784339113736,1463.3784339113736
Organization_encoded,-1462.5229488291384,1462.5229488291384
Department_encoded University_Grad_encoded^2,1462.406917118186,1462.406917118186
Performance_Score^2 Graduation_Specialization_encoded,1462.2826637928965,1462.2826637928965
Number_of_Publications Role_encoded Designation_encoded,-1459.8975121383858,1459.8975121383858
Number_of_Publications Organization_encoded Designation_encoded,1459.013958139504,1459.013958139504
Role_encoded Graduation_Specialization_encoded Preferred_location_encoded,1457.9559476841198,1457.9559476841198
Performance_Score PG_Specialization_encoded PHD_Specialization_encoded,-1457.8050932448807,1457.8050932448807
International_degree_any Industry_encoded University_PHD_encoded,1457.49229798446,1457.49229798446
Total_Experience_in_field_applied Passing_Year_Of_Graduation Role_encoded,-1456.8726728164147,1456.8726728164147
No_Of_Companies_worked PHD_Specialization_encoded,-1456.6198085761273,1456.6198085761273
No_Of_Companies_worked University_PG_encoded PHD_Specialization_encoded,1455.2343658858426,1455.2343658858426
No_Of_Companies_worked Performance_Score University_PHD_encoded,-1455.1372757814179,1455.1372757814179
Preferred_location_encoded Education_Level_encoded^2,1455.1347286846944,1455.1347286846944
Total_Experience_in_field_applied PG_Specialization_encoded Curent_Location_encoded,-1454.6018460312719,1454.6018460312719
University_Grad_encoded Curent_Location_encoded Preferred_location_encoded,1453.991767002475,1453.991767002475
International_degree_any Field_Specialization_Ratio Preferred_location_encoded,1453.7879378836722,1453.7879378836722
No_Of_Companies_worked Certifications University_PG_encoded,1453.7556859324952,1453.7556859324952
Total_Experience Has_PHD Performance_Score,-1453.4530506843175,1453.4530506843175
Industry_encoded Organization_encoded University_PHD_encoded,-1453.0838042126506,1453.0838042126506
Graduation_Specialization_encoded University_Grad_encoded Curent_Location_encoded,1451.2283399050746,1451.2283399050746
Passing_Year_Of_PHD Number_of_Publications Role_encoded,1451.0038827657495,1451.0038827657495
Field_Specialization_Ratio^2 Industry_encoded,1450.0798835672094,1450.0798835672094
Total_Experience Performance_Score University_Grad_encoded,1446.65008608362,1446.65008608362
Industry_encoded^2 University_Grad_encoded,-1446.48269998255,1446.48269998255
Certifications^3,-1445.969063124229,1445.969063124229
Passing_Year_Of_PHD Field_Specialization_Ratio Performance_Score,-1444.4229147944272,1444.4229147944272
Has_PG PG_Specialization_encoded University_PG_encoded,-1443.8223934908945,1443.8223934908945
Passing_Year_Of_PHD University_Grad_encoded PG_Specialization_encoded,1442.9852857233025,1442.9852857233025
Total_Experience_in_field_applied Passing_Year_Of_PHD Field_Specialization_Ratio,-1442.607029255558,1442.607029255558
Passing_Year_Of_PHD Industry_encoded PHD_Specialization_encoded,1441.4894835856444,1441.4894835856444
International_degree_any Curent_Location_encoded Preferred_location_encoded,1440.2035220948103,1440.2035220948103
International_degree_any Field_Specialization_Ratio Organization_encoded,-1440.1102595071602,1440.1102595071602
Total_Experience Passing_Year_Of_PG,1437.244224577844,1437.244224577844
Has_PG University_PHD_encoded^2,-1434.1973153005188,1434.1973153005188
International_degree_any Organization_encoded University_PHD_encoded,1433.5324610472849,1433.5324610472849
Field_Specialization_Ratio Organization_encoded PG_Specialization_encoded,1432.943084639406,1432.943084639406
Inhand_Offer International_degree_any Role_encoded,1432.826683497142,1432.826683497142
Passing_Year_Of_Graduation Inhand_Offer International_degree_any,1432.7839275273366,1432.7839275273366
Certifications Preferred_location_encoded,1431.500173550933,1431.500173550933
Passing_Year_Of_PHD Certifications International_degree_any,-1431.0937699235708,1431.0937699235708
Passing_Year_Of_PG Role_encoded PG_Specialization_encoded,-1430.4950580207353,1430.4950580207353
Passing_Year_Of_PG Industry_encoded University_PHD_encoded,1429.879560064262,1429.879560064262
Passing_Year_Of_PHD Number_of_Publications Certifications,1428.238536062017,1428.238536062017
Passing_Year_Of_PHD Inhand_Offer University_PHD_encoded,-1427.4810418585687,1427.4810418585687
Total_Experience International_degree_any Field_Specialization_Ratio,-1427.1333730630067,1427.1333730630067
Field_Specialization_Ratio Has_PHD Curent_Location_encoded,-1427.07117021261,1427.07117021261
Graduation_Specialization_encoded Preferred_location_encoded Education_Level_encoded,-1426.579063312933,1426.579063312933
Current_CTC No_Of_Companies_worked Performance_Score,-1424.880354824525,1424.880354824525
Total_Experience Has_PHD Preferred_location_encoded,-1422.700683263029,1422.700683263029
Number_of_Publications Performance_Score Designation_encoded,1421.8874919590364,1421.8874919590364
Graduation_Specialization_encoded^2 Curent_Location_encoded,1421.4758210706566,1421.4758210706566
Passing_Year_Of_Graduation Passing_Year_Of_PG University_PHD_encoded,-1420.959501300799,1420.959501300799
Has_PG PG_Specialization_encoded University_PHD_encoded,-1419.5336549297601,1419.5336549297601
Inhand_Offer International_degree_any Performance_Score,-1418.9851654836702,1418.9851654836702
International_degree_any Role_encoded PG_Specialization_encoded,1418.8382335366023,1418.8382335366023
University_PHD_encoded Curent_Location_encoded Preferred_location_encoded,1418.387907045501,1418.387907045501
Total_Experience_in_field_applied^2 Role_encoded,-1418.3866196511567,1418.3866196511567
Total_Experience_in_field_applied PG_Specialization_encoded Education_Level_encoded,-1417.3232631450055,1417.3232631450055
Has_PHD Graduation_Specialization_encoded PG_Specialization_encoded,-1417.199956171388,1417.199956171388
Organization_encoded Graduation_Specialization_encoded University_PG_encoded,-1416.9650058700067,1416.9650058700067
Current_CTC^2 Number_of_Publications,-1415.7615512095726,1415.7615512095726
Total_Experience_in_field_applied Department_encoded University_PHD_encoded,1415.6238992879591,1415.6238992879591
Field_Specialization_Ratio Industry_encoded University_Grad_encoded,1415.32430934373,1415.32430934373
Total_Experience Passing_Year_Of_PHD Organization_encoded,-1414.4298263914118,1414.4298263914118
Field_Specialization_Ratio PHD_Specialization_encoded,1414.049902674315,1414.049902674315
Performance_Score University_Grad_encoded PG_Specialization_encoded,-1409.3606405802568,1409.3606405802568
International_degree_any^2 Has_PG,1408.9972892813275,1408.9972892813275
Has_PHD Industry_encoded Designation_encoded,1408.2260131971932,1408.2260131971932
Number_of_Publications Designation_encoded University_Grad_encoded,1407.978931340358,1407.978931340358
Passing_Year_Of_Graduation University_PG_encoded Curent_Location_encoded,1407.2390410118444,1407.2390410118444
Passing_Year_Of_Graduation Graduation_Specialization_encoded^2,1406.7831148679106,1406.7831148679106
Certifications^2 Organization_encoded,1406.1244999690305,1406.1244999690305
Passing_Year_Of_PG^2 Organization_encoded,1405.9873764412716,1405.9873764412716
Passing_Year_Of_PG PHD_Specialization_encoded Education_Level_encoded,1405.5569481382345,1405.5569481382345
Certifications Has_PG Organization_encoded,-1405.5045731355551,1405.5045731355551
Role_encoded University_Grad_encoded University_PG_encoded,-1404.5885792957777,1404.5885792957777
Passing_Year_Of_PG Passing_Year_Of_PHD PG_Specialization_encoded,1403.0650115715089,1403.0650115715089
Certifications Industry_encoded Graduation_Specialization_encoded,1402.9895847524701,1402.9895847524701
Total_Experience International_degree_any Industry_encoded,1402.888289520748,1402.888289520748
Total_Experience_in_field_applied No_Of_Companies_worked Curent_Location_encoded,-1402.328391485555,1402.328391485555
Inhand_Offer Department_encoded Designation_encoded,-1401.8648747030345,1401.8648747030345
Current_CTC Certifications Performance_Score,-1401.7140186884442,1401.7140186884442
International_degree_any PG_Specialization_encoded^2,1400.9299099195148,1400.9299099195148
Current_CTC Certifications Role_encoded,1398.1554881603306,1398.1554881603306
Has_PG Has_PHD Role_encoded,-1397.29825113666,1397.29825113666
No_Of_Companies_worked PG_Specialization_encoded^2,-1397.2908941788846,1397.2908941788846
Inhand_Offer Designation_encoded University_PHD_encoded,-1397.2728505530204,1397.2728505530204
Inhand_Offer Number_of_Publications Department_encoded,1396.1563935272932,1396.1563935272932
Performance_Score Department_encoded University_PG_encoded,1395.7940178013423,1395.7940178013423
Has_PG Role_encoded Preferred_location_encoded,1395.3996532569076,1395.3996532569076
Has_PG^2 Curent_Location_encoded,1395.1578669962444,1395.1578669962444
Inhand_Offer Has_PHD Role_encoded,-1395.0526526654908,1395.0526526654908
Field_Specialization_Ratio Designation_encoded University_PHD_encoded,1394.5318259983299,1394.5318259983299
Has_PHD Organization_encoded^2,1394.51546718172,1394.51546718172
Performance_Score Organization_encoded Curent_Location_encoded,1392.6266119373581,1392.6266119373581
No_Of_Companies_worked Role_encoded Curent_Location_encoded,1392.00174375058,1392.00174375058
Has_PG Organization_encoded PG_Specialization_encoded,1391.468539704631,1391.468539704631
Total_Experience Has_PG University_PHD_encoded,-1391.1235762187061,1391.1235762187061
Passing_Year_Of_PHD Industry_encoded PG_Specialization_encoded,1391.0760368417184,1391.0760368417184
PHD_Specialization_encoded^2 Curent_Location_encoded,-1390.9252949514348,1390.9252949514348
Passing_Year_Of_PHD Organization_encoded PHD_Specialization_encoded,1390.8394116134568,1390.8394116134568
Passing_Year_Of_PHD Certifications Performance_Score,-1390.619796351152,1390.619796351152
Current_CTC Inhand_Offer University_PHD_encoded,-1389.4511965801928,1389.4511965801928
No_Of_Companies_worked International_degree_any Department_encoded,1388.7501628241714,1388.7501628241714
Certifications Performance_Score Designation_encoded,1387.1756188956354,1387.1756188956354
Passing_Year_Of_Graduation Organization_encoded Preferred_location_encoded,1385.4592152673072,1385.4592152673072
Passing_Year_Of_PHD Inhand_Offer Number_of_Publications,1382.8481236133334,1382.8481236133334
Total_Experience_in_field_applied Passing_Year_Of_Graduation^2,-1382.8228807102369,1382.8228807102369
Total_Experience_in_field_applied Current_CTC PHD_Specialization_encoded,-1380.2012720293965,1380.2012720293965
Performance_Score Industry_encoded University_PHD_encoded,1379.0910605041206,1379.0910605041206
Number_of_Publications Certifications Field_Specialization_Ratio,1378.8914531122093,1378.8914531122093
Inhand_Offer Organization_encoded PHD_Specialization_encoded,1378.7245427774285,1378.7245427774285
International_degree_any Performance_Score Department_encoded,1378.4404184527293,1378.4404184527293
Passing_Year_Of_PG Performance_Score University_PG_encoded,-1378.085961506193,1378.085961506193
Passing_Year_Of_PHD PHD_Specialization_encoded^2,-1377.0489506407791,1377.0489506407791
No_Of_Companies_worked Organization_encoded Preferred_location_encoded,-1375.6167174324228,1375.6167174324228
Has_PHD PHD_Specialization_encoded University_PHD_encoded,1373.8807912558893,1373.8807912558893
Total_Experience_in_field_applied PG_Specialization_encoded Preferred_location_encoded,1372.931109435791,1372.931109435791
Field_Specialization_Ratio Curent_Location_encoded Preferred_location_encoded,1372.822190271975,1372.822190271975
Passing_Year_Of_Graduation Passing_Year_Of_PG Designation_encoded,-1372.3400514286548,1372.3400514286548
Field_Specialization_Ratio Designation_encoded Graduation_Specialization_encoded,1372.2203811287695,1372.2203811287695
Total_Experience Performance_Score University_PG_encoded,1372.1884465463565,1372.1884465463565
Certifications Has_PHD Preferred_location_encoded,1371.685548288627,1371.685548288627
Field_Specialization_Ratio^2 PG_Specialization_encoded,-1371.672131305209,1371.672131305209
Passing_Year_Of_PHD Department_encoded Organization_encoded,1371.402664994893,1371.402664994893
Total_Experience Passing_Year_Of_PG Preferred_location_encoded,1370.8724824353312,1370.8724824353312
Total_Experience Organization_encoded University_PHD_encoded,1370.8337129356614,1370.8337129356614
Current_CTC Number_of_Publications International_degree_any,1370.2602962384958,1370.2602962384958
Passing_Year_Of_PG Has_PHD Organization_encoded,1368.4747548645153,1368.4747548645153
Has_PG University_PHD_encoded,1366.5705190286253,1366.5705190286253
Graduation_Specialization_encoded PG_Specialization_encoded University_PG_encoded,1366.2539088778635,1366.2539088778635
Number_of_Publications Has_PHD PG_Specialization_encoded,1366.0503961410948,1366.0503961410948
Passing_Year_Of_PHD Performance_Score Curent_Location_encoded,-1365.8763862585902,1365.8763862585902
Certifications Graduation_Specialization_encoded University_PG_encoded,-1365.6588549311773,1365.6588549311773
Passing_Year_Of_PG Performance_Score Preferred_location_encoded,-1364.5971177908402,1364.5971177908402
Total_Experience_in_field_applied Graduation_Specialization_encoded^2,-1364.2873482581301,1364.2873482581301
Passing_Year_Of_PG University_Grad_encoded Curent_Location_encoded,1363.9867147622915,1363.9867147622915
Passing_Year_Of_PG Organization_encoded Curent_Location_encoded,1362.730272565171,1362.730272565171
Total_Experience Industry_encoded Preferred_location_encoded,-1360.9188844344608,1360.9188844344608
Role_encoded University_Grad_encoded PG_Specialization_encoded,1359.9354611038007,1359.9354611038007
Number_of_Publications Certifications University_PHD_encoded,1359.8554467951672,1359.8554467951672
Total_Experience^2 Organization_encoded,1358.617320611012,1358.617320611012
International_degree_any^2 Education_Level_encoded,1357.7424485272043,1357.7424485272043
Passing_Year_Of_PG Role_encoded Graduation_Specialization_encoded,-1357.252398982857,1357.252398982857
Role_encoded^2 University_Grad_encoded,1356.6254679944475,1356.6254679944475
Passing_Year_Of_PG Department_encoded Curent_Location_encoded,-1356.3103343309078,1356.3103343309078
Current_CTC Certifications Preferred_location_encoded,-1355.6360746199862,1355.6360746199862
Department_encoded Designation_encoded Graduation_Specialization_encoded,1354.7569502842375,1354.7569502842375
Total_Experience_in_field_applied University_PG_encoded Preferred_location_encoded,1353.083448290894,1353.083448290894
Inhand_Offer Has_PG Organization_encoded,-1353.0746772782074,1353.0746772782074
Number_of_Publications University_PG_encoded^2,1352.9891478095938,1352.9891478095938
Number_of_Publications International_degree_any,1352.6997982480696,1352.6997982480696
Department_encoded^2 Graduation_Specialization_encoded,-1352.2503218555341,1352.2503218555341
Passing_Year_Of_Graduation Industry_encoded Preferred_location_encoded,1350.7797700136532,1350.7797700136532
Passing_Year_Of_PHD Industry_encoded University_PG_encoded,1350.6345550516396,1350.6345550516396
Passing_Year_Of_PHD Has_PHD Organization_encoded,-1350.0282700878586,1350.0282700878586
Passing_Year_Of_PHD Performance_Score Organization_encoded,-1349.94158930721,1349.94158930721
International_degree_any Performance_Score Preferred_location_encoded,-1349.822338549869,1349.822338549869
Passing_Year_Of_PG Has_PG Curent_Location_encoded,1349.4266153361748,1349.4266153361748
Total_Experience_in_field_applied Passing_Year_Of_PHD Preferred_location_encoded,1349.1745330919186,1349.1745330919186
Certifications Role_encoded PG_Specialization_encoded,-1349.017104933305,1349.017104933305
Total_Experience Organization_encoded PG_Specialization_encoded,1348.588196507916,1348.588196507916
Graduation_Specialization_encoded^2 Education_Level_encoded,1348.5219199876703,1348.5219199876703
Total_Experience_in_field_applied^2 Industry_encoded,1348.2492350912419,1348.2492350912419
Passing_Year_Of_PG Graduation_Specialization_encoded PHD_Specialization_encoded,-1347.4756140537565,1347.4756140537565
Current_CTC Field_Specialization_Ratio Department_encoded,-1345.2995445018391,1345.2995445018391
Inhand_Offer University_PG_encoded Education_Level_encoded,1344.741130014503,1344.741130014503
Inhand_Offer No_Of_Companies_worked Performance_Score,1344.7385687705082,1344.7385687705082
Field_Specialization_Ratio Department_encoded Graduation_Specialization_encoded,-1344.2485592407145,1344.2485592407145
Passing_Year_Of_PHD PG_Specialization_encoded^2,-1343.8796778532735,1343.8796778532735
Department_encoded Designation_encoded^2,1343.0846507281815,1343.0846507281815
Industry_encoded,-1343.0450777276021,1343.0450777276021
Passing_Year_Of_Graduation^2 Curent_Location_encoded,-1341.3690104840584,1341.3690104840584
Total_Experience_in_field_applied Has_PG Designation_encoded,1340.607424721551,1340.607424721551
Total_Experience_in_field_applied Department_encoded Graduation_Specialization_encoded,-1340.5194694780885,1340.5194694780885
Inhand_Offer Department_encoded University_Grad_encoded,1340.4878815067855,1340.4878815067855
Total_Experience PG_Specialization_encoded University_PHD_encoded,-1340.2308486640848,1340.2308486640848
Passing_Year_Of_Graduation No_Of_Companies_worked International_degree_any,-1339.9253002836335,1339.9253002836335
Number_of_Publications Field_Specialization_Ratio Department_encoded,-1336.153535197171,1336.153535197171
Passing_Year_Of_PHD University_PHD_encoded Curent_Location_encoded,-1333.8093210928573,1333.8093210928573
Certifications Has_PHD Department_encoded,1333.3218424650408,1333.3218424650408
International_degree_any Field_Specialization_Ratio PHD_Specialization_encoded,1333.012240769461,1333.012240769461
Passing_Year_Of_PG Designation_encoded,-1332.7114199630494,1332.7114199630494
Has_PHD PG_Specialization_encoded^2,-1331.007160657415,1331.007160657415
Number_of_Publications Industry_encoded Curent_Location_encoded,1330.9434962037406,1330.9434962037406
Current_CTC Inhand_Offer Preferred_location_encoded,-1330.3783418225814,1330.3783418225814
Designation_encoded University_PHD_encoded Curent_Location_encoded,1329.5564671462807,1329.5564671462807
Passing_Year_Of_PG International_degree_any Preferred_location_encoded,-1328.9267136211986,1328.9267136211986
Current_CTC Role_encoded Graduation_Specialization_encoded,-1328.607951518546,1328.607951518546
Field_Specialization_Ratio PG_Specialization_encoded Education_Level_encoded,-1328.1778017383554,1328.1778017383554
Designation_encoded Graduation_Specialization_encoded University_PG_encoded,-1328.13023738834,1328.13023738834
Total_Experience_in_field_applied International_degree_any Field_Specialization_Ratio,1327.4409962974862,1327.4409962974862
International_degree_any PG_Specialization_encoded PHD_Specialization_encoded,1327.3248925354555,1327.3248925354555
Number_of_Publications Organization_encoded PHD_Specialization_encoded,1326.708208014614,1326.708208014614
Total_Experience_in_field_applied International_degree_any Department_encoded,-1326.6072018328084,1326.6072018328084
Current_CTC Organization_encoded PHD_Specialization_encoded,-1325.4507805027476,1325.4507805027476
Passing_Year_Of_PG Inhand_Offer Preferred_location_encoded,1325.3140496397523,1325.3140496397523
Industry_encoded University_PG_encoded PHD_Specialization_encoded,-1325.2650010770478,1325.2650010770478
Passing_Year_Of_Graduation Industry_encoded University_Grad_encoded,1325.1054744486673,1325.1054744486673
Total_Experience_in_field_applied International_degree_any Graduation_Specialization_encoded,-1322.3046379735058,1322.3046379735058
PG_Specialization_encoded University_PHD_encoded Education_Level_encoded,1321.8684165044479,1321.8684165044479
International_degree_any Role_encoded PHD_Specialization_encoded,-1321.791771652064,1321.791771652064
Passing_Year_Of_Graduation International_degree_any Has_PHD,1320.9642410849863,1320.9642410849863
Inhand_Offer Field_Specialization_Ratio Organization_encoded,1319.7984548104946,1319.7984548104946
Passing_Year_Of_PHD Graduation_Specialization_encoded University_PHD_encoded,-1319.5543322371975,1319.5543322371975
International_degree_any Role_encoded Designation_encoded,-1318.8804166680043,1318.8804166680043
Inhand_Offer Designation_encoded Curent_Location_encoded,1318.4059506133756,1318.4059506133756
Inhand_Offer Number_of_Publications University_Grad_encoded,1318.081411901538,1318.081411901538
Industry_encoded Organization_encoded PG_Specialization_encoded,-1317.6422958288376,1317.6422958288376
Total_Experience Number_of_Publications University_Grad_encoded,-1317.3265230132506,1317.3265230132506
Passing_Year_Of_Graduation Preferred_location_encoded Education_Level_encoded,1316.947809502707,1316.947809502707
Has_PG PHD_Specialization_encoded^2,-1316.2243004205482,1316.2243004205482
Role_encoded Graduation_Specialization_encoded^2,1315.4351388687483,1315.4351388687483
Has_PHD Graduation_Specialization_encoded PHD_Specialization_encoded,-1313.831225036611,1313.831225036611
Has_PG Role_encoded Graduation_Specialization_encoded,1312.2085007362564,1312.2085007362564
Inhand_Offer Number_of_Publications Curent_Location_encoded,-1311.0425027795848,1311.0425027795848
Certifications Performance_Score PHD_Specialization_encoded,-1310.4880767318787,1310.4880767318787
Department_encoded Graduation_Specialization_encoded Preferred_location_encoded,-1310.3611855296476,1310.3611855296476
Current_CTC Field_Specialization_Ratio Performance_Score,-1309.9601952299734,1309.9601952299734
Inhand_Offer International_degree_any Organization_encoded,1309.5994043770927,1309.5994043770927
No_Of_Companies_worked International_degree_any PHD_Specialization_encoded,1308.564785139765,1308.564785139765
Passing_Year_Of_PHD Has_PHD Industry_encoded,-1308.4531054344939,1308.4531054344939
Number_of_Publications Has_PHD Designation_encoded,-1307.530657063588,1307.530657063588
Total_Experience Organization_encoded Curent_Location_encoded,1305.7963390056805,1305.7963390056805
Total_Experience^3,1305.1582560017587,1305.1582560017587
International_degree_any Has_PHD Department_encoded,-1305.0598905662193,1305.0598905662193
Inhand_Offer Curent_Location_encoded Education_Level_encoded,1303.9084268876284,1303.9084268876284
Current_CTC^2 University_Grad_encoded,-1303.3083859608494,1303.3083859608494
Total_Experience Designation_encoded Graduation_Specialization_encoded,1302.2401173054602,1302.2401173054602
International_degree_any Curent_Location_encoded,1302.1588437448147,1302.1588437448147
Passing_Year_Of_PHD Has_PG Graduation_Specialization_encoded,-1301.5291127407836,1301.5291127407836
Has_PG Designation_encoded^2,1300.0712935066151,1300.0712935066151
Inhand_Offer Role_encoded Education_Level_encoded,1299.4435540054649,1299.4435540054649
Total_Experience Graduation_Specialization_encoded Education_Level_encoded,1298.7392094983802,1298.7392094983802
Passing_Year_Of_PG Organization_encoded PHD_Specialization_encoded,1298.1605098175348,1298.1605098175348
Inhand_Offer Number_of_Publications University_PG_encoded,1297.3115509409602,1297.3115509409602
Has_PHD PHD_Specialization_encoded Preferred_location_encoded,1296.4443909773654,1296.4443909773654
Number_of_Publications Field_Specialization_Ratio Role_encoded,-1296.2548008344988,1296.2548008344988
Total_Experience_in_field_applied^2 Certifications,-1295.647086251106,1295.647086251106
Current_CTC Certifications Has_PHD,-1294.304958911457,1294.304958911457
Total_Experience_in_field_applied Passing_Year_Of_PG Industry_encoded,1294.1431735881285,1294.1431735881285
International_degree_any University_PG_encoded Preferred_location_encoded,1291.5205922180648,1291.5205922180648
Inhand_Offer Certifications^2,-1291.33743629707,1291.33743629707
Has_PG University_Grad_encoded University_PG_encoded,-1289.6572958007464,1289.6572958007464
Field_Specialization_Ratio Role_encoded University_Grad_encoded,1288.8991497348827,1288.8991497348827
University_Grad_encoded^2 Curent_Location_encoded,1288.562565384343,1288.562565384343
International_degree_any Designation_encoded University_PHD_encoded,-1287.4310490426112,1287.4310490426112
Passing_Year_Of_PG Department_encoded Organization_encoded,-1286.2106683594122,1286.2106683594122
Has_PG^2 University_Grad_encoded,1286.0388294433271,1286.0388294433271
Inhand_Offer University_Grad_encoded PG_Specialization_encoded,1286.0232669645754,1286.0232669645754
Passing_Year_Of_Graduation University_PHD_encoded Curent_Location_encoded,1285.8573250379416,1285.8573250379416
Performance_Score Graduation_Specialization_encoded University_PG_encoded,-1283.8714153607243,1283.8714153607243
No_Of_Companies_worked University_PG_encoded,-1283.8333718860058,1283.8333718860058
Certifications Industry_encoded PHD_Specialization_encoded,-1283.1699503172022,1283.1699503172022
No_Of_Companies_worked^2 University_PG_encoded,-1282.2133711243641,1282.2133711243641
University_PG_encoded Curent_Location_encoded^2,-1282.1065843706344,1282.1065843706344
International_degree_any^2 Graduation_Specialization_encoded,1281.9891500998103,1281.9891500998103
Current_CTC International_degree_any Department_encoded,1280.6385111531195,1280.6385111531195
Passing_Year_Of_PHD Graduation_Specialization_encoded PG_Specialization_encoded,-1279.3936653795154,1279.3936653795154
Total_Experience_in_field_applied No_Of_Companies_worked International_degree_any,1278.9960905982039,1278.9960905982039
Passing_Year_Of_Graduation Field_Specialization_Ratio Designation_encoded,-1278.596956750452,1278.596956750452
Industry_encoded Curent_Location_encoded^2,-1278.538396534313,1278.538396534313
Number_of_Publications Industry_encoded Organization_encoded,1277.467877443917,1277.467877443917
Has_PHD Performance_Score Department_encoded,1276.835047706791,1276.835047706791
Passing_Year_Of_PG Has_PG Role_encoded,1275.5096998479003,1275.5096998479003
Certifications International_degree_any Curent_Location_encoded,1275.3692605306937,1275.3692605306937
Passing_Year_Of_Graduation Number_of_Publications International_degree_any,-1274.6081401217843,1274.6081401217843
Performance_Score Preferred_location_encoded^2,1274.5682896355129,1274.5682896355129
Passing_Year_Of_PG Passing_Year_Of_PHD Has_PG,1274.2533733539906,1274.2533733539906
Number_of_Publications Graduation_Specialization_encoded PHD_Specialization_encoded,1270.4547579189925,1270.4547579189925
Total_Experience_in_field_applied Passing_Year_Of_PHD PG_Specialization_encoded,1270.4326988678044,1270.4326988678044
Total_Experience_in_field_applied Certifications PHD_Specialization_encoded,1269.9484698958343,1269.9484698958343
Industry_encoded Organization_encoded University_Grad_encoded,-1269.412091078058,1269.412091078058
Total_Experience_in_field_applied Number_of_Publications Role_encoded,1267.702944063341,1267.702944063341
Total_Experience_in_field_applied Passing_Year_Of_PHD Curent_Location_encoded,-1267.3110815655903,1267.3110815655903
Has_PHD^2 PG_Specialization_encoded,1266.920881563552,1266.920881563552
Role_encoded Industry_encoded PG_Specialization_encoded,1266.0482834895658,1266.0482834895658
Number_of_Publications Performance_Score Organization_encoded,-1263.012550837476,1263.012550837476
Passing_Year_Of_PHD International_degree_any Preferred_location_encoded,-1262.542879381437,1262.542879381437
Current_CTC Has_PG Graduation_Specialization_encoded,1261.1932777876668,1261.1932777876668
Passing_Year_Of_PHD Organization_encoded Curent_Location_encoded,1260.7944782957632,1260.7944782957632
Current_CTC University_Grad_encoded University_PG_encoded,-1260.7179475290247,1260.7179475290247
Role_encoded PHD_Specialization_encoded University_PHD_encoded,-1259.4196117182544,1259.4196117182544
Passing_Year_Of_PHD Organization_encoded University_Grad_encoded,1259.0692925793492,1259.0692925793492
Total_Experience_in_field_applied Department_encoded PG_Specialization_encoded,1258.838801556024,1258.838801556024
International_degree_any Performance_Score Designation_encoded,-1258.5772083560485,1258.5772083560485
Passing_Year_Of_Graduation Certifications Preferred_location_encoded,1257.8186780355984,1257.8186780355984
Number_of_Publications Performance_Score Preferred_location_encoded,-1257.0061179768356,1257.0061179768356
PHD_Specialization_encoded Preferred_location_encoded Education_Level_encoded,1256.130642043201,1256.130642043201
Inhand_Offer,-1255.8414527225495,1255.8414527225495
University_Grad_encoded University_PG_encoded University_PHD_encoded,1255.8282618163526,1255.8282618163526
Designation_encoded PG_Specialization_encoded Curent_Location_encoded,-1254.6925881024054,1254.6925881024054
Inhand_Offer University_PG_encoded^2,1254.594906757657,1254.594906757657
Has_PG Has_PHD Preferred_location_encoded,1254.2230331361093,1254.2230331361093
Role_encoded University_PHD_encoded Curent_Location_encoded,1254.0604988952382,1254.0604988952382
Total_Experience_in_field_applied Department_encoded PHD_Specialization_encoded,-1253.680995783601,1253.680995783601
Passing_Year_Of_PHD Performance_Score Designation_encoded,-1253.209796263882,1253.209796263882
No_Of_Companies_worked Number_of_Publications Role_encoded,-1251.553561212031,1251.553561212031
Passing_Year_Of_PHD^2 University_PG_encoded,1250.1014350500338,1250.1014350500338
Total_Experience Organization_encoded University_Grad_encoded,1248.4583972268722,1248.4583972268722
International_degree_any Field_Specialization_Ratio University_PHD_encoded,-1247.5670416219152,1247.5670416219152
Department_encoded Graduation_Specialization_encoded University_Grad_encoded,1247.4824486015975,1247.4824486015975
Total_Experience Current_CTC Performance_Score,-1246.001304587246,1246.001304587246
Passing_Year_Of_PHD Number_of_Publications Education_Level_encoded,1245.8981605067706,1245.8981605067706
Current_CTC Field_Specialization_Ratio Has_PHD,-1245.3825797988275,1245.3825797988275
Number_of_Publications Industry_encoded University_Grad_encoded,1244.0285710882251,1244.0285710882251
Has_PG^2 Preferred_location_encoded,1243.0130942970823,1243.0130942970823
Organization_encoded Curent_Location_encoded^2,-1242.2228336471194,1242.2228336471194
Passing_Year_Of_PHD Role_encoded PHD_Specialization_encoded,1241.273203012225,1241.273203012225
Department_encoded PHD_Specialization_encoded Curent_Location_encoded,-1240.8308847319488,1240.8308847319488
Passing_Year_Of_PHD International_degree_any Field_Specialization_Ratio,-1237.6867076358349,1237.6867076358349
Passing_Year_Of_PHD Current_CTC Curent_Location_encoded,1235.447022250257,1235.447022250257
Designation_encoded Graduation_Specialization_encoded PG_Specialization_encoded,-1234.2704722368114,1234.2704722368114
Passing_Year_Of_Graduation International_degree_any Industry_encoded,1231.7514320352432,1231.7514320352432
Current_CTC Has_PHD Role_encoded,1231.2281422512617,1231.2281422512617
Passing_Year_Of_PG University_Grad_encoded PG_Specialization_encoded,1229.7890720959283,1229.7890720959283
Certifications Organization_encoded Education_Level_encoded,-1229.042482170388,1229.042482170388
Passing_Year_Of_PG Certifications University_PHD_encoded,1226.668799245374,1226.668799245374
Passing_Year_Of_PG Graduation_Specialization_encoded PG_Specialization_encoded,-1226.248137382991,1226.248137382991
Has_PG Department_encoded Role_encoded,1225.8442308269866,1225.8442308269866
Department_encoded Role_encoded University_PG_encoded,-1225.5682607657375,1225.5682607657375
Organization_encoded Curent_Location_encoded Education_Level_encoded,-1225.3548524084913,1225.3548524084913
Passing_Year_Of_PG Department_encoded Designation_encoded,-1224.954528769093,1224.954528769093
Number_of_Publications PG_Specialization_encoded Preferred_location_encoded,-1224.1641964526107,1224.1641964526107
Inhand_Offer Field_Specialization_Ratio Industry_encoded,1223.3988390114669,1223.3988390114669
Passing_Year_Of_PHD Number_of_Publications Industry_encoded,1220.8843764251835,1220.8843764251835
Inhand_Offer Preferred_location_encoded Education_Level_encoded,1220.474835817289,1220.474835817289
International_degree_any University_PHD_encoded,1219.3007354234599,1219.3007354234599
Passing_Year_Of_PG Designation_encoded University_PHD_encoded,1218.4465904448264,1218.4465904448264
Total_Experience_in_field_applied Passing_Year_Of_PHD Certifications,-1217.6028551523311,1217.6028551523311
Total_Experience Current_CTC Certifications,-1217.4789364544824,1217.4789364544824
Total_Experience_in_field_applied Passing_Year_Of_Graduation Passing_Year_Of_PG,-1217.144056927782,1217.144056927782
Passing_Year_Of_PG Has_PHD PHD_Specialization_encoded,1216.7137979832414,1216.7137979832414
Number_of_Publications Role_encoded University_Grad_encoded,1216.437606374414,1216.437606374414
Certifications Performance_Score Industry_encoded,1215.037253487248,1215.037253487248
Certifications University_PHD_encoded^2,1213.4708483432184,1213.4708483432184
Certifications International_degree_any Has_PHD,1212.8483305458528,1212.8483305458528
Total_Experience_in_field_applied University_Grad_encoded Preferred_location_encoded,-1212.6346658735217,1212.6346658735217
Has_PG Designation_encoded Preferred_location_encoded,1212.5432806907047,1212.5432806907047
Has_PHD Role_encoded University_Grad_encoded,1212.3410036481139,1212.3410036481139
Inhand_Offer Field_Specialization_Ratio Role_encoded,1210.0869315224477,1210.0869315224477
Has_PG Graduation_Specialization_encoded PHD_Specialization_encoded,-1209.7850672315626,1209.7850672315626
Total_Experience_in_field_applied Performance_Score Preferred_location_encoded,-1209.1962828578894,1209.1962828578894
Passing_Year_Of_PG Inhand_Offer Department_encoded,-1207.2130740453974,1207.2130740453974
Industry_encoded Curent_Location_encoded Preferred_location_encoded,-1206.6142172287064,1206.6142172287064
Inhand_Offer International_degree_any Department_encoded,-1205.9137251694083,1205.9137251694083
Number_of_Publications PG_Specialization_encoded University_PG_encoded,1203.5826671430827,1203.5826671430827
Graduation_Specialization_encoded PG_Specialization_encoded Preferred_location_encoded,-1202.5901128737835,1202.5901128737835
Inhand_Offer^2 Has_PG,-1202.4174648203445,1202.4174648203445
International_degree_any University_PG_encoded University_PHD_encoded,1202.2622776083156,1202.2622776083156
Performance_Score Graduation_Specialization_encoded Preferred_location_encoded,1201.4061760604375,1201.4061760604375
Designation_encoded PHD_Specialization_encoded,1201.3365433060892,1201.3365433060892
Passing_Year_Of_PG Certifications^2,1200.336078388827,1200.336078388827
Total_Experience Passing_Year_Of_PHD Industry_encoded,-1199.9652877341398,1199.9652877341398
Total_Experience International_degree_any Has_PHD,-1199.5530174556561,1199.5530174556561
Role_encoded Organization_encoded Graduation_Specialization_encoded,1198.6026725231645,1198.6026725231645
Passing_Year_Of_PG Has_PG Designation_encoded,1197.2848473426484,1197.2848473426484
Total_Experience_in_field_applied Passing_Year_Of_PG No_Of_Companies_worked,-1195.6739902232953,1195.6739902232953
Industry_encoded Designation_encoded Curent_Location_encoded,-1194.9434595652833,1194.9434595652833
Passing_Year_Of_PG Inhand_Offer Performance_Score,1194.8169173620997,1194.8169173620997
Field_Specialization_Ratio Has_PHD Education_Level_encoded,1194.3065859948013,1194.3065859948013
Passing_Year_Of_Graduation Certifications,1193.9737421445084,1193.9737421445084
Has_PG University_PG_encoded PHD_Specialization_encoded,-1192.949089666532,1192.949089666532
Has_PG University_PG_encoded Education_Level_encoded,1192.7011418130032,1192.7011418130032
Inhand_Offer No_Of_Companies_worked University_Grad_encoded,-1192.4224451121102,1192.4224451121102
Passing_Year_Of_Graduation Designation_encoded Graduation_Specialization_encoded,1192.1216552774717,1192.1216552774717
Total_Experience Current_CTC University_Grad_encoded,1191.9841354182,1191.9841354182
Passing_Year_Of_PHD University_PHD_encoded Education_Level_encoded,1190.3991812070922,1190.3991812070922
Passing_Year_Of_PG Passing_Year_Of_PHD Performance_Score,-1189.7139633371644,1189.7139633371644
Total_Experience_in_field_applied Has_PHD Curent_Location_encoded,-1189.6418243623043,1189.6418243623043
Passing_Year_Of_PG Inhand_Offer PG_Specialization_encoded,1189.113656181908,1189.113656181908
Certifications International_degree_any Has_PG,1188.3205583424392,1188.3205583424392
Total_Experience_in_field_applied Passing_Year_Of_PG PHD_Specialization_encoded,-1187.7279667491543,1187.7279667491543
Has_PHD Industry_encoded University_Grad_encoded,1187.257552234168,1187.257552234168
Total_Experience_in_field_applied Passing_Year_Of_Graduation Passing_Year_Of_PHD,-1186.2239012660718,1186.2239012660718
Total_Experience Designation_encoded Education_Level_encoded,-1184.8035549937458,1184.8035549937458
Has_PHD Graduation_Specialization_encoded University_PHD_encoded,-1184.2565813607612,1184.2565813607612
Organization_encoded Designation_encoded Curent_Location_encoded,-1183.3631564870336,1183.3631564870336
Passing_Year_Of_PHD Certifications Education_Level_encoded,-1183.3128372674164,1183.3128372674164
Field_Specialization_Ratio Has_PHD PHD_Specialization_encoded,-1183.2591945677232,1183.2591945677232
Passing_Year_Of_Graduation Inhand_Offer Curent_Location_encoded,-1183.2086903216177,1183.2086903216177
Total_Experience_in_field_applied Has_PHD Preferred_location_encoded,1182.2882382274315,1182.2882382274315
International_degree_any Industry_encoded Preferred_location_encoded,1182.1197618473248,1182.1197618473248
Total_Experience Department_encoded Preferred_location_encoded,-1182.0347774385425,1182.0347774385425
Passing_Year_Of_PHD Performance_Score Education_Level_encoded,-1181.771812226765,1181.771812226765
Passing_Year_Of_PG International_degree_any^2,-1179.8661193646972,1179.8661193646972
International_degree_any Curent_Location_encoded Education_Level_encoded,-1179.236109545085,1179.236109545085
University_Grad_encoded^2 Preferred_location_encoded,-1178.7781114367815,1178.7781114367815
Passing_Year_Of_PG Has_PHD Curent_Location_encoded,1177.0024999483282,1177.0024999483282
Field_Specialization_Ratio Has_PHD PG_Specialization_encoded,-1175.5903999803634,1175.5903999803634
Organization_encoded Graduation_Specialization_encoded Preferred_location_encoded,-1175.4637850190811,1175.4637850190811
Department_encoded Designation_encoded PHD_Specialization_encoded,-1174.9517465931626,1174.9517465931626
Performance_Score University_Grad_encoded Preferred_location_encoded,1173.7083397158733,1173.7083397158733
Department_encoded Preferred_location_encoded,-1173.1038868112087,1173.1038868112087
No_Of_Companies_worked Number_of_Publications International_degree_any,-1172.79614065265,1172.79614065265
Inhand_Offer Role_encoded Designation_encoded,-1170.077142855543,1170.077142855543
Inhand_Offer Number_of_Publications Graduation_Specialization_encoded,1169.9410026669193,1169.9410026669193
Has_PHD Industry_encoded Curent_Location_encoded,1169.91901718491,1169.91901718491
Designation_encoded,1169.8625950432213,1169.8625950432213
Designation_encoded University_Grad_encoded PG_Specialization_encoded,-1169.5453375761324,1169.5453375761324
International_degree_any University_PG_encoded Curent_Location_encoded,-1169.5428032368743,1169.5428032368743
Industry_encoded Graduation_Specialization_encoded University_PHD_encoded,1168.219598369035,1168.219598369035
University_Grad_encoded University_PG_encoded Preferred_location_encoded,-1167.8450161047977,1167.8450161047977
No_Of_Companies_worked Field_Specialization_Ratio University_PG_encoded,-1165.059724565485,1165.059724565485
Passing_Year_Of_Graduation International_degree_any Department_encoded,1164.792364616476,1164.792364616476
Field_Specialization_Ratio^2 PHD_Specialization_encoded,1164.1660419280115,1164.1660419280115
Has_PHD^2 Organization_encoded,-1163.7638393727589,1163.7638393727589
University_PG_encoded University_PHD_encoded^2,1163.3817675357384,1163.3817675357384
Inhand_Offer Has_PG University_PG_encoded,-1162.7483316637931,1162.7483316637931
Passing_Year_Of_PG Has_PHD University_Grad_encoded,1162.5868029292822,1162.5868029292822
Passing_Year_Of_Graduation No_Of_Companies_worked Number_of_Publications,-1162.2082929659784,1162.2082929659784
PG_Specialization_encoded Education_Level_encoded^2,1161.2959543066133,1161.2959543066133
Graduation_Specialization_encoded University_PHD_encoded Preferred_location_encoded,1159.8021574033241,1159.8021574033241
Has_PG Preferred_location_encoded Education_Level_encoded,1159.1772581213438,1159.1772581213438
Total_Experience_in_field_applied Passing_Year_Of_PHD Industry_encoded,1158.4927371574734,1158.4927371574734
University_PG_encoded PHD_Specialization_encoded,-1157.1527411159122,1157.1527411159122
No_Of_Companies_worked^2 PG_Specialization_encoded,1156.1564987632244,1156.1564987632244
Current_CTC Has_PG Preferred_location_encoded,1156.0903791216776,1156.0903791216776
Passing_Year_Of_PG Passing_Year_Of_PHD Certifications,1155.4814313841616,1155.4814313841616
Organization_encoded University_Grad_encoded University_PG_encoded,-1155.0426956012045,1155.0426956012045
Has_PG Graduation_Specialization_encoded Preferred_location_encoded,1154.8746408695115,1154.8746408695115
Graduation_Specialization_encoded University_Grad_encoded University_PG_encoded,-1154.7859082946195,1154.7859082946195
International_degree_any Department_encoded Preferred_location_encoded,-1154.2119821504311,1154.2119821504311
Total_Experience_in_field_applied Number_of_Publications Curent_Location_encoded,1154.1769922423873,1154.1769922423873
Current_CTC International_degree_any Graduation_Specialization_encoded,-1152.9229854601708,1152.9229854601708
Performance_Score Department_encoded^2,-1152.8521871303617,1152.8521871303617
Has_PG Performance_Score Graduation_Specialization_encoded,-1152.4041133448566,1152.4041133448566
Certifications University_Grad_encoded University_PHD_encoded,-1152.165681356482,1152.165681356482
No_Of_Companies_worked Designation_encoded PG_Specialization_encoded,-1151.6250940061568,1151.6250940061568
Passing_Year_Of_PHD^2 PHD_Specialization_encoded,1151.1546828848627,1151.1546828848627
Passing_Year_Of_Graduation PG_Specialization_encoded^2,-1150.5867502874041,1150.5867502874041
Inhand_Offer Certifications Preferred_location_encoded,-1150.1236792759205,1150.1236792759205
Performance_Score Designation_encoded PHD_Specialization_encoded,1149.9887014657183,1149.9887014657183
Passing_Year_Of_PG Graduation_Specialization_encoded University_Grad_encoded,1149.5820379550162,1149.5820379550162
Industry_encoded University_PG_encoded Preferred_location_encoded,1149.3063092938423,1149.3063092938423
Passing_Year_Of_PHD Designation_encoded Curent_Location_encoded,1148.816878502708,1148.816878502708
Certifications Has_PG Graduation_Specialization_encoded,-1148.0593113732198,1148.0593113732198
Number_of_Publications International_degree_any University_Grad_encoded,1147.7636025551863,1147.7636025551863
Has_PG^2 PHD_Specialization_encoded,1147.5148058562293,1147.5148058562293
Organization_encoded Preferred_location_encoded Education_Level_encoded,1146.8348454983184,1146.8348454983184
Passing_Year_Of_Graduation Has_PHD Designation_encoded,-1146.3820000972707,1146.3820000972707
Passing_Year_Of_PHD Role_encoded^2,1145.5242800427059,1145.5242800427059
Has_PHD Industry_encoded^2,1145.2438235439265,1145.2438235439265
Industry_encoded Graduation_Specialization_encoded PG_Specialization_encoded,1144.1772915393447,1144.1772915393447
International_degree_any University_PHD_encoded^2,-1143.5716829565447,1143.5716829565447
Field_Specialization_Ratio Has_PHD Role_encoded,-1142.6292264958204,1142.6292264958204
University_Grad_encoded Preferred_location_encoded^2,-1142.510067479876,1142.510067479876
Total_Experience No_Of_Companies_worked University_PG_encoded,1142.1284754244182,1142.1284754244182
Total_Experience_in_field_applied International_degree_any Industry_encoded,-1141.7649215193253,1141.7649215193253
Inhand_Offer Role_encoded PG_Specialization_encoded,-1141.7605446688062,1141.7605446688062
Passing_Year_Of_Graduation International_degree_any PHD_Specialization_encoded,-1140.172980871799,1140.172980871799
Department_encoded Industry_encoded Preferred_location_encoded,1139.8740896216907,1139.8740896216907
Passing_Year_Of_Graduation Department_encoded University_Grad_encoded,1139.5835444489617,1139.5835444489617
Graduation_Specialization_encoded PG_Specialization_encoded Education_Level_encoded,1137.1252285335772,1137.1252285335772
Passing_Year_Of_Graduation Field_Specialization_Ratio Graduation_Specialization_encoded,1137.045929717473,1137.045929717473
Department_encoded^2 University_Grad_encoded,-1136.7817588148432,1136.7817588148432
Performance_Score Designation_encoded Graduation_Specialization_encoded,1135.7802986150464,1135.7802986150464
International_degree_any Department_encoded Role_encoded,-1135.2837804637566,1135.2837804637566
Certifications Department_encoded PHD_Specialization_encoded,-1134.1048617758588,1134.1048617758588
No_Of_Companies_worked Performance_Score Organization_encoded,1133.8831763235835,1133.8831763235835
Has_PHD University_Grad_encoded^2,-1133.6612526139513,1133.6612526139513
Passing_Year_Of_PHD No_Of_Companies_worked Education_Level_encoded,-1133.503344445585,1133.503344445585
Total_Experience_in_field_applied Department_encoded University_PG_encoded,-1133.1230099691704,1133.1230099691704
International_degree_any^2 PHD_Specialization_encoded,1132.591445953034,1132.591445953034
Certifications Role_encoded^2,-1131.7802227581751,1131.7802227581751
Passing_Year_Of_Graduation Passing_Year_Of_PHD International_degree_any,-1131.4516001578902,1131.4516001578902
Passing_Year_Of_Graduation International_degree_any Designation_encoded,1129.5230216895231,1129.5230216895231
Has_PG Performance_Score University_PG_encoded,-1129.2205618735184,1129.2205618735184
Passing_Year_Of_PHD^2 Organization_encoded,-1128.4959211496505,1128.4959211496505
No_Of_Companies_worked University_Grad_encoded,-1127.213771391932,1127.213771391932
Passing_Year_Of_Graduation Has_PHD Preferred_location_encoded,1126.5899729323667,1126.5899729323667
Passing_Year_Of_PG Performance_Score University_Grad_encoded,-1124.1616704651933,1124.1616704651933
Total_Experience University_Grad_encoded Curent_Location_encoded,1124.0578674286412,1124.0578674286412
Total_Experience_in_field_applied Has_PG Has_PHD,1123.0942566046242,1123.0942566046242
Has_PG Graduation_Specialization_encoded University_PG_encoded,-1122.6168023017797,1122.6168023017797
Designation_encoded Curent_Location_encoded^2,-1122.0607636574039,1122.0607636574039
Passing_Year_Of_Graduation International_degree_any Organization_encoded,1121.9813210310335,1121.9813210310335
Current_CTC Performance_Score University_Grad_encoded,1121.9694542327668,1121.9694542327668
Inhand_Offer Industry_encoded Preferred_location_encoded,1120.866157670159,1120.866157670159
University_Grad_encoded University_PHD_encoded Curent_Location_encoded,-1114.0430587146311,1114.0430587146311
Passing_Year_Of_PHD University_PG_encoded Curent_Location_encoded,1113.6331739982143,1113.6331739982143
Has_PHD PG_Specialization_encoded PHD_Specialization_encoded,1111.7601863259817,1111.7601863259817
Performance_Score Designation_encoded Preferred_location_encoded,1111.0024472521638,1111.0024472521638
Number_of_Publications Has_PHD^2,-1109.815588385648,1109.815588385648
Total_Experience Field_Specialization_Ratio Has_PG,-1109.2798616440261,1109.2798616440261
Passing_Year_Of_PHD Graduation_Specialization_encoded PHD_Specialization_encoded,-1107.3635598752273,1107.3635598752273
Total_Experience PG_Specialization_encoded Curent_Location_encoded,-1107.3491271765731,1107.3491271765731
Performance_Score Industry_encoded Organization_encoded,-1106.6355307005342,1106.6355307005342
Current_CTC Performance_Score Designation_encoded,1106.092770374278,1106.092770374278
Passing_Year_Of_Graduation Department_encoded Curent_Location_encoded,1105.3098366300123,1105.3098366300123
Total_Experience Department_encoded Industry_encoded,-1105.3031969269875,1105.3031969269875
Inhand_Offer Department_encoded Education_Level_encoded,1104.39204245706,1104.39204245706
Total_Experience Performance_Score PG_Specialization_encoded,-1103.2723334584252,1103.2723334584252
University_Grad_encoded PG_Specialization_encoded,-1103.1391305680906,1103.1391305680906
Total_Experience_in_field_applied Inhand_Offer Department_encoded,-1102.4598493588883,1102.4598493588883
Passing_Year_Of_PG Designation_encoded Curent_Location_encoded,1100.7271054854552,1100.7271054854552
Passing_Year_Of_PHD Department_encoded Graduation_Specialization_encoded,1099.1477694128369,1099.1477694128369
International_degree_any Has_PG Education_Level_encoded,1099.0201350662478,1099.0201350662478
International_degree_any Department_encoded University_PG_encoded,-1098.6303283144155,1098.6303283144155
Passing_Year_Of_Graduation No_Of_Companies_worked^2,-1097.4783654386167,1097.4783654386167
Certifications Designation_encoded^2,-1096.042505384583,1096.042505384583
International_degree_any University_PHD_encoded Education_Level_encoded,-1095.5469579901833,1095.5469579901833
University_Grad_encoded PG_Specialization_encoded Education_Level_encoded,-1093.3337691165389,1093.3337691165389
Number_of_Publications Certifications PHD_Specialization_encoded,1092.8218755767389,1092.8218755767389
Certifications Industry_encoded Designation_encoded,1092.112027447233,1092.112027447233
Designation_encoded University_PG_encoded Preferred_location_encoded,-1090.7295406189328,1090.7295406189328
Current_CTC Performance_Score PHD_Specialization_encoded,-1090.4137968587402,1090.4137968587402
Designation_encoded Curent_Location_encoded,-1088.1011443161335,1088.1011443161335
Passing_Year_Of_PG PHD_Specialization_encoded Preferred_location_encoded,1087.1614548640716,1087.1614548640716
Inhand_Offer Number_of_Publications University_PHD_encoded,-1086.8284047851585,1086.8284047851585
Inhand_Offer^2 Designation_encoded,1085.8265617270304,1085.8265617270304
No_Of_Companies_worked Performance_Score^2,-1084.597899349992,1084.597899349992
Number_of_Publications Graduation_Specialization_encoded^2,1084.359630023473,1084.359630023473
Total_Experience_in_field_applied Performance_Score Organization_encoded,-1084.1764714129295,1084.1764714129295
Certifications^2 University_PHD_encoded,-1084.0883265925283,1084.0883265925283
Number_of_Publications International_degree_any Industry_encoded,-1082.641341083237,1082.641341083237
Inhand_Offer International_degree_any Field_Specialization_Ratio,1082.1585518306176,1082.1585518306176
Has_PG Designation_encoded PHD_Specialization_encoded,1081.0198975759383,1081.0198975759383
Number_of_Publications Performance_Score Graduation_Specialization_encoded,1080.5554629022458,1080.5554629022458
Total_Experience Industry_encoded Designation_encoded,-1080.1278294631368,1080.1278294631368
Passing_Year_Of_Graduation Current_CTC Education_Level_encoded,-1079.7610122053047,1079.7610122053047
Curent_Location_encoded^3,-1079.3256281196095,1079.3256281196095
University_Grad_encoded PG_Specialization_encoded University_PHD_encoded,1078.1047189689791,1078.1047189689791
Field_Specialization_Ratio Has_PG PHD_Specialization_encoded,1077.867286061218,1077.867286061218
Role_encoded PHD_Specialization_encoded Preferred_location_encoded,1077.7111215622915,1077.7111215622915
Passing_Year_Of_Graduation Graduation_Specialization_encoded,1076.43914295091,1076.43914295091
Total_Experience_in_field_applied No_Of_Companies_worked University_Grad_encoded,-1076.1692737011008,1076.1692737011008
Certifications Has_PHD Performance_Score,-1075.4028367796177,1075.4028367796177
Passing_Year_Of_Graduation Role_encoded Industry_encoded,1075.0068037873282,1075.0068037873282
Certifications Department_encoded Industry_encoded,-1074.884650220608,1074.884650220608
Organization_encoded Designation_encoded^2,1074.6188455308325,1074.6188455308325
Current_CTC Inhand_Offer International_degree_any,1074.452849241119,1074.452849241119
Total_Experience Inhand_Offer Has_PG,1073.2516092554808,1073.2516092554808
Total_Experience Current_CTC University_PHD_encoded,1072.9162796054281,1072.9162796054281
No_Of_Companies_worked Certifications Industry_encoded,1072.3239112838867,1072.3239112838867
Number_of_Publications Has_PHD University_PG_encoded,1072.3096878464373,1072.3096878464373
Inhand_Offer No_Of_Companies_worked Education_Level_encoded,-1071.5012005708174,1071.5012005708174
Total_Experience_in_field_applied Field_Specialization_Ratio Performance_Score,-1070.7461701448462,1070.7461701448462
Has_PG^2 Organization_encoded,-1069.1230457306183,1069.1230457306183
Passing_Year_Of_PHD Role_encoded Organization_encoded,1068.5296162508698,1068.5296162508698
Education_Level_encoded,-1068.0173004783908,1068.0173004783908
Passing_Year_Of_PG PG_Specialization_encoded Preferred_location_encoded,-1067.7385637187474,1067.7385637187474
Field_Specialization_Ratio University_PG_encoded Curent_Location_encoded,1066.6501036382506,1066.6501036382506
Passing_Year_Of_PHD Field_Specialization_Ratio PHD_Specialization_encoded,-1065.1085815444496,1065.1085815444496
International_degree_any Has_PHD Preferred_location_encoded,-1063.4005356583752,1063.4005356583752
Has_PHD Graduation_Specialization_encoded Curent_Location_encoded,-1062.9822701168096,1062.9822701168096
Inhand_Offer Performance_Score Curent_Location_encoded,1062.4642873964538,1062.4642873964538
Certifications^2 Designation_encoded,-1061.946521450493,1061.946521450493
Current_CTC International_degree_any Education_Level_encoded,1061.646245928037,1061.646245928037
Total_Experience Performance_Score Curent_Location_encoded,-1060.5064306715294,1060.5064306715294
Total_Experience Has_PG Role_encoded,1059.8904980006168,1059.8904980006168
Organization_encoded Curent_Location_encoded,-1059.5618375642678,1059.5618375642678
Passing_Year_Of_Graduation PG_Specialization_encoded PHD_Specialization_encoded,1058.0199702052737,1058.0199702052737
Passing_Year_Of_PG Performance_Score University_PHD_encoded,1057.9886454328591,1057.9886454328591
Has_PG Designation_encoded PG_Specialization_encoded,1057.178057715165,1057.178057715165
International_degree_any Organization_encoded^2,-1056.8941077681918,1056.8941077681918
University_PG_encoded^2 PHD_Specialization_encoded,1056.251181920261,1056.251181920261
Total_Experience International_degree_any PHD_Specialization_encoded,-1055.6467844746728,1055.6467844746728
Performance_Score Graduation_Specialization_encoded,-1055.6130794105475,1055.6130794105475
Field_Specialization_Ratio Performance_Score University_Grad_encoded,-1055.3975342838335,1055.3975342838335
Has_PG Industry_encoded Education_Level_encoded,1055.1679818601692,1055.1679818601692
Total_Experience_in_field_applied Organization_encoded PG_Specialization_encoded,1054.3176670798223,1054.3176670798223
No_Of_Companies_worked Certifications University_PHD_encoded,-1054.1758552133306,1054.1758552133306
Performance_Score University_PG_encoded University_PHD_encoded,1053.3816934210013,1053.3816934210013
Organization_encoded Graduation_Specialization_encoded^2,-1052.509834632463,1052.509834632463
Current_CTC PG_Specialization_encoded University_PHD_encoded,1050.4486237557126,1050.4486237557126
Inhand_Offer Graduation_Specialization_encoded Curent_Location_encoded,1050.102176628091,1050.102176628091
Has_PG Designation_encoded Education_Level_encoded,-1049.7944969557914,1049.7944969557914
Number_of_Publications International_degree_any University_PG_encoded,1049.714657631814,1049.714657631814
Passing_Year_Of_PG University_PG_encoded Curent_Location_encoded,1049.6294684182483,1049.6294684182483
University_PG_encoded^2 Curent_Location_encoded,1049.1500058218999,1049.1500058218999
Department_encoded Industry_encoded Graduation_Specialization_encoded,-1047.9522251905535,1047.9522251905535
Field_Specialization_Ratio Performance_Score PHD_Specialization_encoded,-1047.6264977950739,1047.6264977950739
Total_Experience Has_PG Organization_encoded,1047.5210104548253,1047.5210104548253
Current_CTC International_degree_any University_PG_encoded,-1047.520907901413,1047.520907901413
Industry_encoded University_PG_encoded Curent_Location_encoded,1046.905731718151,1046.905731718151
Inhand_Offer Has_PG Designation_encoded,-1046.7103084259913,1046.7103084259913
Current_CTC Has_PHD Department_encoded,-1046.581758335745,1046.581758335745
Department_encoded Curent_Location_encoded^2,1042.7925967935876,1042.7925967935876
Performance_Score Industry_encoded University_Grad_encoded,1042.4275397891638,1042.4275397891638
Total_Experience Passing_Year_Of_PHD Inhand_Offer,-1042.3395318745725,1042.3395318745725
International_degree_any Field_Specialization_Ratio University_PG_encoded,-1040.41003727141,1040.41003727141
Passing_Year_Of_Graduation PG_Specialization_encoded University_PG_encoded,1039.725383120024,1039.725383120024
Preferred_location_encoded^2,-1038.5944260832728,1038.5944260832728
Total_Experience_in_field_applied Has_PG Organization_encoded,1038.2326509758027,1038.2326509758027
Inhand_Offer Designation_encoded Preferred_location_encoded,1036.971331216328,1036.971331216328
Inhand_Offer Certifications Department_encoded,-1036.2054422019644,1036.2054422019644
Designation_encoded^2 University_PG_encoded,-1035.3802684641246,1035.3802684641246
Passing_Year_Of_PG University_Grad_encoded PHD_Specialization_encoded,1034.545809921544,1034.545809921544
Number_of_Publications Graduation_Specialization_encoded Education_Level_encoded,1034.100439491316,1034.100439491316
PG_Specialization_encoded^2 Curent_Location_encoded,1032.1437289189735,1032.1437289189735
Total_Experience_in_field_applied No_Of_Companies_worked PHD_Specialization_encoded,-1031.9189444647855,1031.9189444647855
Current_CTC Performance_Score Role_encoded,1031.0839379366923,1031.0839379366923
Passing_Year_Of_PHD Role_encoded Designation_encoded,1030.7648153545874,1030.7648153545874
Inhand_Offer Curent_Location_encoded,-1030.2822180703267,1030.2822180703267
Has_PHD Organization_encoded Designation_encoded,1029.6462842735107,1029.6462842735107
Certifications Has_PHD Graduation_Specialization_encoded,1028.3428420929608,1028.3428420929608
Has_PG Graduation_Specialization_encoded PG_Specialization_encoded,-1027.842955008968,1027.842955008968
Passing_Year_Of_PG Current_CTC Certifications,-1027.6636818757415,1027.6636818757415
Total_Experience_in_field_applied Designation_encoded PHD_Specialization_encoded,1025.8365527568315,1025.8365527568315
Total_Experience_in_field_applied University_Grad_encoded Curent_Location_encoded,1025.8040253454121,1025.8040253454121
Passing_Year_Of_Graduation PG_Specialization_encoded,-1024.3578261624198,1024.3578261624198
Passing_Year_Of_PG Certifications Preferred_location_encoded,1024.0516987295623,1024.0516987295623
Number_of_Publications Organization_encoded University_Grad_encoded,-1023.9622314669786,1023.9622314669786
Total_Experience_in_field_applied Certifications Has_PHD,1022.9289047077294,1022.9289047077294
Has_PHD^2 Department_encoded,1022.7418651799081,1022.7418651799081
Field_Specialization_Ratio Has_PG PG_Specialization_encoded,1022.0227720620985,1022.0227720620985
Passing_Year_Of_PG Field_Specialization_Ratio Designation_encoded,-1021.2897191310719,1021.2897191310719
Graduation_Specialization_encoded University_Grad_encoded PG_Specialization_encoded,1021.2539677199628,1021.2539677199628
PG_Specialization_encoded University_PG_encoded University_PHD_encoded,-1020.8712262798085,1020.8712262798085
Passing_Year_Of_PHD University_PG_encoded University_PHD_encoded,-1020.4896927489502,1020.4896927489502
Inhand_Offer Number_of_Publications Designation_encoded,-1019.9259115791157,1019.9259115791157
Has_PG University_Grad_encoded^2,-1019.4930894585268,1019.4930894585268
Passing_Year_Of_PHD Inhand_Offer University_Grad_encoded,-1018.6163471705944,1018.6163471705944
Passing_Year_Of_PG Performance_Score Education_Level_encoded,-1017.5532295440648,1017.5532295440648
Performance_Score Role_encoded Designation_encoded,1017.2578063065638,1017.2578063065638
International_degree_any Has_PG Role_encoded,-1015.798243110444,1015.798243110444
International_degree_any Has_PHD Graduation_Specialization_encoded,1013.4636608258228,1013.4636608258228
Number_of_Publications Has_PG PG_Specialization_encoded,1012.2611702065196,1012.2611702065196
Total_Experience_in_field_applied Current_CTC Education_Level_encoded,1012.2468813622438,1012.2468813622438
Inhand_Offer^3,-1012.0509494627886,1012.0509494627886
International_degree_any^2 Department_encoded,-1011.9411771952299,1011.9411771952299
Passing_Year_Of_PG University_Grad_encoded University_PG_encoded,1010.4834033700107,1010.4834033700107
Role_encoded Graduation_Specialization_encoded University_PHD_encoded,1009.9332951057274,1009.9332951057274
Total_Experience Performance_Score Organization_encoded,-1009.3008033466211,1009.3008033466211
Certifications Department_encoded Preferred_location_encoded,-1008.9338992038275,1008.9338992038275
Industry_encoded Designation_encoded Graduation_Specialization_encoded,-1008.4600171188131,1008.4600171188131
Role_encoded Organization_encoded University_Grad_encoded,-1007.6112245751643,1007.6112245751643
Inhand_Offer Has_PG Industry_encoded,-1007.3606235741864,1007.3606235741864
Total_Experience_in_field_applied Organization_encoded Preferred_location_encoded,-1007.3555246399002,1007.3555246399002
Designation_encoded Graduation_Specialization_encoded University_PHD_encoded,1007.0656659922902,1007.0656659922902
Total_Experience_in_field_applied Passing_Year_Of_PHD No_Of_Companies_worked,-1005.5959969997547,1005.5959969997547
Passing_Year_Of_PG Passing_Year_Of_PHD International_degree_any,-1005.5632078910841,1005.5632078910841
International_degree_any Field_Specialization_Ratio^2,1004.7413098102559,1004.7413098102559
Passing_Year_Of_Graduation^2 Preferred_location_encoded,-1004.0060909487946,1004.0060909487946
Number_of_Publications Performance_Score University_PG_encoded,-1003.0148076378359,1003.0148076378359
No_Of_Companies_worked International_degree_any University_PG_encoded,1002.3097948070904,1002.3097948070904
Passing_Year_Of_PHD Field_Specialization_Ratio PG_Specialization_encoded,-1001.9756466996502,1001.9756466996502
International_degree_any Has_PG Preferred_location_encoded,-1001.9021152599286,1001.9021152599286
Has_PHD Role_encoded Graduation_Specialization_encoded,1001.6806828471312,1001.6806828471312
Certifications Has_PG PHD_Specialization_encoded,-1001.4402276576668,1001.4402276576668
Passing_Year_Of_PHD Current_CTC Department_encoded,-1001.1112965399503,1001.1112965399503
No_Of_Companies_worked University_PG_encoded Curent_Location_encoded,-1000.9581969476012,1000.9581969476012
PG_Specialization_encoded University_PHD_encoded,1000.0327174137177,1000.0327174137177
Graduation_Specialization_encoded Preferred_location_encoded,-999.8172121633203,999.8172121633203
Performance_Score Designation_encoded University_PHD_encoded,-999.73805417135,999.73805417135
Inhand_Offer Organization_encoded Education_Level_encoded,999.5402686261075,999.5402686261075
Passing_Year_Of_Graduation Role_encoded Preferred_location_encoded,998.7806093984733,998.7806093984733
Designation_encoded University_Grad_encoded,998.0990873327406,998.0990873327406
Passing_Year_Of_PHD Designation_encoded PHD_Specialization_encoded,997.9292556808163,997.9292556808163
Passing_Year_Of_PG Industry_encoded PG_Specialization_encoded,996.7258640776317,996.7258640776317
Has_PG Organization_encoded Preferred_location_encoded,996.3619147389516,996.3619147389516
Role_encoded^2 University_PG_encoded,-995.6932244609508,995.6932244609508
Inhand_Offer Certifications Industry_encoded,995.6596443720813,995.6596443720813
Current_CTC Inhand_Offer Role_encoded,995.1625121379612,995.1625121379612
Total_Experience_in_field_applied Passing_Year_Of_PHD University_PHD_encoded,995.1476058330238,995.1476058330238
Number_of_Publications Certifications PG_Specialization_encoded,-994.1935594097686,994.1935594097686
International_degree_any Field_Specialization_Ratio PG_Specialization_encoded,992.4884892099168,992.4884892099168
International_degree_any Has_PHD Education_Level_encoded,991.4448998811996,991.4448998811996
Number_of_Publications International_degree_any Performance_Score,-990.357006965377,990.357006965377
Passing_Year_Of_Graduation Has_PG PG_Specialization_encoded,-989.7265361527038,989.7265361527038
Passing_Year_Of_PG Inhand_Offer Graduation_Specialization_encoded,989.2244514299157,989.2244514299157
Number_of_Publications Has_PG Curent_Location_encoded,-987.8965976395278,987.8965976395278
Certifications Has_PG Preferred_location_encoded,986.1977984364215,986.1977984364215
Passing_Year_Of_PHD Field_Specialization_Ratio Has_PHD,985.4426917734335,985.4426917734335
Total_Experience Designation_encoded Curent_Location_encoded,985.2402279006752,985.2402279006752
Certifications International_degree_any Field_Specialization_Ratio,-983.0346377897494,983.0346377897494
No_Of_Companies_worked Number_of_Publications Graduation_Specialization_encoded,-982.3466837306034,982.3466837306034
No_Of_Companies_worked Department_encoded University_Grad_encoded,-981.979508936873,981.979508936873
Has_PG^2 University_PG_encoded,980.8910339298722,980.8910339298722
International_degree_any^2,980.5185817938494,980.5185817938494
No_Of_Companies_worked Certifications Role_encoded,979.6878720977486,979.6878720977486
Inhand_Offer International_degree_any PHD_Specialization_encoded,975.0453154797774,975.0453154797774
Certifications Has_PG PG_Specialization_encoded,-973.7403442011989,973.7403442011989
Passing_Year_Of_PG Performance_Score Organization_encoded,973.0757330473583,973.0757330473583
Passing_Year_Of_Graduation Has_PHD University_PHD_encoded,-973.0726986573312,973.0726986573312
Number_of_Publications Graduation_Specialization_encoded Curent_Location_encoded,972.2800290017893,972.2800290017893
International_degree_any Has_PG Industry_encoded,-970.7229647945181,970.7229647945181
Passing_Year_Of_PHD University_Grad_encoded University_PG_encoded,970.2306702506319,970.2306702506319
Inhand_Offer Graduation_Specialization_encoded Education_Level_encoded,969.7886368676784,969.7886368676784
Passing_Year_Of_PHD Inhand_Offer PHD_Specialization_encoded,-968.1856646232927,968.1856646232927
Organization_encoded University_PG_encoded Curent_Location_encoded,967.7310826426694,967.7310826426694
Number_of_Publications PG_Specialization_encoded Education_Level_encoded,-967.0624649364286,967.0624649364286
Has_PHD Industry_encoded University_PHD_encoded,-965.9643530981706,965.9643530981706
Total_Experience_in_field_applied University_Grad_encoded,965.3570951291481,965.3570951291481
Department_encoded Organization_encoded Graduation_Specialization_encoded,-964.9395041796254,964.9395041796254
Current_CTC No_Of_Companies_worked Has_PG,964.6382390999228,964.6382390999228
Certifications Has_PG University_PHD_encoded,-964.0466417804458,964.0466417804458
Passing_Year_Of_PHD Preferred_location_encoded,-962.6293180612478,962.6293180612478
Total_Experience_in_field_applied Field_Specialization_Ratio Has_PG,961.7852208970058,961.7852208970058
Total_Experience Department_encoded Graduation_Specialization_encoded,960.8252808269543,960.8252808269543
Current_CTC Inhand_Offer PG_Specialization_encoded,959.3445922833773,959.3445922833773
Passing_Year_Of_PG Inhand_Offer Education_Level_encoded,958.8804863300917,958.8804863300917
Passing_Year_Of_PG Role_encoded Education_Level_encoded,-957.8458690396087,957.8458690396087
Field_Specialization_Ratio PHD_Specialization_encoded University_PHD_encoded,957.795503129981,957.795503129981
Inhand_Offer Industry_encoded University_PG_encoded,957.7431052252849,957.7431052252849
Certifications Department_encoded Graduation_Specialization_encoded,-956.8956422128869,956.8956422128869
Department_encoded University_Grad_encoded Education_Level_encoded,-956.0274228757787,956.0274228757787
International_degree_any Has_PG Graduation_Specialization_encoded,955.459983739589,955.459983739589
Passing_Year_Of_Graduation^2 Industry_encoded,-955.0988982709827,955.0988982709827
Passing_Year_Of_Graduation Has_PG Preferred_location_encoded,955.0643177468475,955.0643177468475
University_PHD_encoded^2 Curent_Location_encoded,954.8046165706985,954.8046165706985
Total_Experience_in_field_applied Department_encoded Curent_Location_encoded,-953.7274996729882,953.7274996729882
Inhand_Offer Department_encoded Graduation_Specialization_encoded,952.6621260109308,952.6621260109308
Inhand_Offer Number_of_Publications Industry_encoded,951.5270096207687,951.5270096207687
Inhand_Offer^2 University_PG_encoded,951.2000141759713,951.2000141759713
Certifications^2 Has_PG,-951.0233731866878,951.0233731866878
University_PG_encoded^2 University_PHD_encoded,950.9818042539176,950.9818042539176
Passing_Year_Of_PHD Graduation_Specialization_encoded University_PG_encoded,-950.9018841095229,950.9018841095229
Inhand_Offer Number_of_Publications Preferred_location_encoded,949.1099965927264,949.1099965927264
Performance_Score Industry_encoded Graduation_Specialization_encoded,-948.2774847775827,948.2774847775827
Certifications Designation_encoded PHD_Specialization_encoded,-947.315896664065,947.315896664065
Has_PG Designation_encoded University_PHD_encoded,-947.154865338199,947.154865338199
Passing_Year_Of_Graduation Role_encoded Curent_Location_encoded,946.6566450157376,946.6566450157376
International_degree_any Organization_encoded Curent_Location_encoded,946.3891352079812,946.3891352079812
Number_of_Publications Designation_encoded University_PHD_encoded,944.4762340007924,944.4762340007924
Passing_Year_Of_Graduation Passing_Year_Of_PG PHD_Specialization_encoded,944.0302020205268,944.0302020205268
Has_PHD Department_encoded Preferred_location_encoded,943.7789544065704,943.7789544065704
Certifications Has_PHD University_Grad_encoded,943.6666445014457,943.6666445014457
Certifications Department_encoded Designation_encoded,-943.6394441864788,943.6394441864788
No_Of_Companies_worked Organization_encoded PHD_Specialization_encoded,942.3259208952162,942.3259208952162
Total_Experience_in_field_applied Performance_Score Department_encoded,941.526205732042,941.526205732042
Total_Experience Department_encoded Organization_encoded,-941.181647229316,941.181647229316
Passing_Year_Of_PHD Organization_encoded University_PHD_encoded,940.9782441900873,940.9782441900873
University_Grad_encoded^2 University_PG_encoded,940.453147431288,940.453147431288
Passing_Year_Of_PHD^2 Role_encoded,-940.3115010994675,940.3115010994675
Has_PHD Industry_encoded Preferred_location_encoded,-940.140513076068,940.140513076068
No_Of_Companies_worked Field_Specialization_Ratio Preferred_location_encoded,939.6927088804973,939.6927088804973
Total_Experience_in_field_applied Passing_Year_Of_Graduation University_PHD_encoded,-939.2851469847673,939.2851469847673
Passing_Year_Of_Graduation Curent_Location_encoded,935.9213178792635,935.9213178792635
University_Grad_encoded University_PHD_encoded Preferred_location_encoded,-935.8537428505949,935.8537428505949
Number_of_Publications Role_encoded Education_Level_encoded,-935.1242231629415,935.1242231629415
Inhand_Offer Department_encoded Role_encoded,934.9955734404613,934.9955734404613
Department_encoded Designation_encoded PG_Specialization_encoded,934.6155908310704,934.6155908310704
Certifications Graduation_Specialization_encoded Education_Level_encoded,-934.1037593011187,934.1037593011187
Passing_Year_Of_Graduation Department_encoded,-933.9521570367634,933.9521570367634
Has_PG Curent_Location_encoded Preferred_location_encoded,933.7738482918531,933.7738482918531
Total_Experience Current_CTC Role_encoded,933.5833833164855,933.5833833164855
Passing_Year_Of_Graduation Passing_Year_Of_PHD Organization_encoded,-930.6987389223418,930.6987389223418
International_degree_any Designation_encoded,930.1932088736332,930.1932088736332
Designation_encoded^2 Preferred_location_encoded,-929.924077580435,929.924077580435
Graduation_Specialization_encoded^2 University_Grad_encoded,929.7122516068483,929.7122516068483
Passing_Year_Of_PG Industry_encoded PHD_Specialization_encoded,929.4068026704335,929.4068026704335
Inhand_Offer No_Of_Companies_worked University_PG_encoded,-928.7187496166572,928.7187496166572
Field_Specialization_Ratio Department_encoded PG_Specialization_encoded,-925.7704757924305,925.7704757924305
Passing_Year_Of_PHD Has_PG PG_Specialization_encoded,-925.6069907943169,925.6069907943169
Passing_Year_Of_Graduation University_PG_encoded Preferred_location_encoded,925.3667319737514,925.3667319737514
Passing_Year_Of_PG Certifications PHD_Specialization_encoded,924.5052376974015,924.5052376974015
Has_PG Performance_Score Industry_encoded,-921.8747996166964,921.8747996166964
Number_of_Publications Field_Specialization_Ratio Designation_encoded,920.5595945963629,920.5595945963629
International_degree_any Field_Specialization_Ratio Department_encoded,920.4627157983834,920.4627157983834
Passing_Year_Of_Graduation University_Grad_encoded Curent_Location_encoded,-919.5020089251277,919.5020089251277
No_Of_Companies_worked Industry_encoded Curent_Location_encoded,919.1367311772086,919.1367311772086
No_Of_Companies_worked Department_encoded Preferred_location_encoded,918.9287841503877,918.9287841503877
Total_Experience Passing_Year_Of_PG University_PHD_encoded,-918.6080175844461,918.6080175844461
Role_encoded Industry_encoded Preferred_location_encoded,918.3596958071215,918.3596958071215
Performance_Score Industry_encoded Preferred_location_encoded,-917.8738963187785,917.8738963187785
Has_PHD Designation_encoded PHD_Specialization_encoded,917.5943131320047,917.5943131320047
Certifications Field_Specialization_Ratio PHD_Specialization_encoded,916.9000039697352,916.9000039697352
Passing_Year_Of_PG^2 Designation_encoded,916.8322114376282,916.8322114376282
Passing_Year_Of_Graduation International_degree_any Has_PG,916.6712750483788,916.6712750483788
Field_Specialization_Ratio^2 Education_Level_encoded,-916.573765179776,916.573765179776
Role_encoded University_Grad_encoded PHD_Specialization_encoded,916.5154171365003,916.5154171365003
Total_Experience_in_field_applied Current_CTC Curent_Location_encoded,916.2825584664918,916.2825584664918
Inhand_Offer Designation_encoded PG_Specialization_encoded,915.9938949325252,915.9938949325252
International_degree_any Preferred_location_encoded Education_Level_encoded,915.6967121261147,915.6967121261147
Inhand_Offer PG_Specialization_encoded PHD_Specialization_encoded,915.5264832254547,915.5264832254547
Passing_Year_Of_PG Inhand_Offer Designation_encoded,914.9091554508648,914.9091554508648
Total_Experience International_degree_any Department_encoded,-914.3904244716288,914.3904244716288
International_degree_any University_PG_encoded^2,-913.398177456745,913.398177456745
No_Of_Companies_worked Curent_Location_encoded^2,-912.6826181451228,912.6826181451228
Total_Experience_in_field_applied Passing_Year_Of_PHD Performance_Score,910.2451954126451,910.2451954126451
Inhand_Offer Department_encoded University_PHD_encoded,907.5045770497882,907.5045770497882
Performance_Score University_Grad_encoded,-907.2898559790266,907.2898559790266
Passing_Year_Of_PG PHD_Specialization_encoded Curent_Location_encoded,-906.562732952259,906.562732952259
Total_Experience Certifications International_degree_any,-906.4883826804057,906.4883826804057
Certifications Has_PHD University_PG_encoded,905.5017189453199,905.5017189453199
Passing_Year_Of_PG PG_Specialization_encoded PHD_Specialization_encoded,-904.7673854258953,904.7673854258953
Inhand_Offer Has_PG Department_encoded,903.2697277676438,903.2697277676438
Passing_Year_Of_PHD Role_encoded University_Grad_encoded,900.1389373578373,900.1389373578373
Number_of_Publications^2 Organization_encoded,898.9680809009878,898.9680809009878
Has_PHD Industry_encoded PG_Specialization_encoded,898.8865639530202,898.8865639530202
Passing_Year_Of_PHD Role_encoded Education_Level_encoded,-897.4655218876477,897.4655218876477
Role_encoded Curent_Location_encoded Preferred_location_encoded,-897.2919918939364,897.2919918939364
Passing_Year_Of_PG Field_Specialization_Ratio Industry_encoded,897.1990964459985,897.1990964459985
Passing_Year_Of_PG Department_encoded Role_encoded,-896.6098445988233,896.6098445988233
No_Of_Companies_worked Organization_encoded University_Grad_encoded,895.8457113064086,895.8457113064086
No_Of_Companies_worked Organization_encoded PG_Specialization_encoded,895.0256602496166,895.0256602496166
Total_Experience Performance_Score Preferred_location_encoded,894.3717266367136,894.3717266367136
Designation_encoded PHD_Specialization_encoded University_PHD_encoded,-894.309245211978,894.309245211978
Passing_Year_Of_PHD No_Of_Companies_worked Certifications,-893.3383735036359,893.3383735036359
Inhand_Offer PG_Specialization_encoded^2,-893.0021635117079,893.0021635117079
Passing_Year_Of_PHD Field_Specialization_Ratio Organization_encoded,-892.9122247314941,892.9122247314941
Passing_Year_Of_PG Has_PHD Education_Level_encoded,892.741497451047,892.741497451047
Total_Experience_in_field_applied Role_encoded University_PG_encoded,-891.5662153336054,891.5662153336054
Field_Specialization_Ratio Has_PG Preferred_location_encoded,890.5554275390837,890.5554275390837
Total_Experience Certifications Performance_Score,889.8200610958388,889.8200610958388
Has_PHD Role_encoded University_PHD_encoded,889.5077363479074,889.5077363479074
Industry_encoded Designation_encoded Preferred_location_encoded,-889.40184013315,889.40184013315
Inhand_Offer University_PG_encoded Preferred_location_encoded,887.6579699237316,887.6579699237316
Passing_Year_Of_PG Industry_encoded Designation_encoded,886.8731760211687,886.8731760211687
Total_Experience Performance_Score PHD_Specialization_encoded,-886.7310161543754,886.7310161543754
PHD_Specialization_encoded University_PHD_encoded Curent_Location_encoded,-886.2442054628444,886.2442054628444
Has_PHD Designation_encoded University_Grad_encoded,886.0322075124682,886.0322075124682
Inhand_Offer Industry_encoded University_Grad_encoded,885.5939046075853,885.5939046075853
Industry_encoded Designation_encoded^2,885.1908153132933,885.1908153132933
Has_PG Industry_encoded Preferred_location_encoded,884.663974167085,884.663974167085
Certifications Department_encoded University_PG_encoded,-884.191884516646,884.191884516646
Passing_Year_Of_PG Designation_encoded University_PG_encoded,882.4518136967691,882.4518136967691
No_Of_Companies_worked University_Grad_encoded PHD_Specialization_encoded,881.9966477179603,881.9966477179603
Total_Experience_in_field_applied Certifications Has_PG,881.0652208555396,881.0652208555396
Certifications Education_Level_encoded,880.1476992427774,880.1476992427774
Passing_Year_Of_Graduation Passing_Year_Of_PG Department_encoded,879.3487679483956,879.3487679483956
Certifications Field_Specialization_Ratio Role_encoded,878.5909726918834,878.5909726918834
Passing_Year_Of_PHD Number_of_Publications Designation_encoded,878.5640081978299,878.5640081978299
Number_of_Publications Performance_Score University_Grad_encoded,-877.5952235256088,877.5952235256088
Passing_Year_Of_PG Preferred_location_encoded^2,875.8519823107057,875.8519823107057
Inhand_Offer Has_PHD University_PG_encoded,-875.153379155571,875.153379155571
Passing_Year_Of_Graduation No_Of_Companies_worked Performance_Score,875.0183945476264,875.0183945476264
Certifications Has_PG University_Grad_encoded,-873.9981925789551,873.9981925789551
Has_PHD Organization_encoded Preferred_location_encoded,-871.3017431380463,871.3017431380463
International_degree_any Department_encoded University_PHD_encoded,-870.4353420839627,870.4353420839627
Current_CTC Certifications University_PHD_encoded,-870.0445239693285,870.0445239693285
Passing_Year_Of_Graduation Industry_encoded University_PHD_encoded,868.5687524120832,868.5687524120832
Total_Experience International_degree_any PG_Specialization_encoded,-868.5565179719101,868.5565179719101
University_PG_encoded University_PHD_encoded,-867.7836375463036,867.7836375463036
Passing_Year_Of_Graduation Role_encoded^2,867.4216925394422,867.4216925394422
Certifications Organization_encoded Designation_encoded,-866.7192757720733,866.7192757720733
International_degree_any Organization_encoded Graduation_Specialization_encoded,866.0491270304934,866.0491270304934
Passing_Year_Of_Graduation Designation_encoded Preferred_location_encoded,866.0131500113857,866.0131500113857
Passing_Year_Of_PG Performance_Score Role_encoded,865.8695924326689,865.8695924326689
Passing_Year_Of_PHD Role_encoded University_PHD_encoded,865.2008986291559,865.2008986291559
Organization_encoded^2 University_Grad_encoded,-864.9036769491129,864.9036769491129
Industry_encoded University_PG_encoded Education_Level_encoded,-863.9671475189447,863.9671475189447
Performance_Score University_PHD_encoded Education_Level_encoded,863.5641965810266,863.5641965810266
No_Of_Companies_worked Number_of_Publications University_PG_encoded,863.1425913847255,863.1425913847255
University_PG_encoded^2 Preferred_location_encoded,-862.4339505597974,862.4339505597974
University_Grad_encoded University_PHD_encoded^2,861.9976151609654,861.9976151609654
Total_Experience_in_field_applied Field_Specialization_Ratio^2,861.5966571778837,861.5966571778837
Passing_Year_Of_PG PG_Specialization_encoded Curent_Location_encoded,-861.2237634404235,861.2237634404235
Inhand_Offer Performance_Score University_PG_encoded,861.1601891470063,861.1601891470063
Department_encoded Industry_encoded University_Grad_encoded,860.8062619450919,860.8062619450919
Certifications Role_encoded Preferred_location_encoded,-860.2494792477806,860.2494792477806
Designation_encoded University_PG_encoded PHD_Specialization_encoded,859.8567127333313,859.8567127333313
Passing_Year_Of_Graduation Number_of_Publications Department_encoded,858.823921331602,858.823921331602
Total_Experience_in_field_applied International_degree_any University_Grad_encoded,858.8183303172111,858.8183303172111
Has_PG^2 Graduation_Specialization_encoded,-858.7861354179392,858.7861354179392
Passing_Year_Of_Graduation Number_of_Publications PHD_Specialization_encoded,-857.1219083254304,857.1219083254304
Certifications PG_Specialization_encoded PHD_Specialization_encoded,-856.9176089625162,856.9176089625162
Department_encoded University_PG_encoded^2,-856.5680428786482,856.5680428786482
Inhand_Offer Has_PG Education_Level_encoded,-855.1468245452686,855.1468245452686
Inhand_Offer Has_PHD Education_Level_encoded,-854.5174510146627,854.5174510146627
Curent_Location_encoded Preferred_location_encoded Education_Level_encoded,854.3164334548017,854.3164334548017
Current_CTC Curent_Location_encoded^2,854.1547595733484,854.1547595733484
Number_of_Publications Performance_Score Curent_Location_encoded,853.4236960897712,853.4236960897712
Passing_Year_Of_Graduation Designation_encoded University_Grad_encoded,853.1180421605611,853.1180421605611
Inhand_Offer Certifications PHD_Specialization_encoded,-852.9494950852625,852.9494950852625
Field_Specialization_Ratio Designation_encoded University_Grad_encoded,-852.657773032795,852.657773032795
Industry_encoded Designation_encoded University_PHD_encoded,-851.7107255208429,851.7107255208429
Passing_Year_Of_PHD International_degree_any Department_encoded,-851.6479954671611,851.6479954671611
Performance_Score PHD_Specialization_encoded Curent_Location_encoded,-851.5042437431188,851.5042437431188
Passing_Year_Of_Graduation Designation_encoded Curent_Location_encoded,851.2176317986017,851.2176317986017
Passing_Year_Of_Graduation University_PG_encoded PHD_Specialization_encoded,851.1326417218041,851.1326417218041
Designation_encoded PHD_Specialization_encoded Curent_Location_encoded,850.3600113744172,850.3600113744172
Passing_Year_Of_PG International_degree_any Department_encoded,-849.4504128108272,849.4504128108272
Has_PHD^2 Industry_encoded,-849.055586033856,849.055586033856
Certifications International_degree_any^2,848.5162672299498,848.5162672299498
Number_of_Publications University_PG_encoded Education_Level_encoded,-848.2925087539833,848.2925087539833
Organization_encoded Curent_Location_encoded Preferred_location_encoded,-847.6463705467638,847.6463705467638
Inhand_Offer Has_PHD Designation_encoded,-846.970377424188,846.970377424188
Field_Specialization_Ratio University_Grad_encoded PHD_Specialization_encoded,-846.4617358991997,846.4617358991997
Department_encoded Graduation_Specialization_encoded Curent_Location_encoded,846.2704105691631,846.2704105691631
Certifications Education_Level_encoded^2,845.4975558707071,845.4975558707071
Field_Specialization_Ratio Industry_encoded Preferred_location_encoded,845.1811379639317,845.1811379639317
Designation_encoded University_Grad_encoded PHD_Specialization_encoded,845.1483738571694,845.1483738571694
Field_Specialization_Ratio PG_Specialization_encoded Curent_Location_encoded,844.688559346597,844.688559346597
Passing_Year_Of_PG Certifications Education_Level_encoded,-844.083210656694,844.083210656694
Passing_Year_Of_Graduation Number_of_Publications Role_encoded,844.0211901198043,844.0211901198043
International_degree_any^2 Has_PHD,842.8663351069151,842.8663351069151
Organization_encoded PG_Specialization_encoded University_PG_encoded,-841.5358118407715,841.5358118407715
Has_PG Has_PHD PG_Specialization_encoded,840.0271104202698,840.0271104202698
Inhand_Offer PHD_Specialization_encoded Curent_Location_encoded,-839.2912721738753,839.2912721738753
Passing_Year_Of_PHD Has_PHD Education_Level_encoded,837.1623836034678,837.1623836034678
Has_PHD Role_encoded University_PG_encoded,837.0553329071822,837.0553329071822
Current_CTC Certifications University_PG_encoded,836.6753372947,836.6753372947
Passing_Year_Of_PHD Number_of_Publications Organization_encoded,-836.2327026817312,836.2327026817312
Current_CTC Department_encoded Graduation_Specialization_encoded,-835.1713333945336,835.1713333945336
Inhand_Offer University_Grad_encoded Curent_Location_encoded,-834.8801268495424,834.8801268495424
Certifications Curent_Location_encoded Education_Level_encoded,-834.0311258832115,834.0311258832115
Passing_Year_Of_Graduation Organization_encoded University_Grad_encoded,833.2620380993168,833.2620380993168
Total_Experience_in_field_applied Role_encoded Graduation_Specialization_encoded,-832.7232518309623,832.7232518309623
Number_of_Publications Designation_encoded PHD_Specialization_encoded,-832.259251358355,832.259251358355
Current_CTC Organization_encoded University_PHD_encoded,-832.1238411469977,832.1238411469977
Current_CTC Certifications University_Grad_encoded,-831.7418203235891,831.7418203235891
Passing_Year_Of_Graduation International_degree_any University_PG_encoded,-830.9244971411374,830.9244971411374
Total_Experience_in_field_applied Inhand_Offer Education_Level_encoded,-830.620671966938,830.620671966938
Performance_Score Organization_encoded University_Grad_encoded,-830.0259738978878,830.0259738978878
Passing_Year_Of_PG Has_PG Education_Level_encoded,829.4179695293315,829.4179695293315
International_degree_any Department_encoded PG_Specialization_encoded,829.0310783987271,829.0310783987271
Passing_Year_Of_PHD Industry_encoded^2,828.0514404304424,828.0514404304424
Passing_Year_Of_Graduation Passing_Year_Of_PG Organization_encoded,-827.7860058367894,827.7860058367894
Total_Experience_in_field_applied No_Of_Companies_worked^2,-827.4342978001669,827.4342978001669
Current_CTC International_degree_any University_Grad_encoded,-827.419846556313,827.419846556313
Passing_Year_Of_PG University_Grad_encoded^2,827.0956150535442,827.0956150535442
Total_Experience Total_Experience_in_field_applied No_Of_Companies_worked,-826.7266629626239,826.7266629626239
PG_Specialization_encoded Curent_Location_encoded,-825.6293503365512,825.6293503365512
International_degree_any Industry_encoded Curent_Location_encoded,-825.3669586048452,825.3669586048452
International_degree_any University_Grad_encoded University_PG_encoded,-825.2326562872892,825.2326562872892
Inhand_Offer Role_encoded PHD_Specialization_encoded,824.4509422334181,824.4509422334181
No_Of_Companies_worked Industry_encoded PG_Specialization_encoded,-823.7217027049606,823.7217027049606
Number_of_Publications Has_PHD Curent_Location_encoded,823.4014473174356,823.4014473174356
Passing_Year_Of_Graduation Number_of_Publications PG_Specialization_encoded,822.8254862036109,822.8254862036109
Passing_Year_Of_PHD Certifications PHD_Specialization_encoded,822.2905977853543,822.2905977853543
Passing_Year_Of_Graduation Organization_encoded Designation_encoded,821.6966651404789,821.6966651404789
Department_encoded Designation_encoded University_Grad_encoded,-821.4973899231941,821.4973899231941
Certifications Industry_encoded Organization_encoded,820.9690570192878,820.9690570192878
Total_Experience No_Of_Companies_worked Number_of_Publications,820.8353064372526,820.8353064372526
Inhand_Offer Department_encoded Organization_encoded,819.7919938216581,819.7919938216581
Passing_Year_Of_Graduation Education_Level_encoded,-819.7340163365166,819.7340163365166
Passing_Year_Of_PG Role_encoded Industry_encoded,819.6874535936283,819.6874535936283
Role_encoded PG_Specialization_encoded PHD_Specialization_encoded,-818.8941512913798,818.8941512913798
Department_encoded Organization_encoded PG_Specialization_encoded,-818.2314421729441,818.2314421729441
Total_Experience Number_of_Publications Curent_Location_encoded,818.0129286256547,818.0129286256547
Total_Experience_in_field_applied Current_CTC Field_Specialization_Ratio,817.6472472582263,817.6472472582263
Number_of_Publications Has_PG PHD_Specialization_encoded,817.6437148925954,817.6437148925954
Passing_Year_Of_PHD^2 Education_Level_encoded,815.8273777172664,815.8273777172664
Passing_Year_Of_Graduation Role_encoded University_PHD_encoded,815.2816131947526,815.2816131947526
Total_Experience University_PG_encoded University_PHD_encoded,-814.7755193082625,814.7755193082625
Total_Experience_in_field_applied No_Of_Companies_worked Certifications,813.4180403142644,813.4180403142644
Total_Experience Industry_encoded University_Grad_encoded,813.3983891719462,813.3983891719462
Inhand_Offer No_Of_Companies_worked Number_of_Publications,813.2087876372997,813.2087876372997
Total_Experience_in_field_applied University_PHD_encoded Curent_Location_encoded,811.9577615991433,811.9577615991433
No_Of_Companies_worked Curent_Location_encoded Preferred_location_encoded,-811.7265493271914,811.7265493271914
Field_Specialization_Ratio Organization_encoded Preferred_location_encoded,-811.574751526571,811.574751526571
Total_Experience Total_Experience_in_field_applied International_degree_any,-811.4623543191179,811.4623543191179
Passing_Year_Of_Graduation Graduation_Specialization_encoded PG_Specialization_encoded,-811.3652355906288,811.3652355906288
Certifications Field_Specialization_Ratio Department_encoded,810.8490855083625,810.8490855083625
Inhand_Offer Has_PHD Curent_Location_encoded,-810.415157766835,810.415157766835
Total_Experience_in_field_applied Field_Specialization_Ratio Has_PHD,807.8579694319124,807.8579694319124
Passing_Year_Of_Graduation PHD_Specialization_encoded Education_Level_encoded,807.8394018897379,807.8394018897379
Designation_encoded University_Grad_encoded University_PHD_encoded,-806.692992932591,806.692992932591
Industry_encoded Curent_Location_encoded,-806.665071186403,806.665071186403
PHD_Specialization_encoded University_PHD_encoded^2,806.0035891633969,806.0035891633969
No_Of_Companies_worked Graduation_Specialization_encoded Curent_Location_encoded,-805.5528030176611,805.5528030176611
Current_CTC Has_PG Curent_Location_encoded,805.0551904893287,805.0551904893287
Total_Experience Current_CTC Designation_encoded,804.6930608645903,804.6930608645903
Department_encoded Role_encoded University_Grad_encoded,-804.5155028108211,804.5155028108211
Inhand_Offer Graduation_Specialization_encoded University_PG_encoded,804.169583612766,804.169583612766
Has_PHD Designation_encoded Curent_Location_encoded,803.3313911235102,803.3313911235102
Passing_Year_Of_Graduation Passing_Year_Of_PG Preferred_location_encoded,-803.3249522886254,803.3249522886254
Inhand_Offer Certifications Role_encoded,-803.1539488843788,803.1539488843788
Passing_Year_Of_Graduation Role_encoded PHD_Specialization_encoded,-802.8625775671378,802.8625775671378
Total_Experience Certifications Department_encoded,-802.2381194668922,802.2381194668922
Passing_Year_Of_PHD Preferred_location_encoded^2,799.9917941683469,799.9917941683469
Passing_Year_Of_PHD Current_CTC Field_Specialization_Ratio,-799.6368676174989,799.6368676174989
Passing_Year_Of_Graduation University_PG_encoded^2,799.1712127360062,799.1712127360062
Passing_Year_Of_PG International_degree_any PG_Specialization_encoded,-798.8367579808695,798.8367579808695
Total_Experience_in_field_applied International_degree_any Performance_Score,797.4954848202665,797.4954848202665
Passing_Year_Of_PHD Department_encoded Industry_encoded,797.4575121858716,797.4575121858716
Current_CTC Performance_Score University_PHD_encoded,-796.784608097973,796.784608097973
Current_CTC Certifications^2,-796.3601268553929,796.3601268553929
Inhand_Offer No_Of_Companies_worked International_degree_any,794.1841866021019,794.1841866021019
Total_Experience_in_field_applied Passing_Year_Of_PG Performance_Score,792.9166907497313,792.9166907497313
Inhand_Offer Organization_encoded University_PHD_encoded,792.7254081202484,792.7254081202484
Certifications Curent_Location_encoded^2,792.3136705236316,792.3136705236316
International_degree_any Field_Specialization_Ratio Industry_encoded,791.7399221251039,791.7399221251039
Department_encoded University_Grad_encoded PG_Specialization_encoded,-790.6747989866317,790.6747989866317
University_Grad_encoded PG_Specialization_encoded PHD_Specialization_encoded,790.4330879888875,790.4330879888875
Total_Experience_in_field_applied Current_CTC Industry_encoded,789.276638292743,789.276638292743
Total_Experience Field_Specialization_Ratio Department_encoded,-788.1870809081948,788.1870809081948
Inhand_Offer Has_PG Curent_Location_encoded,-785.2408466248071,785.2408466248071
Inhand_Offer International_degree_any Industry_encoded,-785.0709416340038,785.0709416340038
Inhand_Offer Performance_Score PG_Specialization_encoded,-784.5688882992321,784.5688882992321
Role_encoded Organization_encoded Preferred_location_encoded,783.6315637371004,783.6315637371004
Certifications Designation_encoded Preferred_location_encoded,783.1573397980746,783.1573397980746
Field_Specialization_Ratio Preferred_location_encoded,782.7339386708823,782.7339386708823
No_Of_Companies_worked Number_of_Publications PHD_Specialization_encoded,782.4045759667945,782.4045759667945
Current_CTC PG_Specialization_encoded Education_Level_encoded,782.3722974497207,782.3722974497207
No_Of_Companies_worked University_PHD_encoded Curent_Location_encoded,-781.7470767404576,781.7470767404576
Passing_Year_Of_PHD Performance_Score PHD_Specialization_encoded,781.5552370675005,781.5552370675005
Current_CTC International_degree_any Curent_Location_encoded,781.5124999885153,781.5124999885153
International_degree_any^2 University_Grad_encoded,780.6394688096137,780.6394688096137
Has_PG Role_encoded University_PHD_encoded,779.9676058712598,779.9676058712598
Total_Experience_in_field_applied University_PHD_encoded Preferred_location_encoded,-779.5844158470856,779.5844158470856
Current_CTC International_degree_any^2,779.1148495897551,779.1148495897551
Has_PG Role_encoded PG_Specialization_encoded,778.9647247022621,778.9647247022621
Passing_Year_Of_PG Certifications Curent_Location_encoded,778.3615895564593,778.3615895564593
Passing_Year_Of_Graduation Role_encoded,-777.7249937527744,777.7249937527744
Designation_encoded Curent_Location_encoded Preferred_location_encoded,-777.7216225179397,777.7216225179397
Passing_Year_Of_PG Has_PHD University_PG_encoded,777.3606712389728,777.3606712389728
Total_Experience_in_field_applied Organization_encoded Education_Level_encoded,-777.0478380333909,777.0478380333909
Passing_Year_Of_PG International_degree_any University_PG_encoded,-776.7562388485851,776.7562388485851
Performance_Score Industry_encoded PHD_Specialization_encoded,776.3235212267,776.3235212267
Certifications Department_encoded Organization_encoded,-776.280221662279,776.280221662279
International_degree_any Graduation_Specialization_encoded^2,775.6882812270022,775.6882812270022
Total_Experience_in_field_applied^2 Performance_Score,774.818734395063,774.818734395063
Total_Experience Role_encoded University_PHD_encoded,774.8022287882832,774.8022287882832
Passing_Year_Of_PG Field_Specialization_Ratio Department_encoded,-774.3856569825058,774.3856569825058
Passing_Year_Of_Graduation Organization_encoded PHD_Specialization_encoded,773.9113912427201,773.9113912427201
Field_Specialization_Ratio Department_encoded Curent_Location_encoded,-772.7028174424554,772.7028174424554
No_Of_Companies_worked University_Grad_encoded Curent_Location_encoded,-772.1847055790574,772.1847055790574
PHD_Specialization_encoded University_PHD_encoded Preferred_location_encoded,-771.9274880450846,771.9274880450846
Total_Experience_in_field_applied Industry_encoded University_PHD_encoded,-771.3358898799322,771.3358898799322
Number_of_Publications International_degree_any Field_Specialization_Ratio,-771.1808184551807,771.1808184551807
Total_Experience_in_field_applied^2 Current_CTC,770.8465691160917,770.8465691160917
Total_Experience International_degree_any University_PHD_encoded,770.739251671532,770.739251671532
Passing_Year_Of_PHD Graduation_Specialization_encoded Preferred_location_encoded,770.2720962017308,770.2720962017308
Certifications Designation_encoded Graduation_Specialization_encoded,768.817532974692,768.817532974692
Industry_encoded University_PHD_encoded,768.1353237488838,768.1353237488838
Total_Experience_in_field_applied Certifications University_Grad_encoded,766.5566309551748,766.5566309551748
Passing_Year_Of_Graduation International_degree_any PG_Specialization_encoded,-766.0750545906471,766.0750545906471
Passing_Year_Of_PG Has_PHD Designation_encoded,765.3588307540947,765.3588307540947
Current_CTC International_degree_any Has_PG,764.8262888903557,764.8262888903557
International_degree_any Field_Specialization_Ratio Curent_Location_encoded,764.8247181092369,764.8247181092369
Curent_Location_encoded Preferred_location_encoded,-763.8411293703614,763.8411293703614
Industry_encoded University_Grad_encoded Curent_Location_encoded,-763.285590078467,763.285590078467
University_Grad_encoded University_PG_encoded^2,-762.9216653136589,762.9216653136589
No_Of_Companies_worked Role_encoded University_Grad_encoded,-760.5702897582661,760.5702897582661
Passing_Year_Of_PHD^2 University_PHD_encoded,759.8484888479339,759.8484888479339
Has_PHD^2 Graduation_Specialization_encoded,759.5255945087382,759.5255945087382
Inhand_Offer International_degree_any University_PHD_encoded,-759.4343547847485,759.4343547847485
International_degree_any^2 Curent_Location_encoded,758.8085511073592,758.8085511073592
Certifications International_degree_any University_PHD_encoded,-757.7228610286983,757.7228610286983
International_degree_any Designation_encoded University_Grad_encoded,756.4448299271269,756.4448299271269
No_Of_Companies_worked Certifications PHD_Specialization_encoded,-755.4793281064829,755.4793281064829
International_degree_any PG_Specialization_encoded Preferred_location_encoded,755.2802262533418,755.2802262533418
Passing_Year_Of_PG Department_encoded University_PHD_encoded,-755.2485508073578,755.2485508073578
Passing_Year_Of_Graduation Department_encoded University_PG_encoded,755.0034942546445,755.0034942546445
Passing_Year_Of_PHD International_degree_any Organization_encoded,-754.7667775804749,754.7667775804749
Current_CTC Has_PG University_Grad_encoded,754.6176013031052,754.6176013031052
Performance_Score PHD_Specialization_encoded Preferred_location_encoded,-754.1686980130447,754.1686980130447
Number_of_Publications International_degree_any Curent_Location_encoded,-753.2061184892333,753.2061184892333
Number_of_Publications Has_PG University_Grad_encoded,752.384175494009,752.384175494009
No_Of_Companies_worked^2 PHD_Specialization_encoded,751.9535412421741,751.9535412421741
Passing_Year_Of_PHD Graduation_Specialization_encoded^2,-751.7484676044778,751.7484676044778
Organization_encoded University_Grad_encoded,751.1269318442997,751.1269318442997
Total_Experience_in_field_applied Department_encoded Preferred_location_encoded,-751.1252647776515,751.1252647776515
Total_Experience_in_field_applied Graduation_Specialization_encoded University_PG_encoded,750.1070180039899,750.1070180039899
Has_PG University_Grad_encoded PHD_Specialization_encoded,-748.9951502390047,748.9951502390047
Total_Experience_in_field_applied Number_of_Publications Field_Specialization_Ratio,-748.6638280910092,748.6638280910092
Department_encoded PG_Specialization_encoded Curent_Location_encoded,-748.5489452822131,748.5489452822131
Has_PG Department_encoded University_PG_encoded,748.4216254174581,748.4216254174581
International_degree_any Department_encoded University_Grad_encoded,-747.3346291528617,747.3346291528617
Designation_encoded University_PG_encoded Education_Level_encoded,746.334528202124,746.334528202124
Passing_Year_Of_PG Organization_encoded Graduation_Specialization_encoded,745.8215085743539,745.8215085743539
Certifications Organization_encoded Graduation_Specialization_encoded,745.2199308909137,745.2199308909137
Passing_Year_Of_PHD Current_CTC PG_Specialization_encoded,744.0291984621919,744.0291984621919
International_degree_any Industry_encoded University_Grad_encoded,741.9443564657817,741.9443564657817
Passing_Year_Of_PHD Field_Specialization_Ratio University_PG_encoded,-741.4914997232443,741.4914997232443
Total_Experience_in_field_applied Has_PHD University_PHD_encoded,741.3260720810462,741.3260720810462
Total_Experience International_degree_any University_PG_encoded,739.76629261795,739.76629261795
Passing_Year_Of_PHD Has_PG Education_Level_encoded,739.4307502091598,739.4307502091598
Passing_Year_Of_PHD International_degree_any Education_Level_encoded,739.2916172286906,739.2916172286906
Passing_Year_Of_PG Inhand_Offer University_PHD_encoded,737.2369534603702,737.2369534603702
Total_Experience_in_field_applied Curent_Location_encoded Education_Level_encoded,737.1049411582401,737.1049411582401
Department_encoded Industry_encoded PHD_Specialization_encoded,-735.990482632578,735.990482632578
International_degree_any Designation_encoded Preferred_location_encoded,735.4859798589988,735.4859798589988
Passing_Year_Of_Graduation International_degree_any Graduation_Specialization_encoded,734.610977821694,734.610977821694
Number_of_Publications PHD_Specialization_encoded University_PHD_encoded,-733.2013691247591,733.2013691247591
Passing_Year_Of_PHD Industry_encoded Graduation_Specialization_encoded,732.7239278956927,732.7239278956927
PG_Specialization_encoded University_PG_encoded Curent_Location_encoded,-731.9164473858767,731.9164473858767
Passing_Year_Of_PG Passing_Year_Of_PHD Graduation_Specialization_encoded,731.8131965344796,731.8131965344796
Has_PHD PG_Specialization_encoded,-731.4190066679095,731.4190066679095
Total_Experience_in_field_applied Department_encoded^2,731.2651351754313,731.2651351754313
Total_Experience Organization_encoded Preferred_location_encoded,-729.8950745261466,729.8950745261466
Total_Experience Department_encoded University_Grad_encoded,726.304297360401,726.304297360401
Certifications Has_PHD Organization_encoded,725.6649142070934,725.6649142070934
International_degree_any,-724.6464542406305,724.6464542406305
Performance_Score Role_encoded Graduation_Specialization_encoded,-723.5751864434552,723.5751864434552
Total_Experience_in_field_applied Performance_Score PG_Specialization_encoded,723.09002615998,723.09002615998
International_degree_any Role_encoded Industry_encoded,722.2464199852742,722.2464199852742
Passing_Year_Of_PHD Designation_encoded^2,720.1735862324394,720.1735862324394
Inhand_Offer PG_Specialization_encoded University_PG_encoded,-719.3565351881139,719.3565351881139
Passing_Year_Of_Graduation Industry_encoded Education_Level_encoded,-719.0941322783873,719.0941322783873
International_degree_any Performance_Score Graduation_Specialization_encoded,718.9216253042192,718.9216253042192
Passing_Year_Of_Graduation Number_of_Publications Preferred_location_encoded,717.0694304553891,717.0694304553891
International_degree_any^2 Industry_encoded,-716.7967616348592,716.7967616348592
Has_PHD Graduation_Specialization_encoded^2,-716.5505617355598,716.5505617355598
Number_of_Publications University_PHD_encoded Education_Level_encoded,-716.1911665468123,716.1911665468123
Certifications University_PG_encoded Education_Level_encoded,-716.086076953468,716.086076953468
Total_Experience_in_field_applied Current_CTC International_degree_any,715.2571679484907,715.2571679484907
Passing_Year_Of_PHD University_PHD_encoded Preferred_location_encoded,-715.1460510295371,715.1460510295371
Total_Experience Passing_Year_Of_PHD,714.8771758630955,714.8771758630955
Passing_Year_Of_PG Inhand_Offer Role_encoded,-714.1955254929388,714.1955254929388
Has_PHD^2 University_Grad_encoded,714.1513270779348,714.1513270779348
Passing_Year_Of_PHD Inhand_Offer Has_PHD,-714.0633558378789,714.0633558378789
Total_Experience_in_field_applied Certifications International_degree_any,713.6874217535045,713.6874217535045
Department_encoded^2 PG_Specialization_encoded,-713.0153355394261,713.0153355394261
Passing_Year_Of_PHD Field_Specialization_Ratio Has_PG,712.4677335523246,712.4677335523246
Passing_Year_Of_PG University_PHD_encoded Preferred_location_encoded,712.3623787672896,712.3623787672896
Total_Experience Has_PG University_Grad_encoded,-712.1610299540803,712.1610299540803
Passing_Year_Of_PG Graduation_Specialization_encoded^2,-710.9334701268667,710.9334701268667
Total_Experience Number_of_Publications Graduation_Specialization_encoded,709.9479935913224,709.9479935913224
Industry_encoded PG_Specialization_encoded University_PHD_encoded,-709.4623636292597,709.4623636292597
PHD_Specialization_encoded University_PHD_encoded Education_Level_encoded,709.1977231161394,709.1977231161394
International_degree_any Has_PG Organization_encoded,-708.6398864462907,708.6398864462907
Industry_encoded Designation_encoded,-708.200608298383,708.200608298383
Passing_Year_Of_PG Role_encoded University_PG_encoded,707.8908255829147,707.8908255829147
Passing_Year_Of_Graduation PHD_Specialization_encoded Curent_Location_encoded,-706.5131625873861,706.5131625873861
Passing_Year_Of_PHD Inhand_Offer Graduation_Specialization_encoded,-706.1183411308116,706.1183411308116
Passing_Year_Of_PHD Curent_Location_encoded Preferred_location_encoded,705.8489990629741,705.8489990629741
Designation_encoded University_Grad_encoded Preferred_location_encoded,-705.6391740670904,705.6391740670904
No_Of_Companies_worked Certifications Graduation_Specialization_encoded,704.9242347037581,704.9242347037581
International_degree_any Industry_encoded PG_Specialization_encoded,-703.8251347044541,703.8251347044541
Has_PG Department_encoded Graduation_Specialization_encoded,701.9193758707396,701.9193758707396
Field_Specialization_Ratio University_Grad_encoded University_PG_encoded,700.6584620550668,700.6584620550668
Graduation_Specialization_encoded University_PG_encoded Education_Level_encoded,700.6312181804007,700.6312181804007
Role_encoded Industry_encoded Curent_Location_encoded,-700.5636694295384,700.5636694295384
Has_PHD Department_encoded Education_Level_encoded,-699.1957934266717,699.1957934266717
Certifications Has_PG Department_encoded,-697.7188598603826,697.7188598603826
Total_Experience_in_field_applied Number_of_Publications International_degree_any,-697.4598661615813,697.4598661615813
Field_Specialization_Ratio University_Grad_encoded^2,-697.4068339091968,697.4068339091968
Inhand_Offer No_Of_Companies_worked^2,-695.2152401305418,695.2152401305418
Inhand_Offer^2 Curent_Location_encoded,694.5072652714177,694.5072652714177
PG_Specialization_encoded^2 PHD_Specialization_encoded,692.9731310819435,692.9731310819435
Passing_Year_Of_PG Curent_Location_encoded Education_Level_encoded,692.4041655740434,692.4041655740434
Inhand_Offer Department_encoded University_PG_encoded,692.193657047012,692.193657047012
Inhand_Offer Industry_encoded^2,-691.7283579037419,691.7283579037419
Has_PG Performance_Score Preferred_location_encoded,-691.5894745578075,691.5894745578075
Number_of_Publications International_degree_any Department_encoded,691.5837837192988,691.5837837192988
Current_CTC No_Of_Companies_worked Graduation_Specialization_encoded,-691.2689895127845,691.2689895127845
Inhand_Offer Field_Specialization_Ratio Designation_encoded,-691.1380391673644,691.1380391673644
Passing_Year_Of_PHD Role_encoded University_PG_encoded,690.5313365013143,690.5313365013143
Number_of_Publications Department_encoded University_PG_encoded,-689.5794725157232,689.5794725157232
Current_CTC Has_PHD Industry_encoded,689.359824838512,689.359824838512
Has_PHD^2 University_PHD_encoded,-689.0613557115814,689.0613557115814
Passing_Year_Of_PHD PG_Specialization_encoded PHD_Specialization_encoded,688.5389739660955,688.5389739660955
Has_PG University_PHD_encoded Curent_Location_encoded,-688.1822321327816,688.1822321327816
Total_Experience University_PG_encoded PHD_Specialization_encoded,-687.8587336320509,687.8587336320509
Number_of_Publications Role_encoded Preferred_location_encoded,-687.481474211416,687.481474211416
Passing_Year_Of_Graduation International_degree_any Preferred_location_encoded,-687.4310357075686,687.4310357075686
PHD_Specialization_encoded^2,-686.7666741933716,686.7666741933716
Current_CTC Department_encoded University_PHD_encoded,-685.7340908720342,685.7340908720342
Passing_Year_Of_PHD International_degree_any^2,-685.261427366133,685.261427366133
Total_Experience_in_field_applied Certifications Designation_encoded,685.2329855277222,685.2329855277222
PG_Specialization_encoded University_PG_encoded,-685.0372608140176,685.0372608140176
Passing_Year_Of_PG Has_PG Department_encoded,-684.1677005616809,684.1677005616809
Certifications Preferred_location_encoded^2,683.9341207520414,683.9341207520414
Passing_Year_Of_PG Passing_Year_Of_PHD University_PG_encoded,683.5115209508272,683.5115209508272
Role_encoded University_Grad_encoded Education_Level_encoded,-683.2721942439362,683.2721942439362
Current_CTC Number_of_Publications Graduation_Specialization_encoded,682.9275144840223,682.9275144840223
Passing_Year_Of_PG Organization_encoded PG_Specialization_encoded,682.5717203052949,682.5717203052949
University_PG_encoded University_PHD_encoded Preferred_location_encoded,-681.0930942843572,681.0930942843572
Passing_Year_Of_Graduation Number_of_Publications Field_Specialization_Ratio,680.9081687165799,680.9081687165799
Department_encoded PHD_Specialization_encoded Education_Level_encoded,680.3064265060007,680.3064265060007
Total_Experience_in_field_applied Performance_Score University_PG_encoded,679.7531222524241,679.7531222524241
Graduation_Specialization_encoded University_PHD_encoded Education_Level_encoded,679.6610013258453,679.6610013258453
Performance_Score Organization_encoded Education_Level_encoded,679.6193399298988,679.6193399298988
Performance_Score Department_encoded Industry_encoded,-679.2890527178856,679.2890527178856
University_Grad_encoded PHD_Specialization_encoded Curent_Location_encoded,-679.1699211783703,679.1699211783703
Industry_encoded University_Grad_encoded Preferred_location_encoded,678.4702560934227,678.4702560934227
Passing_Year_Of_PHD Performance_Score University_PHD_encoded,-678.3353044672518,678.3353044672518
Passing_Year_Of_Graduation Role_encoded Designation_encoded,-677.8723061586678,677.8723061586678
International_degree_any Performance_Score^2,-677.5195696966342,677.5195696966342
Field_Specialization_Ratio Role_encoded PG_Specialization_encoded,-676.769339402545,676.769339402545
Total_Experience_in_field_applied Passing_Year_Of_PHD^2,676.418999140963,676.418999140963
Performance_Score Department_encoded University_Grad_encoded,675.5583600358669,675.5583600358669
Passing_Year_Of_PG Passing_Year_Of_PHD Field_Specialization_Ratio,-675.3162942512549,675.3162942512549
Passing_Year_Of_PG Curent_Location_encoded,675.2063231400474,675.2063231400474
Number_of_Publications Certifications Role_encoded,-674.2536809912458,674.2536809912458
Passing_Year_Of_PHD Organization_encoded Education_Level_encoded,-673.8707977163626,673.8707977163626
Performance_Score Role_encoded PHD_Specialization_encoded,673.6731356527995,673.6731356527995
Passing_Year_Of_PG Designation_encoded PHD_Specialization_encoded,673.3319951204237,673.3319951204237
Current_CTC PG_Specialization_encoded Preferred_location_encoded,672.9674349878608,672.9674349878608
International_degree_any^2 Preferred_location_encoded,-672.739769508199,672.739769508199
Total_Experience_in_field_applied International_degree_any University_PG_encoded,-670.6103891233013,670.6103891233013
Number_of_Publications Field_Specialization_Ratio Preferred_location_encoded,-669.6374093651777,669.6374093651777
Total_Experience Number_of_Publications University_PG_encoded,-669.4842459306423,669.4842459306423
Number_of_Publications Industry_encoded Education_Level_encoded,-669.4751285619652,669.4751285619652
Has_PHD Preferred_location_encoded Education_Level_encoded,-667.5217331799339,667.5217331799339
Passing_Year_Of_PHD University_Grad_encoded University_PHD_encoded,666.26899185663,666.26899185663
Inhand_Offer Certifications,-664.6366149719469,664.6366149719469
Has_PG Preferred_location_encoded^2,664.6035017552416,664.6035017552416
Passing_Year_Of_PG^2 Preferred_location_encoded,-664.4686789040794,664.4686789040794
Passing_Year_Of_Graduation Number_of_Publications Organization_encoded,-664.0609472502399,664.0609472502399
Total_Experience Role_encoded Education_Level_encoded,663.450118679766,663.450118679766
International_degree_any Performance_Score University_PG_encoded,-663.3431821550287,663.3431821550287
Passing_Year_Of_PHD Current_CTC International_degree_any,662.8751627777178,662.8751627777178
Passing_Year_Of_PHD Has_PG Preferred_location_encoded,-662.4929905454826,662.4929905454826
Total_Experience_in_field_applied University_PG_encoded University_PHD_encoded,-661.4043599762034,661.4043599762034
Current_CTC Inhand_Offer University_Grad_encoded,661.3748923492641,661.3748923492641
Total_Experience Passing_Year_Of_PHD Number_of_Publications,-661.3740283927436,661.3740283927436
Current_CTC Industry_encoded University_PG_encoded,-660.9489819849532,660.9489819849532
Has_PHD University_PHD_encoded Curent_Location_encoded,-660.9441607953823,660.9441607953823
Total_Experience Certifications University_Grad_encoded,660.2081045282386,660.2081045282386
Has_PG Department_encoded University_Grad_encoded,660.1451488188687,660.1451488188687
Has_PHD University_PG_encoded^2,-659.4083733420204,659.4083733420204
International_degree_any Graduation_Specialization_encoded University_Grad_encoded,-658.9040044715689,658.9040044715689
Department_encoded,-658.8136088611833,658.8136088611833
Total_Experience Field_Specialization_Ratio Role_encoded,658.3225419890028,658.3225419890028
Industry_encoded University_Grad_encoded Education_Level_encoded,-656.8350120332293,656.8350120332293
Total_Experience Industry_encoded^2,-656.1376817594974,656.1376817594974
Total_Experience_in_field_applied Passing_Year_Of_PHD Has_PHD,655.8509447277822,655.8509447277822
Inhand_Offer Has_PHD Department_encoded,-655.3840154335022,655.3840154335022
Total_Experience Has_PG Graduation_Specialization_encoded,655.2026532066757,655.2026532066757
Graduation_Specialization_encoded University_Grad_encoded Education_Level_encoded,655.1833401385247,655.1833401385247
Performance_Score University_PG_encoded Curent_Location_encoded,654.6735608308113,654.6735608308113
Passing_Year_Of_Graduation Passing_Year_Of_PHD Inhand_Offer,-654.4611614683927,654.4611614683927
Inhand_Offer Field_Specialization_Ratio University_PG_encoded,-654.0583969446827,654.0583969446827
Current_CTC PHD_Specialization_encoded University_PHD_encoded,653.4357446169391,653.4357446169391
No_Of_Companies_worked Has_PG Organization_encoded,653.1575015491779,653.1575015491779
Inhand_Offer Field_Specialization_Ratio University_Grad_encoded,-652.866516714002,652.866516714002
Field_Specialization_Ratio^2 Graduation_Specialization_encoded,-652.7510690023,652.7510690023
No_Of_Companies_worked Industry_encoded PHD_Specialization_encoded,650.2053592175708,650.2053592175708
Passing_Year_Of_PG Curent_Location_encoded Preferred_location_encoded,648.6727847364223,648.6727847364223
Department_encoded University_Grad_encoded,648.4321216246306,648.4321216246306
International_degree_any Has_PHD University_PHD_encoded,-648.3289521805152,648.3289521805152
Department_encoded PG_Specialization_encoded PHD_Specialization_encoded,647.9079962509029,647.9079962509029
International_degree_any Has_PHD Designation_encoded,647.2605251952085,647.2605251952085
Department_encoded University_Grad_encoded Curent_Location_encoded,645.2147738890184,645.2147738890184
Designation_encoded University_PG_encoded University_PHD_encoded,-643.826802515772,643.826802515772
Passing_Year_Of_PG International_degree_any Education_Level_encoded,642.2995912156358,642.2995912156358
Passing_Year_Of_PG Current_CTC International_degree_any,640.8919338713085,640.8919338713085
Passing_Year_Of_PG Has_PHD Industry_encoded,640.7305239055552,640.7305239055552
Has_PHD^2 Preferred_location_encoded,-640.2438745366261,640.2438745366261
No_Of_Companies_worked Has_PHD University_PHD_encoded,639.4650577490239,639.4650577490239
Total_Experience_in_field_applied Passing_Year_Of_PHD University_Grad_encoded,639.1594645906837,639.1594645906837
Organization_encoded Graduation_Specialization_encoded Curent_Location_encoded,639.0468268082763,639.0468268082763
Total_Experience Current_CTC Department_encoded,-636.6081454984989,636.6081454984989
International_degree_any PHD_Specialization_encoded Education_Level_encoded,-636.6072131772578,636.6072131772578
Total_Experience Field_Specialization_Ratio Performance_Score,-635.3651400703815,635.3651400703815
Certifications International_degree_any Department_encoded,635.0824354540988,635.0824354540988
Department_encoded Preferred_location_encoded^2,634.494123095511,634.494123095511
Inhand_Offer Role_encoded Organization_encoded,-633.2649807724578,633.2649807724578
Has_PG Designation_encoded Graduation_Specialization_encoded,632.748152227445,632.748152227445
International_degree_any Organization_encoded Education_Level_encoded,-632.7109237810101,632.7109237810101
International_degree_any Field_Specialization_Ratio Performance_Score,-632.3764478295357,632.3764478295357
Current_CTC University_PHD_encoded Preferred_location_encoded,630.6587909891306,630.6587909891306
Total_Experience_in_field_applied Has_PG^2,630.253919607491,630.253919607491
Passing_Year_Of_PHD Has_PG University_PG_encoded,-629.6158569235735,629.6158569235735
Field_Specialization_Ratio Role_encoded Preferred_location_encoded,-628.8564083050144,628.8564083050144
Role_encoded Industry_encoded Graduation_Specialization_encoded,-628.6594058250686,628.6594058250686
Total_Experience_in_field_applied Certifications Preferred_location_encoded,-628.5541550716935,628.5541550716935
Total_Experience^2 Designation_encoded,-628.2870804258595,628.2870804258595
Passing_Year_Of_Graduation Designation_encoded University_PHD_encoded,627.162327866751,627.162327866751
Department_encoded University_Grad_encoded Preferred_location_encoded,627.1099510008511,627.1099510008511
No_Of_Companies_worked University_Grad_encoded^2,626.9915698849006,626.9915698849006
Industry_encoded Graduation_Specialization_encoded Preferred_location_encoded,-626.7130575570982,626.7130575570982
Field_Specialization_Ratio Performance_Score University_PG_encoded,-626.0501731534408,626.0501731534408
Number_of_Publications^3,625.8864477945599,625.8864477945599
Passing_Year_Of_PG Organization_encoded Education_Level_encoded,-625.5885058871513,625.5885058871513
Number_of_Publications Organization_encoded Graduation_Specialization_encoded,625.5019518640977,625.5019518640977
Passing_Year_Of_PHD Certifications University_PHD_encoded,625.1581565685964,625.1581565685964
International_degree_any Organization_encoded University_PG_encoded,-624.8097562228381,624.8097562228381
Passing_Year_Of_PG Field_Specialization_Ratio Has_PG,-624.394708916867,624.394708916867
Certifications International_degree_any Organization_encoded,-623.1915461083373,623.1915461083373
International_degree_any^2 University_PG_encoded,622.5446667089225,622.5446667089225
Has_PG University_PG_encoded Curent_Location_encoded,622.304545850334,622.304545850334
Passing_Year_Of_PG Role_encoded Curent_Location_encoded,621.8640011184414,621.8640011184414
Inhand_Offer Certifications Organization_encoded,-621.258567532926,621.258567532926
International_degree_any Industry_encoded PHD_Specialization_encoded,-621.041160246752,621.041160246752
Performance_Score Preferred_location_encoded Education_Level_encoded,620.7733047040945,620.7733047040945
No_Of_Companies_worked Number_of_Publications Curent_Location_encoded,620.2514124953516,620.2514124953516
Passing_Year_Of_PG International_degree_any Performance_Score,619.3481437394951,619.3481437394951
Number_of_Publications International_degree_any Has_PHD,618.7187366196019,618.7187366196019
Number_of_Publications University_PG_encoded Preferred_location_encoded,-618.0373198711425,618.0373198711425
Has_PHD University_Grad_encoded University_PG_encoded,-617.9736825533668,617.9736825533668
Passing_Year_Of_PG Graduation_Specialization_encoded Curent_Location_encoded,-617.8774547877141,617.8774547877141
Total_Experience_in_field_applied Inhand_Offer Number_of_Publications,-617.1384791191466,617.1384791191466
Total_Experience Organization_encoded^2,616.1080321724864,616.1080321724864
Field_Specialization_Ratio^2 University_PHD_encoded,-615.6005762749961,615.6005762749961
Passing_Year_Of_PHD^2 Certifications,-615.5621872395606,615.5621872395606
Passing_Year_Of_PHD Number_of_Publications Curent_Location_encoded,615.0165018440799,615.0165018440799
Inhand_Offer Number_of_Publications Organization_encoded,614.5176515221893,614.5176515221893
Current_CTC Has_PG PG_Specialization_encoded,-611.3348770998701,611.3348770998701
International_degree_any^2 PG_Specialization_encoded,611.2239837364092,611.2239837364092
Total_Experience Passing_Year_Of_PG Has_PHD,-611.0578019360975,611.0578019360975
Department_encoded Industry_encoded Curent_Location_encoded,-609.8129978602145,609.8129978602145
Passing_Year_Of_PHD PG_Specialization_encoded University_PG_encoded,609.8118733105474,609.8118733105474
Inhand_Offer Has_PHD PG_Specialization_encoded,609.5335977145637,609.5335977145637
Number_of_Publications Field_Specialization_Ratio University_PG_encoded,608.5369874416443,608.5369874416443
Has_PHD Industry_encoded Graduation_Specialization_encoded,607.8788206497013,607.8788206497013
Passing_Year_Of_Graduation Passing_Year_Of_PHD Department_encoded,606.6699810087514,606.6699810087514
Total_Experience Passing_Year_Of_PG Curent_Location_encoded,605.9466066604635,605.9466066604635
Passing_Year_Of_PHD Department_encoded PHD_Specialization_encoded,605.7071779924021,605.7071779924021
Total_Experience_in_field_applied Field_Specialization_Ratio Department_encoded,-605.6094997109988,605.6094997109988
Total_Experience Number_of_Publications Designation_encoded,-603.8732357582965,603.8732357582965
Current_CTC^2 Graduation_Specialization_encoded,-603.0169492114244,603.0169492114244
Passing_Year_Of_PG Role_encoded Organization_encoded,602.8378574077132,602.8378574077132
Passing_Year_Of_PHD Has_PHD University_Grad_encoded,602.6601433613648,602.6601433613648
Has_PHD PHD_Specialization_encoded Education_Level_encoded,-602.5477667246437,602.5477667246437
Current_CTC Field_Specialization_Ratio Curent_Location_encoded,602.3476626393469,602.3476626393469
Current_CTC International_degree_any Performance_Score,-601.8571460131147,601.8571460131147
Inhand_Offer International_degree_any University_Grad_encoded,-601.119946758673,601.119946758673
University_PG_encoded PHD_Specialization_encoded Curent_Location_encoded,600.6973837659818,600.6973837659818
Certifications Field_Specialization_Ratio^2,-599.1436856175319,599.1436856175319
Performance_Score Curent_Location_encoded,598.7021520264236,598.7021520264236
Passing_Year_Of_Graduation International_degree_any Role_encoded,598.0724056395679,598.0724056395679
Inhand_Offer No_Of_Companies_worked Has_PG,597.0016442600544,597.0016442600544
Has_PHD PG_Specialization_encoded University_PHD_encoded,596.4134951793384,596.4134951793384
Current_CTC Has_PG Industry_encoded,-595.9954830554202,595.9954830554202
Certifications PHD_Specialization_encoded Curent_Location_encoded,595.0658283303947,595.0658283303947
Performance_Score^2 Curent_Location_encoded,-595.0251587226066,595.0251587226066
Total_Experience_in_field_applied International_degree_any^2,594.9155321133655,594.9155321133655
No_Of_Companies_worked Certifications Has_PG,-594.4879609099286,594.4879609099286
Passing_Year_Of_PHD International_degree_any PHD_Specialization_encoded,594.4115903259606,594.4115903259606
Inhand_Offer Certifications University_PG_encoded,-593.8692106821458,593.8692106821458
No_Of_Companies_worked Preferred_location_encoded^2,593.3208378420272,593.3208378420272
Industry_encoded^2 PHD_Specialization_encoded,-593.2915675586104,593.2915675586104
Number_of_Publications^2 University_PG_encoded,592.8814738616936,592.8814738616936
Passing_Year_Of_Graduation Has_PG Organization_encoded,-591.7192554579123,591.7192554579123
International_degree_any University_Grad_encoded PG_Specialization_encoded,-591.0700235386112,591.0700235386112
Has_PG Industry_encoded University_PHD_encoded,-590.5720328510897,590.5720328510897
University_PG_encoded Education_Level_encoded^2,-590.1917615760832,590.1917615760832
Passing_Year_Of_PHD Department_encoded University_PG_encoded,-589.4234696683725,589.4234696683725
Passing_Year_Of_PG PHD_Specialization_encoded University_PHD_encoded,588.9151258690216,588.9151258690216
Inhand_Offer Number_of_Publications Has_PHD,588.6211273130838,588.6211273130838
Total_Experience_in_field_applied Inhand_Offer No_Of_Companies_worked,586.6337827413328,586.6337827413328
Total_Experience_in_field_applied Passing_Year_Of_Graduation International_degree_any,-586.6091541084661,586.6091541084661
Department_encoded^2 Curent_Location_encoded,-586.6024159329999,586.6024159329999
Passing_Year_Of_PG University_PG_encoded^2,-586.4684957050849,586.4684957050849
International_degree_any Has_PG Has_PHD,-586.459266556206,586.459266556206
Passing_Year_Of_Graduation Number_of_Publications University_PHD_encoded,-585.9172799496994,585.9172799496994
Total_Experience_in_field_applied Industry_encoded PHD_Specialization_encoded,-585.1313137971347,585.1313137971347
Current_CTC Industry_encoded PHD_Specialization_encoded,-583.9296159697479,583.9296159697479
Current_CTC University_Grad_encoded PHD_Specialization_encoded,-583.2708051644153,583.2708051644153
Inhand_Offer Performance_Score Graduation_Specialization_encoded,583.1911063685359,583.1911063685359
Passing_Year_Of_PHD Designation_encoded University_PHD_encoded,-581.7423157797365,581.7423157797365
Certifications Performance_Score Role_encoded,581.6434521810515,581.6434521810515
Has_PHD^2 Curent_Location_encoded,-581.1032270760543,581.1032270760543
Current_CTC International_degree_any Preferred_location_encoded,580.9221832322249,580.9221832322249
Passing_Year_Of_PHD International_degree_any Industry_encoded,-579.8801842189545,579.8801842189545
Total_Experience_in_field_applied International_degree_any Organization_encoded,579.5839453284661,579.5839453284661
International_degree_any^2 Designation_encoded,579.2910192250641,579.2910192250641
No_Of_Companies_worked Certifications,577.4145698359521,577.4145698359521
Passing_Year_Of_PG Passing_Year_Of_PHD Preferred_location_encoded,-576.8623903937439,576.8623903937439
Total_Experience_in_field_applied Passing_Year_Of_PG Preferred_location_encoded,576.8072731476552,576.8072731476552
PG_Specialization_encoded University_PHD_encoded^2,576.7319286474545,576.7319286474545
Passing_Year_Of_Graduation Department_encoded University_PHD_encoded,576.315414728742,576.315414728742
Number_of_Publications Department_encoded PHD_Specialization_encoded,576.1011525070104,576.1011525070104
Industry_encoded PG_Specialization_encoded Curent_Location_encoded,576.02143790058,576.02143790058
Passing_Year_Of_Graduation Number_of_Publications Designation_encoded,-575.4181359680487,575.4181359680487
Passing_Year_Of_PG Industry_encoded Organization_encoded,574.8567896932357,574.8567896932357
Total_Experience Organization_encoded Designation_encoded,574.3401752609002,574.3401752609002
Passing_Year_Of_PG Inhand_Offer Organization_encoded,574.0729128681807,574.0729128681807
Passing_Year_Of_PHD International_degree_any Graduation_Specialization_encoded,573.5879315304171,573.5879315304171
Designation_encoded University_PHD_encoded,573.4763864715181,573.4763864715181
Designation_encoded University_Grad_encoded Curent_Location_encoded,572.8107536672262,572.8107536672262
International_degree_any Has_PHD Role_encoded,-571.553597385925,571.553597385925
Industry_encoded Graduation_Specialization_encoded University_Grad_encoded,-570.8342957448491,570.8342957448491
Passing_Year_Of_Graduation Curent_Location_encoded^2,-570.2645700380473,570.2645700380473
Total_Experience_in_field_applied Designation_encoded University_PG_encoded,569.9857382691595,569.9857382691595
Certifications Role_encoded University_PHD_encoded,-569.700792051974,569.700792051974
Has_PHD Industry_encoded PHD_Specialization_encoded,569.3130898074696,569.3130898074696
No_Of_Companies_worked^2 International_degree_any,-568.6775240899765,568.6775240899765
Department_encoded Organization_encoded Curent_Location_encoded,-567.3652619272815,567.3652619272815
Total_Experience_in_field_applied Has_PG Department_encoded,567.3182851080974,567.3182851080974
Inhand_Offer Field_Specialization_Ratio Education_Level_encoded,-566.8903430807803,566.8903430807803
International_degree_any University_PG_encoded,566.4351784712989,566.4351784712989
Certifications^2 Performance_Score,-564.9232735748169,564.9232735748169
Certifications^2 Preferred_location_encoded,-563.7225378544719,563.7225378544719
Total_Experience_in_field_applied Has_PG Curent_Location_encoded,562.8335916477774,562.8335916477774
Passing_Year_Of_PHD Industry_encoded Organization_encoded,562.1370615454624,562.1370615454624
Certifications^2 University_PG_encoded,561.8786229795992,561.8786229795992
Role_encoded Designation_encoded,-561.623156527052,561.623156527052
Passing_Year_Of_PHD Inhand_Offer Performance_Score,560.887626333628,560.887626333628
Total_Experience_in_field_applied Passing_Year_Of_PHD Department_encoded,560.5071776158625,560.5071776158625
Passing_Year_Of_PG Graduation_Specialization_encoded Preferred_location_encoded,559.1052207304226,559.1052207304226
Inhand_Offer Has_PHD Graduation_Specialization_encoded,557.7629690608557,557.7629690608557
Organization_encoded^2 Preferred_location_encoded,-557.6052849566817,557.6052849566817
Passing_Year_Of_PHD Department_encoded Preferred_location_encoded,-557.4510243825047,557.4510243825047
Certifications^2 Graduation_Specialization_encoded,557.3043706652647,557.3043706652647
Has_PG Department_encoded University_PHD_encoded,556.0546157911898,556.0546157911898
PG_Specialization_encoded PHD_Specialization_encoded,555.7751486221847,555.7751486221847
Inhand_Offer No_Of_Companies_worked Field_Specialization_Ratio,555.6609110393035,555.6609110393035
Certifications Organization_encoded University_PHD_encoded,-554.6545938584154,554.6545938584154
Inhand_Offer Has_PG University_Grad_encoded,-553.6487510457567,553.6487510457567
International_degree_any Has_PHD Industry_encoded,-553.2561931419611,553.2561931419611
Field_Specialization_Ratio Has_PHD Preferred_location_encoded,-552.9657179281335,552.9657179281335
Certifications Graduation_Specialization_encoded Curent_Location_encoded,-551.8704236203729,551.8704236203729
Passing_Year_Of_PG Role_encoded University_Grad_encoded,551.550863478758,551.550863478758
Passing_Year_Of_PG^2 Performance_Score,551.3030390434685,551.3030390434685
Passing_Year_Of_PG Field_Specialization_Ratio Graduation_Specialization_encoded,550.6919593133722,550.6919593133722
Certifications Has_PHD Role_encoded,550.5893412279926,550.5893412279926
Total_Experience Performance_Score University_PHD_encoded,548.5476786509947,548.5476786509947
Passing_Year_Of_PHD^2 Graduation_Specialization_encoded,-547.9152422058528,547.9152422058528
Has_PHD University_PG_encoded,-546.9718452369433,546.9718452369433
Total_Experience_in_field_applied Passing_Year_Of_PG Department_encoded,546.0359507828482,546.0359507828482
Current_CTC Certifications PG_Specialization_encoded,545.0435314479193,545.0435314479193
Passing_Year_Of_PHD Has_PG Curent_Location_encoded,-544.4038544724576,544.4038544724576
Graduation_Specialization_encoded University_PG_encoded,-542.5293653375329,542.5293653375329
Current_CTC Performance_Score Graduation_Specialization_encoded,542.1936139482247,542.1936139482247
Passing_Year_Of_PHD Inhand_Offer PG_Specialization_encoded,-540.2241467856795,540.2241467856795
Number_of_Publications^2 International_degree_any,538.9035553602887,538.9035553602887
Total_Experience_in_field_applied Organization_encoded Graduation_Specialization_encoded,-538.2047895755443,538.2047895755443
Department_encoded PG_Specialization_encoded University_PG_encoded,-536.8423858725351,536.8423858725351
Total_Experience Performance_Score Graduation_Specialization_encoded,-536.2877364865545,536.2877364865545
Inhand_Offer Field_Specialization_Ratio Curent_Location_encoded,536.2729983675462,536.2729983675462
No_Of_Companies_worked Industry_encoded Graduation_Specialization_encoded,535.2635667174834,535.2635667174834
Total_Experience_in_field_applied International_degree_any PG_Specialization_encoded,532.5683394594556,532.5683394594556
Inhand_Offer PG_Specialization_encoded University_PHD_encoded,532.4738359812937,532.4738359812937
Passing_Year_Of_Graduation Number_of_Publications Curent_Location_encoded,532.4160732369517,532.4160732369517
Performance_Score Role_encoded University_PHD_encoded,532.259049456075,532.259049456075
Passing_Year_Of_PG Designation_encoded Preferred_location_encoded,530.2462063685473,530.2462063685473
Has_PHD Graduation_Specialization_encoded University_Grad_encoded,-529.6785870477939,529.6785870477939
No_Of_Companies_worked Certifications Curent_Location_encoded,529.6530861952671,529.6530861952671
Total_Experience_in_field_applied Passing_Year_Of_PG Has_PHD,528.233152497326,528.233152497326
Passing_Year_Of_PHD Designation_encoded PG_Specialization_encoded,528.0104922770299,528.0104922770299
Department_encoded Graduation_Specialization_encoded University_PG_encoded,-526.8147301476283,526.8147301476283
Field_Specialization_Ratio Designation_encoded Curent_Location_encoded,524.8335913959912,524.8335913959912
Number_of_Publications Certifications Preferred_location_encoded,524.1182205002254,524.1182205002254
Passing_Year_Of_PHD Performance_Score Department_encoded,522.8591061377533,522.8591061377533
Passing_Year_Of_PG Number_of_Publications Role_encoded,521.9896308741868,521.9896308741868
Has_PG Department_encoded PG_Specialization_encoded,521.905433273387,521.905433273387
Passing_Year_Of_PHD Has_PHD Preferred_location_encoded,-521.8695448523281,521.8695448523281
International_degree_any^2 Organization_encoded,-521.8412098669319,521.8412098669319
Has_PHD^2 University_PG_encoded,521.3825596629566,521.3825596629566
Current_CTC University_PHD_encoded^2,520.9304409862394,520.9304409862394
Performance_Score University_PHD_encoded Preferred_location_encoded,-520.6529749904817,520.6529749904817
Passing_Year_Of_PHD Field_Specialization_Ratio Designation_encoded,-519.9151363564623,519.9151363564623
Total_Experience_in_field_applied PG_Specialization_encoded^2,519.6271590864385,519.6271590864385
Total_Experience_in_field_applied University_Grad_encoded^2,519.3652453393087,519.3652453393087
International_degree_any University_Grad_encoded Curent_Location_encoded,-517.8954129599922,517.8954129599922
Total_Experience Certifications PG_Specialization_encoded,517.0362543664339,517.0362543664339
Field_Specialization_Ratio Education_Level_encoded,-516.6714843330466,516.6714843330466
Passing_Year_Of_PHD Inhand_Offer Education_Level_encoded,-515.1379991497491,515.1379991497491
Role_encoded University_Grad_encoded Preferred_location_encoded,-515.0781443681666,515.0781443681666
Total_Experience_in_field_applied Inhand_Offer Graduation_Specialization_encoded,515.028293068217,515.028293068217
Certifications Organization_encoded PHD_Specialization_encoded,-514.1857069853464,514.1857069853464
Performance_Score^2 PG_Specialization_encoded,513.9021255926546,513.9021255926546
No_Of_Companies_worked,513.8991205161336,513.8991205161336
Passing_Year_Of_PHD Role_encoded PG_Specialization_encoded,-513.8533590275367,513.8533590275367
Industry_encoded Organization_encoded Curent_Location_encoded,-513.1650261646274,513.1650261646274
Number_of_Publications^2 University_Grad_encoded,513.1498667210268,513.1498667210268
Passing_Year_Of_PG^2 International_degree_any,-513.1292831464592,513.1292831464592
Passing_Year_Of_PHD Field_Specialization_Ratio Department_encoded,512.0532972828914,512.0532972828914
International_degree_any^2 Performance_Score,511.65528551622134,511.65528551622134
Organization_encoded University_Grad_encoded^2,511.4696146457323,511.4696146457323
Passing_Year_Of_PG International_degree_any Has_PG,-511.408313237702,511.408313237702
Performance_Score Organization_encoded University_PG_encoded,509.8928704280507,509.8928704280507
Inhand_Offer Industry_encoded Curent_Location_encoded,509.7980366856292,509.7980366856292
Performance_Score University_Grad_encoded PHD_Specialization_encoded,-509.341355764204,509.341355764204
Total_Experience_in_field_applied Role_encoded University_PHD_encoded,-509.1114458381736,509.1114458381736
Number_of_Publications Certifications Organization_encoded,-508.4199591590905,508.4199591590905
Total_Experience_in_field_applied Certifications Role_encoded,-507.02420794846137,507.02420794846137
University_PG_encoded Curent_Location_encoded Preferred_location_encoded,506.8248679837386,506.8248679837386
PG_Specialization_encoded^2 Preferred_location_encoded,-506.15751098414876,506.15751098414876
Has_PG Performance_Score Education_Level_encoded,-505.265745587057,505.265745587057
International_degree_any Has_PG University_PHD_encoded,-504.4578420712171,504.4578420712171
Performance_Score Curent_Location_encoded^2,-503.84339150425114,503.84339150425114
Number_of_Publications^2 Department_encoded,503.45686914579613,503.45686914579613
Certifications Organization_encoded University_Grad_encoded,-503.42757861808775,503.42757861808775
International_degree_any^2 Role_encoded,-503.40376526498255,503.40376526498255
International_degree_any Performance_Score Industry_encoded,501.8799387515382,501.8799387515382
Current_CTC International_degree_any PG_Specialization_encoded,-500.8501712044615,500.8501712044615
Has_PG Designation_encoded University_PG_encoded,500.2189738744465,500.2189738744465
Inhand_Offer Field_Specialization_Ratio PHD_Specialization_encoded,499.10861881880226,499.10861881880226
Passing_Year_Of_PG Number_of_Publications Graduation_Specialization_encoded,-498.85441704679255,498.85441704679255
Passing_Year_Of_PHD Has_PHD University_PHD_encoded,498.3431864317609,498.3431864317609
Certifications University_PG_encoded PHD_Specialization_encoded,498.3282860495685,498.3282860495685
Has_PG University_PG_encoded Preferred_location_encoded,-498.3156772461177,498.3156772461177
Passing_Year_Of_PG Inhand_Offer Curent_Location_encoded,498.1877957800442,498.1877957800442
Total_Experience_in_field_applied Graduation_Specialization_encoded Curent_Location_encoded,-497.9527495705212,497.9527495705212
Field_Specialization_Ratio Has_PHD Performance_Score,-497.46733830029433,497.46733830029433
Passing_Year_Of_PG Inhand_Offer University_PG_encoded,-497.27466101982577,497.27466101982577
Total_Experience Total_Experience_in_field_applied PHD_Specialization_encoded,496.21235401780814,496.21235401780814
Passing_Year_Of_PG Role_encoded PHD_Specialization_encoded,495.4228629546347,495.4228629546347
Total_Experience_in_field_applied Inhand_Offer Curent_Location_encoded,494.9576791436369,494.9576791436369
Field_Specialization_Ratio Performance_Score Education_Level_encoded,494.93854222808443,494.93854222808443
Passing_Year_Of_Graduation Has_PHD Role_encoded,494.8727998382674,494.8727998382674
Passing_Year_Of_PG Preferred_location_encoded,-493.7177010195674,493.7177010195674
No_Of_Companies_worked International_degree_any Organization_encoded,-493.3821124033877,493.3821124033877
Role_encoded Designation_encoded Graduation_Specialization_encoded,-493.01311919705773,493.01311919705773
Department_encoded University_Grad_encoded PHD_Specialization_encoded,-492.667015701115,492.667015701115
Passing_Year_Of_PHD Has_PG University_Grad_encoded,-492.4147396806894,492.4147396806894
Has_PG Performance_Score Organization_encoded,492.23185040819345,492.23185040819345
Passing_Year_Of_Graduation Role_encoded University_Grad_encoded,-492.0911582015726,492.0911582015726
Passing_Year_Of_PHD Current_CTC No_Of_Companies_worked,491.51010187219856,491.51010187219856
Inhand_Offer Number_of_Publications Role_encoded,491.4965370479496,491.4965370479496
No_Of_Companies_worked Designation_encoded PHD_Specialization_encoded,491.0669015866488,491.0669015866488
Performance_Score University_PHD_encoded^2,-490.82337350324815,490.82337350324815
Inhand_Offer International_degree_any Has_PHD,489.84823848457256,489.84823848457256
Passing_Year_Of_Graduation Inhand_Offer University_PG_encoded,-489.81261441219317,489.81261441219317
No_Of_Companies_worked^2 Preferred_location_encoded,489.6073089010968,489.6073089010968
International_degree_any Has_PG Performance_Score,-488.6612762008554,488.6612762008554
Certifications Has_PHD PG_Specialization_encoded,488.5798777398306,488.5798777398306
Certifications Has_PHD Industry_encoded,487.83542412029027,487.83542412029027
Has_PG PHD_Specialization_encoded Curent_Location_encoded,487.1428358040206,487.1428358040206
Has_PHD Organization_encoded PG_Specialization_encoded,-487.0997979202634,487.0997979202634
Current_CTC Inhand_Offer Certifications,486.6961487719858,486.6961487719858
Field_Specialization_Ratio Has_PG Role_encoded,486.4928323156906,486.4928323156906
No_Of_Companies_worked Graduation_Specialization_encoded PG_Specialization_encoded,486.0736683755177,486.0736683755177
Passing_Year_Of_PG Performance_Score Designation_encoded,-485.7053558607659,485.7053558607659
Passing_Year_Of_PHD Has_PHD University_PG_encoded,485.47857314588424,485.47857314588424
Passing_Year_Of_PG Has_PG Performance_Score,484.9445604349489,484.9445604349489
Passing_Year_Of_PHD Curent_Location_encoded Education_Level_encoded,484.5590415906983,484.5590415906983
Passing_Year_Of_PHD Certifications Field_Specialization_Ratio,-482.6720675367673,482.6720675367673
Has_PG PG_Specialization_encoded Preferred_location_encoded,-481.5083790504184,481.5083790504184
Passing_Year_Of_PG Inhand_Offer University_Grad_encoded,480.8772999453161,480.8772999453161
Current_CTC Inhand_Offer Organization_encoded,479.79271709317163,479.79271709317163
Total_Experience Inhand_Offer Has_PHD,479.34870723165767,479.34870723165767
Passing_Year_Of_PHD Role_encoded Curent_Location_encoded,479.32122182102233,479.32122182102233
Inhand_Offer University_PG_encoded Curent_Location_encoded,478.8240301462036,478.8240301462036
Number_of_Publications Has_PG Department_encoded,-478.0931925168652,478.0931925168652
International_degree_any Performance_Score PG_Specialization_encoded,-477.07971317013636,477.07971317013636
Certifications International_degree_any Graduation_Specialization_encoded,476.8736757478634,476.8736757478634
Total_Experience_in_field_applied Current_CTC Role_encoded,-476.69092681323235,476.69092681323235
Number_of_Publications^2 Graduation_Specialization_encoded,-476.5739074240554,476.5739074240554
Passing_Year_Of_PG Has_PG University_PG_encoded,-475.1452515329175,475.1452515329175
International_degree_any Industry_encoded Organization_encoded,-474.9823311107869,474.9823311107869
Total_Experience_in_field_applied Passing_Year_Of_PG Passing_Year_Of_PHD,474.79112145936057,474.79112145936057
Role_encoded PG_Specialization_encoded University_PG_encoded,473.24414505499595,473.24414505499595
No_Of_Companies_worked Number_of_Publications Certifications,-472.26528651477446,472.26528651477446
Number_of_Publications Role_encoded Industry_encoded,472.02329913768864,472.02329913768864
Has_PG Performance_Score University_Grad_encoded,-471.84680430125866,471.84680430125866
Inhand_Offer No_Of_Companies_worked Has_PHD,471.551949046488,471.551949046488
Has_PHD University_Grad_encoded PHD_Specialization_encoded,471.145034802544,471.145034802544
Has_PHD Designation_encoded Preferred_location_encoded,470.1750118263372,470.1750118263372
Certifications International_degree_any Performance_Score,-469.8750100630533,469.8750100630533
Graduation_Specialization_encoded PHD_Specialization_encoded,-469.6585000317807,469.6585000317807
Number_of_Publications PG_Specialization_encoded PHD_Specialization_encoded,469.1978506621197,469.1978506621197
Field_Specialization_Ratio Performance_Score Organization_encoded,-468.55322502365163,468.55322502365163
Total_Experience_in_field_applied Certifications Department_encoded,467.9036911480936,467.9036911480936
Passing_Year_Of_PG Graduation_Specialization_encoded Education_Level_encoded,-467.8921868624983,467.8921868624983
Designation_encoded PG_Specialization_encoded Preferred_location_encoded,467.5710334216778,467.5710334216778
Current_CTC Field_Specialization_Ratio Graduation_Specialization_encoded,-467.5632476403754,467.5632476403754
PG_Specialization_encoded University_PHD_encoded Preferred_location_encoded,-466.21937062799583,466.21937062799583
Passing_Year_Of_PHD Designation_encoded Preferred_location_encoded,465.6282615626132,465.6282615626132
Passing_Year_Of_PHD Current_CTC PHD_Specialization_encoded,464.0196190468981,464.0196190468981
Performance_Score University_PG_encoded Preferred_location_encoded,463.31753770620224,463.31753770620224
Total_Experience Designation_encoded University_Grad_encoded,-461.4853486752347,461.4853486752347
Passing_Year_Of_PHD Organization_encoded PG_Specialization_encoded,460.45937551903523,460.45937551903523
Number_of_Publications Has_PG Education_Level_encoded,-460.05853726974453,460.05853726974453
Has_PHD PG_Specialization_encoded Preferred_location_encoded,-459.5533965812423,459.5533965812423
Passing_Year_Of_PG University_PG_encoded PHD_Specialization_encoded,-459.4373612010253,459.4373612010253
Number_of_Publications Designation_encoded University_PG_encoded,459.39123811253705,459.39123811253705
Performance_Score^2 Role_encoded,458.80143872377744,458.80143872377744
International_degree_any Graduation_Specialization_encoded,457.63570323506497,457.63570323506497
Passing_Year_Of_PG International_degree_any University_Grad_encoded,-456.79446900987375,456.79446900987375
Current_CTC Performance_Score Department_encoded,-456.2568092530748,456.2568092530748
Total_Experience_in_field_applied^2 Organization_encoded,455.70278977739076,455.70278977739076
Number_of_Publications University_Grad_encoded Curent_Location_encoded,455.15330348554323,455.15330348554323
Inhand_Offer Field_Specialization_Ratio PG_Specialization_encoded,455.14720577594227,455.14720577594227
Current_CTC International_degree_any Has_PHD,454.8144497591165,454.8144497591165
Passing_Year_Of_PHD Inhand_Offer International_degree_any,-453.52798502503873,453.52798502503873
Certifications Field_Specialization_Ratio Graduation_Specialization_encoded,452.2658585735931,452.2658585735931
No_Of_Companies_worked International_degree_any Education_Level_encoded,-451.88128773000176,451.88128773000176
Performance_Score PG_Specialization_encoded^2,-451.77603493455956,451.77603493455956
Passing_Year_Of_PHD Field_Specialization_Ratio University_PHD_encoded,-451.3279508472352,451.3279508472352
Number_of_Publications Designation_encoded Curent_Location_encoded,-451.13077031032253,451.13077031032253
No_Of_Companies_worked Industry_encoded Preferred_location_encoded,-450.8489235298029,450.8489235298029
No_Of_Companies_worked Has_PHD Preferred_location_encoded,449.8546541421456,449.8546541421456
No_Of_Companies_worked Department_encoded Graduation_Specialization_encoded,449.82978635245587,449.82978635245587
Passing_Year_Of_PG Has_PHD Graduation_Specialization_encoded,-449.60706095360814,449.60706095360814
Number_of_Publications Designation_encoded Preferred_location_encoded,449.4033766526468,449.4033766526468
Passing_Year_Of_PHD Has_PHD PG_Specialization_encoded,449.2852810178384,449.2852810178384
Graduation_Specialization_encoded University_PHD_encoded,447.96834188627446,447.96834188627446
International_degree_any Has_PG PHD_Specialization_encoded,447.73550471370345,447.73550471370345
Passing_Year_Of_Graduation Field_Specialization_Ratio Role_encoded,447.4164642804554,447.4164642804554
No_Of_Companies_worked Certifications Performance_Score,446.79480837075033,446.79480837075033
Has_PHD University_Grad_encoded PG_Specialization_encoded,446.4600859031596,446.4600859031596
Department_encoded Industry_encoded University_PHD_encoded,444.6550866571876,444.6550866571876
Total_Experience_in_field_applied Certifications Organization_encoded,443.42980027246364,443.42980027246364
Current_CTC International_degree_any Industry_encoded,443.28258989520333,443.28258989520333
Has_PG Curent_Location_encoded^2,442.27471196416406,442.27471196416406
Passing_Year_Of_PG University_PG_encoded Preferred_location_encoded,441.66517137670735,441.66517137670735
Has_PG Has_PHD Organization_encoded,-441.59639013622285,441.59639013622285
Passing_Year_Of_PHD Field_Specialization_Ratio Education_Level_encoded,441.3917445245104,441.3917445245104
International_degree_any Role_encoded University_PG_encoded,441.06662892242633,441.06662892242633
Number_of_Publications University_Grad_encoded University_PHD_encoded,-440.42194832054906,440.42194832054906
Inhand_Offer Certifications Has_PG,-440.14485193897394,440.14485193897394
Certifications Organization_encoded^2,439.76854485530345,439.76854485530345
No_Of_Companies_worked PG_Specialization_encoded Education_Level_encoded,438.93866453505194,438.93866453505194
Passing_Year_Of_Graduation University_Grad_encoded,438.56917586658574,438.56917586658574
Department_encoded Curent_Location_encoded,-437.83669704134877,437.83669704134877
Certifications Organization_encoded PG_Specialization_encoded,437.15789584484105,437.15789584484105
Inhand_Offer Field_Specialization_Ratio^2,-435.9138298497812,435.9138298497812
Curent_Location_encoded,-434.88809537890614,434.88809537890614
Number_of_Publications International_degree_any Role_encoded,433.6779167368861,433.6779167368861
Inhand_Offer International_degree_any Preferred_location_encoded,-433.6128260486582,433.6128260486582
Field_Specialization_Ratio Organization_encoded Curent_Location_encoded,433.19856079434595,433.19856079434595
Total_Experience_in_field_applied University_PG_encoded^2,-432.8022791643093,432.8022791643093
University_PG_encoded Curent_Location_encoded,-431.285987029224,431.285987029224
Inhand_Offer University_Grad_encoded Education_Level_encoded,-430.886129896863,430.886129896863
International_degree_any PG_Specialization_encoded,429.8857603446217,429.8857603446217
Total_Experience Role_encoded Industry_encoded,-429.0373490548964,429.0373490548964
Passing_Year_Of_Graduation Certifications PHD_Specialization_encoded,428.4503500268464,428.4503500268464
Number_of_Publications International_degree_any Designation_encoded,427.919031454639,427.919031454639
International_degree_any Role_encoded Preferred_location_encoded,-427.0990549084193,427.0990549084193
PHD_Specialization_encoded Curent_Location_encoded,-427.0117051872842,427.0117051872842
Certifications Role_encoded University_PG_encoded,427.00775975980656,427.00775975980656
Passing_Year_Of_PHD PG_Specialization_encoded Preferred_location_encoded,-426.5724208986866,426.5724208986866
Inhand_Offer International_degree_any Curent_Location_encoded,-426.4268810243692,426.4268810243692
Passing_Year_Of_PHD^2 Curent_Location_encoded,-426.3773621439201,426.3773621439201
Total_Experience_in_field_applied Organization_encoded PHD_Specialization_encoded,-424.92646786260593,424.92646786260593
Passing_Year_Of_PG Performance_Score PG_Specialization_encoded,-424.91362756196315,424.91362756196315
Total_Experience_in_field_applied Passing_Year_Of_PG Graduation_Specialization_encoded,-424.7899127381556,424.7899127381556
Performance_Score Curent_Location_encoded Education_Level_encoded,-424.7334656638694,424.7334656638694
Number_of_Publications University_PHD_encoded Curent_Location_encoded,424.16146360826093,424.16146360826093
International_degree_any PHD_Specialization_encoded University_PHD_encoded,-423.219885509044,423.219885509044
Passing_Year_Of_PHD Certifications Has_PG,-422.74111533362844,422.74111533362844
Field_Specialization_Ratio Graduation_Specialization_encoded^2,-422.6511270850765,422.6511270850765
University_PHD_encoded^2 Education_Level_encoded,-422.41772603554546,422.41772603554546
No_Of_Companies_worked Performance_Score University_PG_encoded,-422.13427692390275,422.13427692390275
Total_Experience Number_of_Publications Certifications,421.04484897429427,421.04484897429427
Number_of_Publications International_degree_any Has_PG,419.7477195306343,419.7477195306343
Designation_encoded Graduation_Specialization_encoded University_Grad_encoded,419.69647337139287,419.69647337139287
Passing_Year_Of_PHD Has_PHD Department_encoded,419.59608371415135,419.59608371415135
Passing_Year_Of_Graduation PG_Specialization_encoded Preferred_location_encoded,419.5686401580932,419.5686401580932
Total_Experience Has_PG University_PG_encoded,-418.7020475371916,418.7020475371916
Total_Experience Certifications Designation_encoded,-417.678257182035,417.678257182035
International_degree_any Has_PG Designation_encoded,416.87986909624806,416.87986909624806
Current_CTC PHD_Specialization_encoded Curent_Location_encoded,416.8635043628443,416.8635043628443
Certifications^2 Has_PHD,-416.371820536228,416.371820536228
Passing_Year_Of_PG International_degree_any PHD_Specialization_encoded,-416.19916385203123,416.19916385203123
Passing_Year_Of_Graduation Industry_encoded PHD_Specialization_encoded,416.17295153820305,416.17295153820305
Has_PHD University_PG_encoded Curent_Location_encoded,414.6987464315843,414.6987464315843
Certifications Role_encoded Curent_Location_encoded,413.99379668395557,413.99379668395557
Inhand_Offer Certifications International_degree_any,413.32883072975704,413.32883072975704
Current_CTC^2 Designation_encoded,413.14017854582073,413.14017854582073
Total_Experience University_PG_encoded^2,-411.0170232145021,411.0170232145021
Passing_Year_Of_Graduation Industry_encoded^2,410.9599085442949,410.9599085442949
Passing_Year_Of_PG Industry_encoded Preferred_location_encoded,-409.86186256565907,409.86186256565907
No_Of_Companies_worked Performance_Score PG_Specialization_encoded,407.68953767899785,407.68953767899785
Current_CTC Certifications Graduation_Specialization_encoded,407.2762714224863,407.2762714224863
Certifications Department_encoded PG_Specialization_encoded,-405.4215858049044,405.4215858049044
Total_Experience Current_CTC Graduation_Specialization_encoded,405.38792037306456,405.38792037306456
Passing_Year_Of_PHD Has_PG Role_encoded,-405.3796902035473,405.3796902035473
Current_CTC Role_encoded PG_Specialization_encoded,-405.0485290060808,405.0485290060808
Passing_Year_Of_PG Performance_Score Department_encoded,-404.7807168577474,404.7807168577474
Number_of_Publications Certifications University_PG_encoded,-403.1846329770538,403.1846329770538
Industry_encoded PHD_Specialization_encoded University_PHD_encoded,403.1294582736641,403.1294582736641
Passing_Year_Of_PG Industry_encoded^2,402.9229103719164,402.9229103719164
Performance_Score University_Grad_encoded University_PHD_encoded,402.69748363421274,402.69748363421274
Number_of_Publications PG_Specialization_encoded^2,401.30658744001823,401.30658744001823
Inhand_Offer^2 Organization_encoded,401.03248643653734,401.03248643653734
Inhand_Offer Has_PG Role_encoded,-399.44801113350877,399.44801113350877
Total_Experience PG_Specialization_encoded PHD_Specialization_encoded,398.95550317289855,398.95550317289855
No_Of_Companies_worked Role_encoded Graduation_Specialization_encoded,-398.8416743992258,398.8416743992258
Passing_Year_Of_Graduation Role_encoded PG_Specialization_encoded,-398.81242548556287,398.81242548556287
PG_Specialization_encoded Curent_Location_encoded^2,398.141017414593,398.141017414593
Total_Experience_in_field_applied International_degree_any PHD_Specialization_encoded,-397.9188596068899,397.9188596068899
No_Of_Companies_worked Designation_encoded University_Grad_encoded,397.8669464730855,397.8669464730855
Has_PHD Industry_encoded Organization_encoded,396.81279971031955,396.81279971031955
Number_of_Publications Performance_Score PHD_Specialization_encoded,396.73052105810245,396.73052105810245
Has_PHD University_PG_encoded University_PHD_encoded,-396.19169512004726,396.19169512004726
Passing_Year_Of_PHD^2 Designation_encoded,-395.55751800898213,395.55751800898213
Has_PG Has_PHD Graduation_Specialization_encoded,395.16255875568453,395.16255875568453
International_degree_any Designation_encoded Graduation_Specialization_encoded,-394.02914525085055,394.02914525085055
Field_Specialization_Ratio^2 Curent_Location_encoded,-393.9782490201034,393.9782490201034
Certifications International_degree_any Role_encoded,393.7332620188943,393.7332620188943
International_degree_any Graduation_Specialization_encoded PG_Specialization_encoded,-393.6019519127672,393.6019519127672
Passing_Year_Of_PHD Certifications Curent_Location_encoded,-393.1134118962667,393.1134118962667
Field_Specialization_Ratio University_PHD_encoded Curent_Location_encoded,392.8045825866022,392.8045825866022
PG_Specialization_encoded University_PG_encoded^2,-392.3248471198443,392.3248471198443
No_Of_Companies_worked University_PG_encoded Preferred_location_encoded,-392.2092942228832,392.2092942228832
International_degree_any Department_encoded Organization_encoded,392.120936946249,392.120936946249
Total_Experience Inhand_Offer Field_Specialization_Ratio,-392.10983757727826,392.10983757727826
Total_Experience_in_field_applied Designation_encoded^2,392.0904884828406,392.0904884828406
No_Of_Companies_worked Designation_encoded Curent_Location_encoded,391.99376378167227,391.99376378167227
Industry_encoded University_Grad_encoded^2,-391.59360683958505,391.59360683958505
Passing_Year_Of_PG Field_Specialization_Ratio Education_Level_encoded,-391.2949677406341,391.2949677406341
Certifications Curent_Location_encoded Preferred_location_encoded,390.67039180419374,390.67039180419374
Total_Experience_in_field_applied Role_encoded Education_Level_encoded,390.6508991743237,390.6508991743237
Certifications Performance_Score University_PG_encoded,-390.6254783988445,390.6254783988445
Designation_encoded University_Grad_encoded University_PG_encoded,388.95488736099514,388.95488736099514
Field_Specialization_Ratio Has_PHD Department_encoded,-388.2981506602291,388.2981506602291
Role_encoded Designation_encoded Preferred_location_encoded,387.5860395173343,387.5860395173343
Certifications PG_Specialization_encoded Education_Level_encoded,-386.9848200675034,386.9848200675034
Curent_Location_encoded^2 Education_Level_encoded,386.973998134184,386.973998134184
Inhand_Offer Number_of_Publications Has_PG,386.94760665282695,386.94760665282695
Current_CTC Has_PG Organization_encoded,386.2184433595246,386.2184433595246
Passing_Year_Of_PHD Has_PG University_PHD_encoded,385.67876968076456,385.67876968076456
No_Of_Companies_worked Designation_encoded Graduation_Specialization_encoded,385.32951624771056,385.32951624771056
Total_Experience Has_PG Designation_encoded,-385.2264940768274,385.2264940768274
Number_of_Publications Has_PHD University_PHD_encoded,384.784555286747,384.784555286747
Inhand_Offer^2 Has_PHD,-384.58556733815504,384.58556733815504
Total_Experience_in_field_applied Performance_Score Curent_Location_encoded,384.2185539694922,384.2185539694922
Passing_Year_Of_Graduation Has_PG Industry_encoded,-384.01127879914173,384.01127879914173
Certifications Industry_encoded University_PHD_encoded,-383.47597990321464,383.47597990321464
Passing_Year_Of_PHD Curent_Location_encoded,383.1754996385079,383.1754996385079
International_degree_any Role_encoded University_Grad_encoded,-382.7938885933352,382.7938885933352
Total_Experience_in_field_applied Current_CTC Department_encoded,381.6847885174257,381.6847885174257
Inhand_Offer^2 Department_encoded,380.7275031190567,380.7275031190567
Passing_Year_Of_PHD Certifications Preferred_location_encoded,380.6699383161454,380.6699383161454
No_Of_Companies_worked Performance_Score Curent_Location_encoded,380.23577864450937,380.23577864450937
International_degree_any Has_PHD Organization_encoded,-380.21312934719606,380.21312934719606
No_Of_Companies_worked Organization_encoded Curent_Location_encoded,-380.1467402399198,380.1467402399198
Inhand_Offer Has_PG Preferred_location_encoded,380.0702614630672,380.0702614630672
Passing_Year_Of_Graduation Has_PHD Organization_encoded,-378.6050322969048,378.6050322969048
Has_PHD Curent_Location_encoded^2,-378.45991483995573,378.45991483995573
Has_PHD Designation_encoded Graduation_Specialization_encoded,-377.2776086161134,377.2776086161134
Certifications^2 Department_encoded,-376.24570683196924,376.24570683196924
Has_PHD Designation_encoded^2,375.50461293147265,375.50461293147265
Role_encoded PHD_Specialization_encoded Curent_Location_encoded,375.2832700924578,375.2832700924578
Field_Specialization_Ratio Has_PHD University_PG_encoded,-375.1574823035041,375.1574823035041
Total_Experience_in_field_applied No_Of_Companies_worked University_PHD_encoded,-374.50201483014405,374.50201483014405
Certifications Role_encoded Education_Level_encoded,-373.52584687731803,373.52584687731803
International_degree_any Performance_Score Organization_encoded,373.4490603283809,373.4490603283809
Total_Experience_in_field_applied^2 Department_encoded,-372.80524504766703,372.80524504766703
Certifications Has_PHD Curent_Location_encoded,372.5148877648217,372.5148877648217
Performance_Score Industry_encoded^2,-369.1477883352294,369.1477883352294
Has_PG PHD_Specialization_encoded,368.9077016764818,368.9077016764818
Passing_Year_Of_PHD^2 International_degree_any,-368.0638352679431,368.0638352679431
No_Of_Companies_worked International_degree_any Has_PHD,367.7684522953634,367.7684522953634
Inhand_Offer Organization_encoded Preferred_location_encoded,367.6218126353968,367.6218126353968
Has_PHD University_PG_encoded PHD_Specialization_encoded,366.09683618661853,366.09683618661853
Total_Experience_in_field_applied Number_of_Publications Preferred_location_encoded,365.8825389355458,365.8825389355458
Has_PHD Performance_Score PHD_Specialization_encoded,-365.71722963915715,365.71722963915715
Total_Experience_in_field_applied Passing_Year_Of_PG University_PG_encoded,365.4051811715921,365.4051811715921
Has_PHD Role_encoded PG_Specialization_encoded,365.4042189494206,365.4042189494206
Passing_Year_Of_PHD Organization_encoded Graduation_Specialization_encoded,365.0362134453293,365.0362134453293
Has_PHD University_PG_encoded Preferred_location_encoded,-364.3491882740865,364.3491882740865
Passing_Year_Of_PHD University_PG_encoded^2,-364.2276245946975,364.2276245946975
International_degree_any Has_PG^2,-364.22105227726166,364.22105227726166
No_Of_Companies_worked Field_Specialization_Ratio Curent_Location_encoded,363.88707265053836,363.88707265053836
Has_PHD PG_Specialization_encoded University_PG_encoded,363.7879349252692,363.7879349252692
Has_PG Organization_encoded University_PHD_encoded,363.5102361557836,363.5102361557836
Total_Experience Certifications Organization_encoded,-363.38481248844334,363.38481248844334
Certifications Department_encoded University_Grad_encoded,-360.9710357915671,360.9710357915671
Passing_Year_Of_PHD Number_of_Publications Field_Specialization_Ratio,-359.8604909676717,359.8604909676717
Has_PHD Graduation_Specialization_encoded Preferred_location_encoded,359.55905028683316,359.55905028683316
PHD_Specialization_encoded^3,359.52433722007663,359.52433722007663
Inhand_Offer Performance_Score Industry_encoded,359.31563779699997,359.31563779699997
Inhand_Offer International_degree_any Designation_encoded,358.42408870548576,358.42408870548576
Passing_Year_Of_Graduation Number_of_Publications University_PG_encoded,358.0453249234006,358.0453249234006
Total_Experience_in_field_applied Certifications Industry_encoded,-357.8322742075726,357.8322742075726
International_degree_any Has_PG,356.564817184483,356.564817184483
Passing_Year_Of_Graduation Has_PG University_PG_encoded,-356.5168498459134,356.5168498459134
Total_Experience_in_field_applied^2 International_degree_any,356.1227166330581,356.1227166330581
Organization_encoded PHD_Specialization_encoded Curent_Location_encoded,-355.36229189934033,355.36229189934033
Performance_Score PHD_Specialization_encoded University_PHD_encoded,-355.125022461977,355.125022461977
Total_Experience_in_field_applied Number_of_Publications PG_Specialization_encoded,354.4221642969426,354.4221642969426
Total_Experience_in_field_applied No_Of_Companies_worked Performance_Score,-354.41946338799625,354.41946338799625
No_Of_Companies_worked University_Grad_encoded PG_Specialization_encoded,354.0044796547612,354.0044796547612
Total_Experience Total_Experience_in_field_applied University_PHD_encoded,353.629347873332,353.629347873332
Certifications Has_PG Designation_encoded,-353.171402756485,353.171402756485
Number_of_Publications University_PG_encoded Curent_Location_encoded,-353.13716462668134,353.13716462668134
Passing_Year_Of_PHD International_degree_any Role_encoded,-353.1294558661365,353.1294558661365
Certifications Designation_encoded Education_Level_encoded,-352.0974575389065,352.0974575389065
Passing_Year_Of_PG Inhand_Offer PHD_Specialization_encoded,349.89823052805474,349.89823052805474
Passing_Year_Of_PHD Field_Specialization_Ratio University_Grad_encoded,-349.4237338632269,349.4237338632269
Passing_Year_Of_PG International_degree_any University_PHD_encoded,-349.12451510850076,349.12451510850076
Passing_Year_Of_PG Has_PG University_Grad_encoded,-348.9584653988092,348.9584653988092
Has_PHD^2 Designation_encoded,-348.7399630901115,348.7399630901115
Has_PHD Designation_encoded PG_Specialization_encoded,348.6906970265701,348.6906970265701
Performance_Score Industry_encoded PG_Specialization_encoded,-348.3110820925955,348.3110820925955
Passing_Year_Of_PHD Designation_encoded University_PG_encoded,346.82310095527407,346.82310095527407
Has_PG PG_Specialization_encoded PHD_Specialization_encoded,-346.79011765179695,346.79011765179695
Department_encoded Graduation_Specialization_encoded^2,346.76781292184285,346.76781292184285
Certifications Role_encoded Designation_encoded,-345.57809718059247,345.57809718059247
PG_Specialization_encoded^2 University_PHD_encoded,-344.6688339703488,344.6688339703488
Performance_Score Role_encoded Education_Level_encoded,344.16015677049353,344.16015677049353
Graduation_Specialization_encoded University_Grad_encoded,343.991631345628,343.991631345628
Total_Experience Inhand_Offer University_PHD_encoded,343.2452007809192,343.2452007809192
Passing_Year_Of_PHD PG_Specialization_encoded University_PHD_encoded,-342.39070066048686,342.39070066048686
Passing_Year_Of_PG Number_of_Publications Designation_encoded,341.22415361804053,341.22415361804053
Passing_Year_Of_PG Field_Specialization_Ratio Has_PHD,-340.872976754583,340.872976754583
Inhand_Offer Preferred_location_encoded,-340.6654770900927,340.6654770900927
Passing_Year_Of_Graduation Number_of_Publications,340.07515461912277,340.07515461912277
Total_Experience_in_field_applied Passing_Year_Of_PHD Has_PG,339.9277333715943,339.9277333715943
Passing_Year_Of_Graduation Field_Specialization_Ratio Organization_encoded,338.8263217969965,338.8263217969965
Field_Specialization_Ratio Has_PHD Industry_encoded,338.18507710515524,338.18507710515524
Passing_Year_Of_Graduation International_degree_any^2,337.7183441070316,337.7183441070316
Passing_Year_Of_PHD Graduation_Specialization_encoded Curent_Location_encoded,-336.77001066194964,336.77001066194964
Has_PG Department_encoded^2,-336.6907144040127,336.6907144040127
Passing_Year_Of_PG Passing_Year_Of_PHD Curent_Location_encoded,336.04309643630154,336.04309643630154
Total_Experience_in_field_applied Role_encoded^2,-334.75483928634293,334.75483928634293
Total_Experience_in_field_applied Organization_encoded Curent_Location_encoded,334.6986443935457,334.6986443935457
Field_Specialization_Ratio^2 Designation_encoded,334.3662301902792,334.3662301902792
Has_PG Performance_Score PG_Specialization_encoded,334.2937778249482,334.2937778249482
Performance_Score University_Grad_encoded^2,334.1283197098307,334.1283197098307
Designation_encoded PG_Specialization_encoded University_PHD_encoded,-333.850518942235,333.850518942235
Inhand_Offer Has_PHD^2,333.7254572789261,333.7254572789261
Passing_Year_Of_PG Performance_Score Curent_Location_encoded,-333.107619447595,333.107619447595
Certifications University_PHD_encoded,-333.07899749584465,333.07899749584465
Passing_Year_Of_PG Industry_encoded Graduation_Specialization_encoded,332.6403456130429,332.6403456130429
Passing_Year_Of_PHD Inhand_Offer No_Of_Companies_worked,-332.5899037877913,332.5899037877913
Organization_encoded Designation_encoded Preferred_location_encoded,331.55265474986805,331.55265474986805
International_degree_any Preferred_location_encoded,-331.5110396700634,331.5110396700634
Inhand_Offer Has_PHD Preferred_location_encoded,330.92653748690066,330.92653748690066
Passing_Year_Of_PG Designation_encoded PG_Specialization_encoded,330.32655258147554,330.32655258147554
Inhand_Offer PG_Specialization_encoded Curent_Location_encoded,330.0346644365258,330.0346644365258
Passing_Year_Of_Graduation Preferred_location_encoded^2,329.0862901587406,329.0862901587406
International_degree_any Has_PHD^2,-328.78292719172475,328.78292719172475
Certifications Has_PHD University_PHD_encoded,-327.5712305173035,327.5712305173035
Organization_encoded^2,325.8690977411425,325.8690977411425
Inhand_Offer Role_encoded Industry_encoded,324.3172760325659,324.3172760325659
International_degree_any Industry_encoded Designation_encoded,324.24815600127056,324.24815600127056
Certifications International_degree_any PG_Specialization_encoded,-323.84976748073484,323.84976748073484
Number_of_Publications Graduation_Specialization_encoded University_PHD_encoded,323.1332596321925,323.1332596321925
Inhand_Offer Graduation_Specialization_encoded Preferred_location_encoded,-321.7231311904782,321.7231311904782
Inhand_Offer^2 Education_Level_encoded,320.8606471153157,320.8606471153157
Passing_Year_Of_PG Designation_encoded Graduation_Specialization_encoded,-320.14825668973725,320.14825668973725
Has_PHD PHD_Specialization_encoded^2,-319.3969096407915,319.3969096407915
Industry_encoded Graduation_Specialization_encoded Curent_Location_encoded,-317.74985261884405,317.74985261884405
Inhand_Offer Performance_Score Organization_encoded,-317.20744710579714,317.20744710579714
Organization_encoded Designation_encoded University_Grad_encoded,-316.09734698581366,316.09734698581366
Certifications University_PG_encoded Curent_Location_encoded,316.09350025713235,316.09350025713235
Performance_Score University_Grad_encoded Curent_Location_encoded,315.9991198118398,315.9991198118398
Has_PHD Designation_encoded University_PHD_encoded,-312.96345679789164,312.96345679789164
Total_Experience_in_field_applied Passing_Year_Of_PG PG_Specialization_encoded,312.8902296446358,312.8902296446358
Designation_encoded^2 PG_Specialization_encoded,312.6183177721558,312.6183177721558
Total_Experience_in_field_applied International_degree_any Has_PG,312.48588094844695,312.48588094844695
Passing_Year_Of_Graduation Number_of_Publications Graduation_Specialization_encoded,312.4840590741195,312.4840590741195
Passing_Year_Of_PG^2 Field_Specialization_Ratio,311.9858999657603,311.9858999657603
Total_Experience Inhand_Offer Organization_encoded,-310.3384134468902,310.3384134468902
International_degree_any Education_Level_encoded,309.6631712949983,309.6631712949983
Total_Experience_in_field_applied Current_CTC Organization_encoded,309.61646177893505,309.61646177893505
Performance_Score Designation_encoded Education_Level_encoded,-309.326510059953,309.326510059953
Certifications University_Grad_encoded PG_Specialization_encoded,-309.29941023861846,309.29941023861846
No_Of_Companies_worked Number_of_Publications Has_PHD,308.86686955811916,308.86686955811916
Has_PG University_Grad_encoded Curent_Location_encoded,308.2536571618107,308.2536571618107
International_degree_any Has_PG Curent_Location_encoded,308.0861555799335,308.0861555799335
Organization_encoded Designation_encoded Graduation_Specialization_encoded,-307.36834492550815,307.36834492550815
Total_Experience_in_field_applied Passing_Year_Of_PHD Designation_encoded,306.4887057158805,306.4887057158805
Performance_Score Department_encoded Curent_Location_encoded,306.1013967117537,306.1013967117537
Certifications^2 PHD_Specialization_encoded,305.96948024021367,305.96948024021367
Organization_encoded PG_Specialization_encoded^2,305.95874041372656,305.95874041372656
Industry_encoded University_PHD_encoded Preferred_location_encoded,305.71464159263684,305.71464159263684
Has_PHD University_Grad_encoded University_PHD_encoded,-305.04221859844273,305.04221859844273
Total_Experience Role_encoded Preferred_location_encoded,-304.91288283257256,304.91288283257256
Total_Experience Number_of_Publications University_PHD_encoded,304.27971305038153,304.27971305038153
Number_of_Publications Has_PG Designation_encoded,-304.15237700203244,304.15237700203244
Number_of_Publications Certifications Has_PHD,303.96703586805324,303.96703586805324
University_PG_encoded Preferred_location_encoded^2,-303.9107925617933,303.9107925617933
Field_Specialization_Ratio Has_PHD Designation_encoded,302.9263543261851,302.9263543261851
Graduation_Specialization_encoded University_PG_encoded^2,302.7064693545981,302.7064693545981
Total_Experience_in_field_applied Passing_Year_Of_PHD International_degree_any,302.2206333494853,302.2206333494853
Total_Experience PG_Specialization_encoded Preferred_location_encoded,301.26700518084994,301.26700518084994
Has_PG Department_encoded Industry_encoded,301.03980114925935,301.03980114925935
Passing_Year_Of_PG Curent_Location_encoded^2,-300.28333895668897,300.28333895668897
No_Of_Companies_worked Number_of_Publications Has_PG,300.2472711072681,300.2472711072681
Total_Experience_in_field_applied Graduation_Specialization_encoded Preferred_location_encoded,299.71934013379246,299.71934013379246
Passing_Year_Of_PG PG_Specialization_encoded University_PG_encoded,-299.604261610715,299.604261610715
Number_of_Publications^2 PHD_Specialization_encoded,299.55043665303975,299.55043665303975
Inhand_Offer Certifications University_Grad_encoded,299.12187385187866,299.12187385187866
International_degree_any Has_PG University_Grad_encoded,298.9885378089068,298.9885378089068
Passing_Year_Of_Graduation Passing_Year_Of_PHD Preferred_location_encoded,-298.42863510072084,298.42863510072084
Performance_Score Industry_encoded Curent_Location_encoded,297.83197596832315,297.83197596832315
No_Of_Companies_worked International_degree_any^2,-297.64593375871056,297.64593375871056
Passing_Year_Of_Graduation Curent_Location_encoded Preferred_location_encoded,296.4502448122472,296.4502448122472
Has_PG Role_encoded Education_Level_encoded,295.6442826207799,295.6442826207799
Industry_encoded^2 Preferred_location_encoded,-295.34385280409685,295.34385280409685
International_degree_any Organization_encoded Designation_encoded,-295.30154118401697,295.30154118401697
Passing_Year_Of_PG International_degree_any Designation_encoded,294.6372297477434,294.6372297477434
Field_Specialization_Ratio Curent_Location_encoded,293.8043306964344,293.8043306964344
Inhand_Offer Performance_Score Role_encoded,293.69927370069945,293.69927370069945
Has_PHD Performance_Score PG_Specialization_encoded,-293.35202285014304,293.35202285014304
Passing_Year_Of_PHD Has_PHD Curent_Location_encoded,-292.0956175409311,292.0956175409311
Total_Experience_in_field_applied University_Grad_encoded University_PG_encoded,291.34830953536033,291.34830953536033
Number_of_Publications Role_encoded Curent_Location_encoded,291.14607574145657,291.14607574145657
Number_of_Publications International_degree_any PHD_Specialization_encoded,-290.4842313243515,290.4842313243515
No_Of_Companies_worked^2 Performance_Score,290.4792935229141,290.4792935229141
Performance_Score Industry_encoded Designation_encoded,289.54142267731476,289.54142267731476
Has_PG Graduation_Specialization_encoded Curent_Location_encoded,288.7268068455141,288.7268068455141
Passing_Year_Of_Graduation International_degree_any Education_Level_encoded,-288.5791167270286,288.5791167270286
Passing_Year_Of_PG Certifications Has_PHD,287.92361454719907,287.92361454719907
Has_PG PG_Specialization_encoded Curent_Location_encoded,287.0605647196112,287.0605647196112
Number_of_Publications University_Grad_encoded Preferred_location_encoded,-286.656891245858,286.656891245858
Graduation_Specialization_encoded PG_Specialization_encoded,286.62536100784286,286.62536100784286
Passing_Year_Of_PG Field_Specialization_Ratio Role_encoded,-286.37442637219345,286.37442637219345
Inhand_Offer Organization_encoded University_Grad_encoded,285.29251930794425,285.29251930794425
Performance_Score Role_encoded^2,285.0479791655683,285.0479791655683
International_degree_any Has_PHD PHD_Specialization_encoded,283.9962603977134,283.9962603977134
Total_Experience Certifications Role_encoded,282.47868260129496,282.47868260129496
Has_PG Graduation_Specialization_encoded^2,-282.11439681374833,282.11439681374833
Inhand_Offer Field_Specialization_Ratio Preferred_location_encoded,281.06620550814347,281.06620550814347
Certifications International_degree_any Preferred_location_encoded,280.63712273739657,280.63712273739657
Performance_Score Department_encoded PHD_Specialization_encoded,-280.43216283107785,280.43216283107785
Passing_Year_Of_Graduation Inhand_Offer Preferred_location_encoded,280.387239224588,280.387239224588
No_Of_Companies_worked Performance_Score Role_encoded,-279.76640993163096,279.76640993163096
No_Of_Companies_worked Field_Specialization_Ratio PG_Specialization_encoded,-278.96243302536504,278.96243302536504
Certifications Field_Specialization_Ratio Performance_Score,-278.8238175272733,278.8238175272733
Has_PHD Designation_encoded University_PG_encoded,-278.61551271349947,278.61551271349947
Performance_Score Department_encoded Preferred_location_encoded,278.15914791242113,278.15914791242113
International_degree_any Performance_Score Curent_Location_encoded,277.49693376926393,277.49693376926393
International_degree_any Industry_encoded,-277.47475544781054,277.47475544781054
No_Of_Companies_worked Performance_Score Designation_encoded,-276.7484221644957,276.7484221644957
Total_Experience Performance_Score Industry_encoded,-275.7601274959082,275.7601274959082
Number_of_Publications Certifications University_Grad_encoded,-274.97634247635597,274.97634247635597
Total_Experience_in_field_applied Performance_Score PHD_Specialization_encoded,-273.47860613923797,273.47860613923797
Has_PHD University_PG_encoded Education_Level_encoded,-272.91661566947647,272.91661566947647
Total_Experience Inhand_Offer Role_encoded,272.8836289306601,272.8836289306601
Preferred_location_encoded,-272.0370723319239,272.0370723319239
Has_PG Has_PHD Designation_encoded,271.9035160606957,271.9035160606957
Current_CTC Performance_Score Curent_Location_encoded,271.76688126294397,271.76688126294397
Designation_encoded^2 Curent_Location_encoded,-269.9917401391398,269.9917401391398
No_Of_Companies_worked Certifications Organization_encoded,-269.80975446786414,269.80975446786414
International_degree_any Role_encoded Curent_Location_encoded,-267.5040590727999,267.5040590727999
No_Of_Companies_worked Performance_Score Preferred_location_encoded,-266.2904975296226,266.2904975296226
Performance_Score Role_encoded University_PG_encoded,265.8963617046723,265.8963617046723
Total_Experience_in_field_applied International_degree_any Education_Level_encoded,264.3141393811726,264.3141393811726
Passing_Year_Of_Graduation Designation_encoded,264.18443493865516,264.18443493865516
Performance_Score^2 Preferred_location_encoded,264.02384034572685,264.02384034572685
Passing_Year_Of_PHD International_degree_any Has_PG,-263.69375202639543,263.69375202639543
Has_PG^2 PG_Specialization_encoded,-263.6508821420332,263.6508821420332
University_Grad_encoded Curent_Location_encoded Education_Level_encoded,262.363220609419,262.363220609419
Number_of_Publications Certifications Education_Level_encoded,-262.2510027090931,262.2510027090931
Passing_Year_Of_PHD Has_PG Department_encoded,-261.9785737292601,261.9785737292601
Field_Specialization_Ratio Industry_encoded Curent_Location_encoded,261.4123641844353,261.4123641844353
Total_Experience_in_field_applied Passing_Year_Of_PG Organization_encoded,260.84673195268454,260.84673195268454
University_PHD_encoded Curent_Location_encoded,259.94411602711284,259.94411602711284
Total_Experience_in_field_applied Number_of_Publications Graduation_Specialization_encoded,-259.25231882027134,259.25231882027134
No_Of_Companies_worked Industry_encoded University_PG_encoded,-259.1467834671882,259.1467834671882
Passing_Year_Of_Graduation Has_PG Curent_Location_encoded,-259.0250642547828,259.0250642547828
Certifications University_Grad_encoded Curent_Location_encoded,-258.88168902571704,258.88168902571704
Passing_Year_Of_PG Number_of_Publications University_Grad_encoded,258.6876417811239,258.6876417811239
International_degree_any Has_PHD University_Grad_encoded,258.6583872873675,258.6583872873675
University_PHD_encoded Preferred_location_encoded,-257.48269263221454,257.48269263221454
Designation_encoded PG_Specialization_encoded^2,-257.2595378024635,257.2595378024635
No_Of_Companies_worked Certifications Department_encoded,257.2562355553655,257.2562355553655
Passing_Year_Of_PG Role_encoded Preferred_location_encoded,-257.01504745212503,257.01504745212503
Passing_Year_Of_Graduation International_degree_any University_Grad_encoded,-256.7993383688222,256.7993383688222
International_degree_any Has_PHD Curent_Location_encoded,256.5376488382386,256.5376488382386
PG_Specialization_encoded^3,255.36781893293463,255.36781893293463
Passing_Year_Of_PHD Role_encoded Preferred_location_encoded,-254.99758786867983,254.99758786867983
Certifications^2 Role_encoded,-254.9637228661462,254.9637228661462
Passing_Year_Of_PHD Department_encoded Education_Level_encoded,-254.61455537265982,254.61455537265982
Passing_Year_Of_Graduation Designation_encoded University_PG_encoded,254.6133790426982,254.6133790426982
Graduation_Specialization_encoded^2 PHD_Specialization_encoded,-254.6062905326722,254.6062905326722
Inhand_Offer International_degree_any PG_Specialization_encoded,-253.6664107595584,253.6664107595584
Passing_Year_Of_PG Graduation_Specialization_encoded University_PHD_encoded,253.34475849633174,253.34475849633174
Certifications^2 Industry_encoded,252.9686348688825,252.9686348688825
Has_PG^2 Designation_encoded,-251.89850673004807,251.89850673004807
Total_Experience_in_field_applied Passing_Year_Of_PG University_Grad_encoded,-251.8528788691814,251.8528788691814
Industry_encoded PG_Specialization_encoded^2,251.84365686211999,251.84365686211999
PG_Specialization_encoded PHD_Specialization_encoded Preferred_location_encoded,-251.7682995743461,251.7682995743461
Number_of_Publications Organization_encoded Education_Level_encoded,-251.7459571037745,251.7459571037745
Inhand_Offer Organization_encoded^2,251.68468860800866,251.68468860800866
Passing_Year_Of_PG Has_PHD Role_encoded,250.97583948570448,250.97583948570448
International_degree_any Role_encoded University_PHD_encoded,250.37563283927423,250.37563283927423
Certifications Curent_Location_encoded,-249.93998622186953,249.93998622186953
Passing_Year_Of_PG Organization_encoded Preferred_location_encoded,249.90962939195572,249.90962939195572
Passing_Year_Of_Graduation Graduation_Specialization_encoded Preferred_location_encoded,-249.70839006327324,249.70839006327324
Passing_Year_Of_PHD Industry_encoded Preferred_location_encoded,-248.55855684579066,248.55855684579066
Inhand_Offer Certifications Designation_encoded,-247.72528776811967,247.72528776811967
International_degree_any Designation_encoded University_PG_encoded,-247.66066679690076,247.66066679690076
Organization_encoded Designation_encoded,-247.11576811153384,247.11576811153384
Has_PHD Organization_encoded University_PHD_encoded,-246.47889511752248,246.47889511752248
Total_Experience_in_field_applied Passing_Year_Of_PHD Organization_encoded,246.27295364877315,246.27295364877315
Has_PG Performance_Score Role_encoded,245.4729786675368,245.4729786675368
Passing_Year_Of_PG Role_encoded Designation_encoded,-244.1515428372553,244.1515428372553
Passing_Year_Of_Graduation PG_Specialization_encoded Curent_Location_encoded,244.07535127172338,244.07535127172338
Has_PHD Industry_encoded University_PG_encoded,243.50543410441728,243.50543410441728
Current_CTC Field_Specialization_Ratio Preferred_location_encoded,-242.91951274179746,242.91951274179746
Total_Experience_in_field_applied Certifications Graduation_Specialization_encoded,242.81841881695883,242.81841881695883
Has_PHD Preferred_location_encoded^2,242.44355843583787,242.44355843583787
Total_Experience PHD_Specialization_encoded^2,-241.70885468628745,241.70885468628745
Field_Specialization_Ratio Has_PHD University_Grad_encoded,-238.64937996162647,238.64937996162647
Total_Experience_in_field_applied PHD_Specialization_encoded^2,-238.25935325643474,238.25935325643474
International_degree_any Industry_encoded Graduation_Specialization_encoded,-237.6269870094188,237.6269870094188
Number_of_Publications Has_PG Role_encoded,237.25125046719836,237.25125046719836
International_degree_any Performance_Score University_Grad_encoded,236.9458384881604,236.9458384881604
Passing_Year_Of_Graduation Number_of_Publications Has_PG,-236.16743247015668,236.16743247015668
No_Of_Companies_worked Certifications Has_PHD,-235.93374763256966,235.93374763256966
Certifications Designation_encoded University_PHD_encoded,-235.69114326042953,235.69114326042953
University_PG_encoded Curent_Location_encoded Education_Level_encoded,-235.5257087508984,235.5257087508984
Performance_Score Designation_encoded PG_Specialization_encoded,235.2472188734569,235.2472188734569
Total_Experience,-235.1411841164818,235.1411841164818
Passing_Year_Of_Graduation^2 Designation_encoded,-234.47452294104187,234.47452294104187
No_Of_Companies_worked Number_of_Publications University_Grad_encoded,234.35534900948255,234.35534900948255
Passing_Year_Of_PG Has_PHD PG_Specialization_encoded,-233.6721942796618,233.6721942796618
Industry_encoded Designation_encoded University_Grad_encoded,-233.42546806920132,233.42546806920132
Passing_Year_Of_Graduation Graduation_Specialization_encoded University_Grad_encoded,-232.8858422492109,232.8858422492109
Certifications Has_PHD^2,-232.45077078540393,232.45077078540393
Graduation_Specialization_encoded PHD_Specialization_encoded Curent_Location_encoded,-232.21328592485406,232.21328592485406
Certifications Performance_Score Department_encoded,232.0696985930487,232.0696985930487
Has_PHD Organization_encoded University_Grad_encoded,-231.60998115543526,231.60998115543526
Passing_Year_Of_PHD Has_PHD Role_encoded,-230.613732019998,230.613732019998
Role_encoded Curent_Location_encoded^2,-230.572993243414,230.572993243414
Total_Experience_in_field_applied Current_CTC University_PG_encoded,229.52446418656305,229.52446418656305
Certifications Has_PG Education_Level_encoded,-228.1719213975378,228.1719213975378
Organization_encoded University_Grad_encoded Preferred_location_encoded,-227.18085614030477,227.18085614030477
Total_Experience_in_field_applied Number_of_Publications PHD_Specialization_encoded,-227.16188052638353,227.16188052638353
Current_CTC Has_PG Role_encoded,226.98882195702407,226.98882195702407
Certifications Performance_Score Organization_encoded,-226.2898443189536,226.2898443189536
Passing_Year_Of_PG Inhand_Offer Industry_encoded,-226.16848947579902,226.16848947579902
Number_of_Publications University_PHD_encoded Preferred_location_encoded,222.92292989409674,222.92292989409674
Total_Experience_in_field_applied Number_of_Publications Performance_Score,222.5711008612147,222.5711008612147
Department_encoded Graduation_Specialization_encoded PG_Specialization_encoded,-222.36638672373684,222.36638672373684
Has_PG University_PHD_encoded Preferred_location_encoded,-221.74553448508274,221.74553448508274
Inhand_Offer No_Of_Companies_worked Graduation_Specialization_encoded,220.9199120111783,220.9199120111783
Passing_Year_Of_PG International_degree_any Has_PHD,-220.7829805926858,220.7829805926858
Inhand_Offer Graduation_Specialization_encoded PHD_Specialization_encoded,220.78124883946117,220.78124883946117
Total_Experience Industry_encoded Education_Level_encoded,220.72849604309326,220.72849604309326
Field_Specialization_Ratio Industry_encoded Graduation_Specialization_encoded,220.6090328750727,220.6090328750727
Passing_Year_Of_PHD Organization_encoded Preferred_location_encoded,220.04071410388366,220.04071410388366
Passing_Year_Of_Graduation University_Grad_encoded Preferred_location_encoded,-219.89048692891998,219.89048692891998
Total_Experience Inhand_Offer International_degree_any,-219.15541859219104,219.15541859219104
Total_Experience University_Grad_encoded Preferred_location_encoded,-218.80691259785283,218.80691259785283
Total_Experience_in_field_applied Inhand_Offer Organization_encoded,-216.1674284190477,216.1674284190477
Passing_Year_Of_Graduation International_degree_any Curent_Location_encoded,216.13039579928696,216.13039579928696
Total_Experience_in_field_applied Graduation_Specialization_encoded PG_Specialization_encoded,-214.51672184101463,214.51672184101463
International_degree_any University_Grad_encoded Preferred_location_encoded,-213.90174700996081,213.90174700996081
Has_PHD PG_Specialization_encoded Education_Level_encoded,213.33541454326388,213.33541454326388
Passing_Year_Of_PHD Number_of_Publications Department_encoded,211.22821649780667,211.22821649780667
Total_Experience_in_field_applied Designation_encoded Preferred_location_encoded,-210.50951384935377,210.50951384935377
Current_CTC University_PG_encoded University_PHD_encoded,210.41608049789525,210.41608049789525
Number_of_Publications International_degree_any^2,209.9704347528234,209.9704347528234
International_degree_any Department_encoded Curent_Location_encoded,209.64579682777762,209.64579682777762
Passing_Year_Of_PG University_PHD_encoded^2,209.37619131912325,209.37619131912325
No_Of_Companies_worked International_degree_any Industry_encoded,208.5046307577065,208.5046307577065
Passing_Year_Of_PHD^2 PG_Specialization_encoded,-207.38569702998728,207.38569702998728
Total_Experience_in_field_applied International_degree_any Has_PHD,207.18840674408435,207.18840674408435
Passing_Year_Of_Graduation Certifications University_PHD_encoded,-205.7763179852304,205.7763179852304
Certifications^2 PG_Specialization_encoded,-205.3396930310087,205.3396930310087
Has_PHD Organization_encoded Graduation_Specialization_encoded,-205.19737252021525,205.19737252021525
Inhand_Offer Department_encoded PHD_Specialization_encoded,204.78628813721025,204.78628813721025
Passing_Year_Of_PHD Has_PG Designation_encoded,-204.27755795949105,204.27755795949105
Certifications Performance_Score University_Grad_encoded,-203.54680578402787,203.54680578402787
Number_of_Publications Has_PG Industry_encoded,203.40437815905807,203.40437815905807
Certifications Field_Specialization_Ratio University_PHD_encoded,-203.34160358610012,203.34160358610012
Total_Experience_in_field_applied Passing_Year_Of_PG^2,202.89526955595517,202.89526955595517
Performance_Score Organization_encoded Designation_encoded,202.76375996687554,202.76375996687554
Total_Experience Has_PG PG_Specialization_encoded,-202.3780742800574,202.3780742800574
Number_of_Publications Role_encoded PG_Specialization_encoded,202.29202390041516,202.29202390041516
Inhand_Offer Certifications Education_Level_encoded,-201.84817256587118,201.84817256587118
Passing_Year_Of_PHD Field_Specialization_Ratio Industry_encoded,201.56609854359505,201.56609854359505
Total_Experience_in_field_applied Inhand_Offer Preferred_location_encoded,201.52478597489355,201.52478597489355
Inhand_Offer University_PG_encoded PHD_Specialization_encoded,200.386597521397,200.386597521397
Curent_Location_encoded^2,-200.14655222085653,200.14655222085653
Certifications Has_PG University_PG_encoded,-200.10968818738263,200.10968818738263
Passing_Year_Of_Graduation Curent_Location_encoded Education_Level_encoded,-198.1238508633088,198.1238508633088
Total_Experience Inhand_Offer Preferred_location_encoded,-198.01798721860789,198.01798721860789
Passing_Year_Of_Graduation Industry_encoded Designation_encoded,197.96528075837242,197.96528075837242
Field_Specialization_Ratio Has_PHD Organization_encoded,197.34154707840065,197.34154707840065
Performance_Score University_PHD_encoded Curent_Location_encoded,-197.3299660233456,197.3299660233456
Total_Experience Number_of_Publications Department_encoded,-197.05545844964848,197.05545844964848
Passing_Year_Of_PHD International_degree_any Performance_Score,-195.32852360042662,195.32852360042662
Inhand_Offer International_degree_any Has_PG,195.13740940648583,195.13740940648583
Passing_Year_Of_Graduation Field_Specialization_Ratio Preferred_location_encoded,-194.6272218121095,194.6272218121095
Inhand_Offer Field_Specialization_Ratio,-194.06580454156838,194.06580454156838
Total_Experience Field_Specialization_Ratio Has_PHD,-193.86645456263832,193.86645456263832
International_degree_any Has_PHD University_PG_encoded,-192.62539483566928,192.62539483566928
Passing_Year_Of_PHD No_Of_Companies_worked Number_of_Publications,192.56776293189876,192.56776293189876
University_Grad_encoded PHD_Specialization_encoded^2,-192.30838604419964,192.30838604419964
Current_CTC Certifications,192.01872491771007,192.01872491771007
Passing_Year_Of_Graduation Has_PHD PHD_Specialization_encoded,-192.00481672668022,192.00481672668022
Designation_encoded University_PG_encoded^2,191.63258083474287,191.63258083474287
PG_Specialization_encoded PHD_Specialization_encoded^2,190.91867330474352,190.91867330474352
Has_PHD Role_encoded Preferred_location_encoded,-190.0378923560563,190.0378923560563
Role_encoded Curent_Location_encoded Education_Level_encoded,-189.9984876580169,189.9984876580169
Passing_Year_Of_PG Performance_Score PHD_Specialization_encoded,-189.93532875080197,189.93532875080197
Passing_Year_Of_PHD University_PG_encoded Preferred_location_encoded,189.65083117563907,189.65083117563907
PG_Specialization_encoded Preferred_location_encoded Education_Level_encoded,-189.5173836296026,189.5173836296026
Has_PG University_Grad_encoded Education_Level_encoded,-189.0722274546441,189.0722274546441
PHD_Specialization_encoded Preferred_location_encoded^2,-189.00366363178878,189.00366363178878
Current_CTC^2 Inhand_Offer,-188.0280252170118,188.0280252170118
Has_PG Performance_Score Curent_Location_encoded,187.9763669674249,187.9763669674249
No_Of_Companies_worked Certifications Designation_encoded,-187.29211522350806,187.29211522350806
Number_of_Publications Department_encoded Designation_encoded,-186.89548231502502,186.89548231502502
Passing_Year_Of_Graduation Number_of_Publications Has_PHD,184.31605555251812,184.31605555251812
Passing_Year_Of_PG^2 Education_Level_encoded,-183.7150026199046,183.7150026199046
University_PG_encoded PHD_Specialization_encoded Education_Level_encoded,183.70533697347352,183.70533697347352
Total_Experience No_Of_Companies_worked Curent_Location_encoded,183.28372321419033,183.28372321419033
Industry_encoded Organization_encoded Preferred_location_encoded,183.21153327305402,183.21153327305402
Has_PHD PHD_Specialization_encoded Curent_Location_encoded,-181.37979074475095,181.37979074475095
Inhand_Offer International_degree_any University_PG_encoded,181.27164726523336,181.27164726523336
Passing_Year_Of_PG University_PHD_encoded Curent_Location_encoded,-181.06656150048804,181.06656150048804
Performance_Score University_PG_encoded Education_Level_encoded,-180.3312206256834,180.3312206256834
Organization_encoded University_PG_encoded PHD_Specialization_encoded,-180.15487540329775,180.15487540329775
Passing_Year_Of_PHD^2 Preferred_location_encoded,179.53995211202837,179.53995211202837
Total_Experience_in_field_applied No_Of_Companies_worked Graduation_Specialization_encoded,179.21191913564772,179.21191913564772
PG_Specialization_encoded University_PG_encoded Education_Level_encoded,-179.09658709207753,179.09658709207753
Inhand_Offer Certifications PG_Specialization_encoded,-178.37377646225076,178.37377646225076
Has_PG Graduation_Specialization_encoded University_Grad_encoded,178.2635799077959,178.2635799077959
Passing_Year_Of_Graduation Has_PHD Industry_encoded,-178.167693743878,178.167693743878
Has_PHD Role_encoded Curent_Location_encoded,177.3390499572215,177.3390499572215
Total_Experience_in_field_applied Passing_Year_Of_PG Designation_encoded,175.96023387592984,175.96023387592984
Passing_Year_Of_PHD University_Grad_encoded^2,175.92452121186918,175.92452121186918
Inhand_Offer University_Grad_encoded PHD_Specialization_encoded,-175.60387057963644,175.60387057963644
Performance_Score Organization_encoded Preferred_location_encoded,175.57913088880127,175.57913088880127
Passing_Year_Of_PG Certifications Has_PG,174.65926601028164,174.65926601028164
Certifications Industry_encoded Curent_Location_encoded,-174.29355775738006,174.29355775738006
Certifications Field_Specialization_Ratio University_Grad_encoded,-173.96766255349414,173.96766255349414
PHD_Specialization_encoded Curent_Location_encoded Preferred_location_encoded,-173.84606850493023,173.84606850493023
Passing_Year_Of_PHD International_degree_any Has_PHD,-173.45189701326933,173.45189701326933
Inhand_Offer Department_encoded Curent_Location_encoded,-173.43198615529812,173.43198615529812
Number_of_Publications Has_PG University_PG_encoded,-172.77636197967172,172.77636197967172
Passing_Year_Of_Graduation Role_encoded Graduation_Specialization_encoded,172.64378593293952,172.64378593293952
Designation_encoded^2 University_PHD_encoded,172.55378375210648,172.55378375210648
Organization_encoded University_Grad_encoded PHD_Specialization_encoded,172.48830861666124,172.48830861666124
Industry_encoded Graduation_Specialization_encoded University_PG_encoded,-171.78363011633735,171.78363011633735
Passing_Year_Of_PHD Department_encoded University_Grad_encoded,171.61644293256208,171.61644293256208
Total_Experience Number_of_Publications Role_encoded,169.53063817255415,169.53063817255415
Has_PG Curent_Location_encoded Education_Level_encoded,169.4558509026188,169.4558509026188
Passing_Year_Of_PHD Inhand_Offer Certifications,169.09716892782566,169.09716892782566
Certifications Performance_Score PG_Specialization_encoded,-168.9609979242882,168.9609979242882
Number_of_Publications Has_PHD Preferred_location_encoded,167.31854891246175,167.31854891246175
Certifications^2 Field_Specialization_Ratio,-167.05289012280429,167.05289012280429
Inhand_Offer Number_of_Publications International_degree_any,-165.74854418379664,165.74854418379664
Total_Experience_in_field_applied Passing_Year_Of_PG International_degree_any,165.2384878908021,165.2384878908021
Passing_Year_Of_PHD International_degree_any University_PG_encoded,-165.04649203157223,165.04649203157223
Passing_Year_Of_Graduation Performance_Score,164.85108714843633,164.85108714843633
Certifications University_PHD_encoded Preferred_location_encoded,-163.67208796669368,163.67208796669368
Passing_Year_Of_PG Designation_encoded^2,163.41019986870964,163.41019986870964
Inhand_Offer PG_Specialization_encoded Education_Level_encoded,163.06615022965792,163.06615022965792
Field_Specialization_Ratio^2 Preferred_location_encoded,-162.48010221246398,162.48010221246398
Passing_Year_Of_PG International_degree_any Graduation_Specialization_encoded,162.25163258085092,162.25163258085092
Field_Specialization_Ratio University_PG_encoded,161.7878505257161,161.7878505257161
Current_CTC Department_encoded University_Grad_encoded,161.16530431722632,161.16530431722632
Total_Experience_in_field_applied Organization_encoded University_Grad_encoded,160.44586450260826,160.44586450260826
International_degree_any Industry_encoded University_PG_encoded,159.95152700814356,159.95152700814356
Passing_Year_Of_PHD Certifications^2,-159.95072431551654,159.95072431551654
Organization_encoded Graduation_Specialization_encoded PG_Specialization_encoded,-159.37793639817272,159.37793639817272
No_Of_Companies_worked Has_PHD Education_Level_encoded,158.8359671630169,158.8359671630169
Preferred_location_encoded^3,-158.48077345349256,158.48077345349256
Department_encoded Role_encoded Curent_Location_encoded,-158.2150227772908,158.2150227772908
Current_CTC No_Of_Companies_worked Number_of_Publications,157.26586231134388,157.26586231134388
Role_encoded PG_Specialization_encoded Curent_Location_encoded,155.6922656979469,155.6922656979469
No_Of_Companies_worked Role_encoded Preferred_location_encoded,-154.3526966280079,154.3526966280079
Designation_encoded^2,-153.2305723553999,153.2305723553999
Passing_Year_Of_PHD Performance_Score Role_encoded,-152.17671462146194,152.17671462146194
Performance_Score Designation_encoded Curent_Location_encoded,-152.0368442415985,152.0368442415985
Passing_Year_Of_PG^2 Curent_Location_encoded,-151.13394300446978,151.13394300446978
Has_PHD Performance_Score Role_encoded,150.44332594849092,150.44332594849092
Passing_Year_Of_Graduation Number_of_Publications University_Grad_encoded,149.78191951617694,149.78191951617694
Certifications Performance_Score Preferred_location_encoded,-149.59337670024755,149.59337670024755
Passing_Year_Of_PHD PHD_Specialization_encoded University_PHD_encoded,-149.58566073471513,149.58566073471513
Inhand_Offer No_Of_Companies_worked Curent_Location_encoded,148.61762427785115,148.61762427785115
Has_PHD Organization_encoded Curent_Location_encoded,-147.85011552998446,147.85011552998446
No_Of_Companies_worked Performance_Score University_Grad_encoded,-147.25169301945377,147.25169301945377
Passing_Year_Of_PG Has_PHD Preferred_location_encoded,146.44319013880875,146.44319013880875
Passing_Year_Of_PHD Has_PHD Designation_encoded,145.38652937968254,145.38652937968254
Performance_Score Industry_encoded Education_Level_encoded,-145.2773320211026,145.2773320211026
Has_PG Performance_Score Designation_encoded,-144.80340483066263,144.80340483066263
Certifications Performance_Score Curent_Location_encoded,144.38164155764218,144.38164155764218
No_Of_Companies_worked PG_Specialization_encoded Curent_Location_encoded,144.00868371015886,144.00868371015886
Current_CTC No_Of_Companies_worked International_degree_any,143.93783643992057,143.93783643992057
Inhand_Offer Certifications Has_PHD,-143.48417651610865,143.48417651610865
Inhand_Offer University_Grad_encoded Preferred_location_encoded,143.3212607299069,143.3212607299069
Inhand_Offer Has_PG PG_Specialization_encoded,143.00068649899274,143.00068649899274
Passing_Year_Of_PG Number_of_Publications Organization_encoded,-141.76949123641836,141.76949123641836
Industry_encoded Graduation_Specialization_encoded PHD_Specialization_encoded,140.71164972689348,140.71164972689348
Total_Experience_in_field_applied Performance_Score University_PHD_encoded,-140.49107504609458,140.49107504609458
Field_Specialization_Ratio Performance_Score Graduation_Specialization_encoded,-140.26376999952083,140.26376999952083
Total_Experience PG_Specialization_encoded^2,-139.87841629273078,139.87841629273078
Passing_Year_Of_PHD No_Of_Companies_worked University_PHD_encoded,-139.51777637336497,139.51777637336497
No_Of_Companies_worked International_degree_any Role_encoded,139.42980321153235,139.42980321153235
Role_encoded Industry_encoded University_Grad_encoded,139.3071532537739,139.3071532537739
Number_of_Publications Certifications Has_PG,-139.01454734020018,139.01454734020018
No_Of_Companies_worked PG_Specialization_encoded University_PG_encoded,138.96912550822816,138.96912550822816
Total_Experience_in_field_applied Passing_Year_Of_PHD PHD_Specialization_encoded,-138.30827958568207,138.30827958568207
Inhand_Offer University_PHD_encoded Curent_Location_encoded,137.3248800713306,137.3248800713306
Has_PG Organization_encoded Education_Level_encoded,-136.0916361975709,136.0916361975709
Certifications Has_PG Curent_Location_encoded,-135.40006496311193,135.40006496311193
Inhand_Offer International_degree_any^2,-135.05333656368202,135.05333656368202
No_Of_Companies_worked Number_of_Publications Education_Level_encoded,-134.66786652907172,134.66786652907172
Total_Experience_in_field_applied Certifications Curent_Location_encoded,133.4734648928918,133.4734648928918
Field_Specialization_Ratio Performance_Score Curent_Location_encoded,133.44089203629449,133.44089203629449
Certifications University_PHD_encoded Education_Level_encoded,133.2977040173768,133.2977040173768
Passing_Year_Of_PG International_degree_any Curent_Location_encoded,133.25130069322606,133.25130069322606
Passing_Year_Of_PG Certifications Performance_Score,-133.10188757048746,133.10188757048746
International_degree_any PG_Specialization_encoded Education_Level_encoded,-132.52050848247384,132.52050848247384
Passing_Year_Of_PHD Department_encoded Curent_Location_encoded,132.4619987769446,132.4619987769446
Department_encoded Organization_encoded University_Grad_encoded,130.3185973260319,130.3185973260319
Number_of_Publications International_degree_any Preferred_location_encoded,130.1751846692135,130.1751846692135
Inhand_Offer Number_of_Publications Certifications,129.95629511100924,129.95629511100924
Passing_Year_Of_PG Field_Specialization_Ratio Performance_Score,128.80265365427962,128.80265365427962
Passing_Year_Of_PHD University_PG_encoded PHD_Specialization_encoded,128.6022763878446,128.6022763878446
Graduation_Specialization_encoded^2 University_PHD_encoded,-128.4652578248424,128.4652578248424
Passing_Year_Of_PHD Industry_encoded University_PHD_encoded,-128.19114876849713,128.19114876849713
Has_PHD University_Grad_encoded Preferred_location_encoded,127.99899256636363,127.99899256636363
Inhand_Offer^2 University_PHD_encoded,-127.69247268393127,127.69247268393127
Certifications Organization_encoded Curent_Location_encoded,127.59081598680937,127.59081598680937
Number_of_Publications Field_Specialization_Ratio University_Grad_encoded,-127.47618997418225,127.47618997418225
Passing_Year_Of_Graduation Department_encoded PHD_Specialization_encoded,-126.9903962791379,126.9903962791379
Passing_Year_Of_PHD Department_encoded University_PHD_encoded,-126.42848764107963,126.42848764107963
International_degree_any PG_Specialization_encoded University_PG_encoded,-125.87698857748443,125.87698857748443
Passing_Year_Of_PG Industry_encoded Education_Level_encoded,-125.40531617001577,125.40531617001577
Performance_Score Department_encoded University_PHD_encoded,-125.26875428942473,125.26875428942473
Field_Specialization_Ratio Designation_encoded PG_Specialization_encoded,-125.15585229580748,125.15585229580748
Performance_Score PG_Specialization_encoded Preferred_location_encoded,125.04570009856577,125.04570009856577
Total_Experience Inhand_Offer Industry_encoded,124.72989114188269,124.72989114188269
Inhand_Offer Performance_Score Preferred_location_encoded,-124.080936598236,124.080936598236
PG_Specialization_encoded^2 University_PG_encoded,-123.74952460636268,123.74952460636268
Certifications Has_PHD PHD_Specialization_encoded,-123.0518815951407,123.0518815951407
Number_of_Publications Industry_encoded Designation_encoded,123.02680603499941,123.02680603499941
No_Of_Companies_worked Performance_Score Department_encoded,-122.93842963236303,122.93842963236303
International_degree_any Performance_Score University_PHD_encoded,122.69277569382727,122.69277569382727
Passing_Year_Of_PG Passing_Year_Of_PHD University_Grad_encoded,122.33205646904067,122.33205646904067
No_Of_Companies_worked Number_of_Publications PG_Specialization_encoded,121.16167085063105,121.16167085063105
Certifications University_PG_encoded^2,120.86687240831128,120.86687240831128
Field_Specialization_Ratio University_Grad_encoded Preferred_location_encoded,-120.6405646901064,120.6405646901064
Inhand_Offer Has_PG Graduation_Specialization_encoded,120.2329624482578,120.2329624482578
Passing_Year_Of_PG Has_PG PHD_Specialization_encoded,-119.22717718806794,119.22717718806794
Number_of_Publications Has_PHD University_Grad_encoded,119.13830411456064,119.13830411456064
Passing_Year_Of_PG Graduation_Specialization_encoded University_PG_encoded,-118.82109477412295,118.82109477412295
Performance_Score University_PG_encoded PHD_Specialization_encoded,-117.91364428632902,117.91364428632902
Passing_Year_Of_PHD Graduation_Specialization_encoded University_Grad_encoded,117.77236675698933,117.77236675698933
International_degree_any Department_encoded Designation_encoded,117.55502682704514,117.55502682704514
Inhand_Offer No_Of_Companies_worked Certifications,117.49091125630376,117.49091125630376
International_degree_any Has_PHD Performance_Score,-116.94846494031721,116.94846494031721
Inhand_Offer Department_encoded Industry_encoded,-116.52434173623307,116.52434173623307
Total_Experience_in_field_applied Passing_Year_Of_PHD Graduation_Specialization_encoded,116.09652666776876,116.09652666776876
Passing_Year_Of_Graduation Has_PHD Curent_Location_encoded,-115.39201952708217,115.39201952708217
Certifications PG_Specialization_encoded University_PG_encoded,-114.94938292182941,114.94938292182941
Has_PHD University_Grad_encoded Curent_Location_encoded,-114.87851798560321,114.87851798560321
Passing_Year_Of_PG^2 Has_PHD,113.35828605545052,113.35828605545052
Passing_Year_Of_PHD International_degree_any Designation_encoded,113.02358363885773,113.02358363885773
International_degree_any Field_Specialization_Ratio University_Grad_encoded,-112.69105878501962,112.69105878501962
Total_Experience_in_field_applied Role_encoded Preferred_location_encoded,112.62837019622542,112.62837019622542
Graduation_Specialization_encoded University_Grad_encoded Preferred_location_encoded,-111.90121354513188,111.90121354513188
University_PG_encoded University_PHD_encoded Curent_Location_encoded,111.81736232876958,111.81736232876958
Industry_encoded University_Grad_encoded PHD_Specialization_encoded,111.69664004803353,111.69664004803353
Passing_Year_Of_Graduation Preferred_location_encoded,111.59046879936753,111.59046879936753
Certifications International_degree_any University_Grad_encoded,-111.0454046438345,111.0454046438345
Total_Experience Curent_Location_encoded Education_Level_encoded,110.38536245187737,110.38536245187737
Number_of_Publications Graduation_Specialization_encoded PG_Specialization_encoded,-110.1746303712253,110.1746303712253
International_degree_any Department_encoded Industry_encoded,109.60734063126677,109.60734063126677
Inhand_Offer Graduation_Specialization_encoded PG_Specialization_encoded,-109.10605808754761,109.10605808754761
Certifications Industry_encoded Preferred_location_encoded,-108.96028168854777,108.96028168854777
Inhand_Offer Certifications Curent_Location_encoded,-108.81296863505138,108.81296863505138
Number_of_Publications Field_Specialization_Ratio Curent_Location_encoded,108.60517390682216,108.60517390682216
Passing_Year_Of_PHD PHD_Specialization_encoded Curent_Location_encoded,-107.81610575075996,107.81610575075996
No_Of_Companies_worked Education_Level_encoded,-106.85888368318093,106.85888368318093
Graduation_Specialization_encoded University_Grad_encoded PHD_Specialization_encoded,106.66674504074248,106.66674504074248
International_degree_any University_Grad_encoded,106.5690177591034,106.5690177591034
Passing_Year_Of_PHD International_degree_any Curent_Location_encoded,106.50386933622504,106.50386933622504
No_Of_Companies_worked International_degree_any Has_PG,105.67744498297556,105.67744498297556
Inhand_Offer Has_PHD PHD_Specialization_encoded,105.45799848514119,105.45799848514119
Certifications University_PG_encoded Preferred_location_encoded,104.95044502038424,104.95044502038424
Total_Experience_in_field_applied Designation_encoded PG_Specialization_encoded,-104.91421552741782,104.91421552741782
Number_of_Publications Role_encoded University_PG_encoded,-104.82789011224386,104.82789011224386
Passing_Year_Of_PG International_degree_any Role_encoded,-104.18061976156574,104.18061976156574
Passing_Year_Of_PHD International_degree_any University_PHD_encoded,102.88661774535217,102.88661774535217
Passing_Year_Of_PHD Industry_encoded Education_Level_encoded,102.81092561353017,102.81092561353017
Role_encoded University_PG_encoded Education_Level_encoded,102.75244921586801,102.75244921586801
Has_PHD Curent_Location_encoded Preferred_location_encoded,102.32579060901575,102.32579060901575
No_Of_Companies_worked Has_PHD Organization_encoded,101.95696638759127,101.95696638759127
Has_PHD PG_Specialization_encoded Curent_Location_encoded,-101.76828092428218,101.76828092428218
Passing_Year_Of_PHD International_degree_any PG_Specialization_encoded,-101.75547594272672,101.75547594272672
Organization_encoded PG_Specialization_encoded Preferred_location_encoded,-101.42350013249295,101.42350013249295
Field_Specialization_Ratio Has_PG University_PHD_encoded,101.09053641702305,101.09053641702305
Passing_Year_Of_Graduation Role_encoded Organization_encoded,100.19422341457819,100.19422341457819
Inhand_Offer^2 Industry_encoded,99.1252060637097,99.1252060637097
Total_Experience Inhand_Offer PHD_Specialization_encoded,98.4629541391803,98.4629541391803
International_degree_any Has_PHD PG_Specialization_encoded,-98.16557177728566,98.16557177728566
Total_Experience_in_field_applied University_Grad_encoded University_PHD_encoded,-98.01753207979624,98.01753207979624
Passing_Year_Of_Graduation Designation_encoded PHD_Specialization_encoded,97.8675607969238,97.8675607969238
Number_of_Publications Field_Specialization_Ratio PG_Specialization_encoded,97.16267174791524,97.16267174791524
No_Of_Companies_worked Certifications PG_Specialization_encoded,-96.61068146009087,96.61068146009087
Industry_encoded University_Grad_encoded PG_Specialization_encoded,-96.38788980385577,96.38788980385577
Passing_Year_Of_PHD Inhand_Offer Has_PG,-95.99194070161224,95.99194070161224
Total_Experience_in_field_applied Passing_Year_Of_Graduation Current_CTC,-95.72965088789469,95.72965088789469
Certifications Field_Specialization_Ratio Preferred_location_encoded,-95.14927830341075,95.14927830341075
Department_encoded University_Grad_encoded University_PHD_encoded,94.56623367831502,94.56623367831502
Passing_Year_Of_PHD PG_Specialization_encoded Curent_Location_encoded,94.4139352280824,94.4139352280824
Organization_encoded University_Grad_encoded PG_Specialization_encoded,93.75133237848877,93.75133237848877
Certifications PHD_Specialization_encoded Education_Level_encoded,-93.58825597213357,93.58825597213357
International_degree_any Has_PHD,91.94833274374619,91.94833274374619
International_degree_any^2 University_PHD_encoded,90.95937809411711,90.95937809411711
Total_Experience University_Grad_encoded Education_Level_encoded,90.45662829275771,90.45662829275771
Has_PHD^2 Role_encoded,-90.0748451015254,90.0748451015254
Passing_Year_Of_PHD Inhand_Offer Preferred_location_encoded,-89.90191763384806,89.90191763384806
Field_Specialization_Ratio Department_encoded Preferred_location_encoded,87.82042085977154,87.82042085977154
Role_encoded University_PG_encoded PHD_Specialization_encoded,87.43578197459132,87.43578197459132
Role_encoded Graduation_Specialization_encoded Education_Level_encoded,-86.94694726950644,86.94694726950644
Total_Experience_in_field_applied University_PG_encoded Education_Level_encoded,-86.45629145055561,86.45629145055561
Current_CTC^2 Industry_encoded,86.17697460149583,86.17697460149583
No_Of_Companies_worked International_degree_any PG_Specialization_encoded,85.76181268016897,85.76181268016897
International_degree_any Organization_encoded,85.50736323633197,85.50736323633197
Field_Specialization_Ratio Organization_encoded Graduation_Specialization_encoded,-85.17681543034972,85.17681543034972
Role_encoded University_PHD_encoded Preferred_location_encoded,85.09912100881576,85.09912100881576
Passing_Year_Of_Graduation Industry_encoded Organization_encoded,-84.47319385172143,84.47319385172143
Inhand_Offer Role_encoded University_Grad_encoded,-84.38051540882948,84.38051540882948
No_Of_Companies_worked Has_PHD Curent_Location_encoded,84.29758126398512,84.29758126398512
Total_Experience Number_of_Publications International_degree_any,-82.4852553310723,82.4852553310723
Total_Experience_in_field_applied Passing_Year_Of_Graduation Preferred_location_encoded,82.36736651985247,82.36736651985247
Inhand_Offer^2 Role_encoded,-82.18018998248058,82.18018998248058
Has_PHD University_PHD_encoded Education_Level_encoded,81.96220735740363,81.96220735740363
Passing_Year_Of_PHD Graduation_Specialization_encoded Education_Level_encoded,-81.41437297059481,81.41437297059481
Certifications Graduation_Specialization_encoded^2,80.25816968618996,80.25816968618996
Passing_Year_Of_Graduation Role_encoded University_PG_encoded,79.46553382094054,79.46553382094054
Passing_Year_Of_PHD Performance_Score PG_Specialization_encoded,79.40148526193276,79.40148526193276
University_Grad_encoded PG_Specialization_encoded Curent_Location_encoded,-79.13916261759945,79.13916261759945
Total_Experience International_degree_any,-78.19927301675479,78.19927301675479
Number_of_Publications^2 Has_PHD,77.89538698770593,77.89538698770593
Certifications Department_encoded Role_encoded,-77.31640805122281,77.31640805122281
International_degree_any Performance_Score,-77.30015990203067,77.30015990203067
Number_of_Publications Certifications International_degree_any,-77.04097784440484,77.04097784440484
Number_of_Publications International_degree_any Organization_encoded,-76.1993056300952,76.1993056300952
Total_Experience_in_field_applied Passing_Year_Of_PG Has_PG,75.1420406724716,75.1420406724716
Total_Experience No_Of_Companies_worked Performance_Score,-73.82482201014548,73.82482201014548
Designation_encoded University_Grad_encoded^2,-73.03379279601201,73.03379279601201
No_Of_Companies_worked Graduation_Specialization_encoded Preferred_location_encoded,-70.95217318596255,70.95217318596255
Passing_Year_Of_PG Field_Specialization_Ratio Organization_encoded,70.61913261374876,70.61913261374876
Performance_Score University_PG_encoded^2,-70.422680820717,70.422680820717
Department_encoded Organization_encoded University_PG_encoded,69.04978458798556,69.04978458798556
Total_Experience Industry_encoded Organization_encoded,-67.57375964228677,67.57375964228677
Total_Experience_in_field_applied Has_PHD PHD_Specialization_encoded,67.45826990247394,67.45826990247394
Number_of_Publications Field_Specialization_Ratio Performance_Score,-65.93850409077233,65.93850409077233
Current_CTC Has_PG Designation_encoded,65.92932200347542,65.92932200347542
Total_Experience Passing_Year_Of_PHD PG_Specialization_encoded,64.87888971094944,64.87888971094944
Passing_Year_Of_PG Has_PHD Performance_Score,64.78321592883039,64.78321592883039
Department_encoded Designation_encoded Preferred_location_encoded,-64.67997360315091,64.67997360315091
Passing_Year_Of_Graduation Has_PG Role_encoded,64.22982146305174,64.22982146305174
Certifications PHD_Specialization_encoded Preferred_location_encoded,-64.07931031954533,64.07931031954533
Passing_Year_Of_PG PG_Specialization_encoded University_PHD_encoded,62.90551343226024,62.90551343226024
Inhand_Offer Department_encoded PG_Specialization_encoded,-61.7981775374087,61.7981775374087
Has_PG Performance_Score PHD_Specialization_encoded,-61.56948394479578,61.56948394479578
Role_encoded PG_Specialization_encoded Preferred_location_encoded,-60.22276810231779,60.22276810231779
Number_of_Publications University_PG_encoded PHD_Specialization_encoded,59.725998180029826,59.725998180029826
Passing_Year_Of_Graduation International_degree_any Field_Specialization_Ratio,-58.878794500329725,58.878794500329725
Passing_Year_Of_PHD Department_encoded PG_Specialization_encoded,-58.751144557773046,58.751144557773046
Number_of_Publications Department_encoded University_Grad_encoded,-58.35728113042014,58.35728113042014
Has_PHD Organization_encoded PHD_Specialization_encoded,57.583888510707794,57.583888510707794
PHD_Specialization_encoded Preferred_location_encoded,55.80479222856364,55.80479222856364
Certifications Has_PHD Education_Level_encoded,55.69358613865973,55.69358613865973
Inhand_Offer Organization_encoded University_PG_encoded,-54.555444599053054,54.555444599053054
Passing_Year_Of_PG Passing_Year_Of_PHD Education_Level_encoded,-53.640624104001155,53.640624104001155
No_Of_Companies_worked International_degree_any Designation_encoded,-52.5380789579886,52.5380789579886
Has_PG University_Grad_encoded PG_Specialization_encoded,-52.47100411229299,52.47100411229299
No_Of_Companies_worked University_Grad_encoded Preferred_location_encoded,50.028636480210125,50.028636480210125
Number_of_Publications Performance_Score Role_encoded,-49.58728593986515,49.58728593986515
Certifications Designation_encoded University_Grad_encoded,-49.044636515882026,49.044636515882026
Number_of_Publications Department_encoded University_PHD_encoded,48.96952539289921,48.96952539289921
Role_encoded Graduation_Specialization_encoded Curent_Location_encoded,-48.85174722651037,48.85174722651037
Designation_encoded^3,48.306098631915226,48.306098631915226
Passing_Year_Of_Graduation Certifications Curent_Location_encoded,-47.762104197230194,47.762104197230194
Passing_Year_Of_PHD International_degree_any University_Grad_encoded,-46.27676720869834,46.27676720869834
Passing_Year_Of_PHD Has_PHD Graduation_Specialization_encoded,-46.16983566010245,46.16983566010245
International_degree_any Field_Specialization_Ratio Designation_encoded,-46.00127632178369,46.00127632178369
Passing_Year_Of_PG University_PG_encoded University_PHD_encoded,45.39047704456857,45.39047704456857
Passing_Year_Of_Graduation Certifications International_degree_any,44.57163943527366,44.57163943527366
International_degree_any University_PHD_encoded Preferred_location_encoded,43.27188219732567,43.27188219732567
Passing_Year_Of_PHD Designation_encoded Graduation_Specialization_encoded,42.55572501288122,42.55572501288122
Performance_Score University_Grad_encoded University_PG_encoded,-42.01468415941174,42.01468415941174
Has_PG Graduation_Specialization_encoded Education_Level_encoded,41.70488716537502,41.70488716537502
Total_Experience_in_field_applied Passing_Year_Of_PG University_PHD_encoded,41.16458194437424,41.16458194437424
Performance_Score Organization_encoded PG_Specialization_encoded,-41.1499707124916,41.1499707124916
University_Grad_encoded University_PG_encoded Curent_Location_encoded,40.97113212589981,40.97113212589981
Passing_Year_Of_Graduation Designation_encoded^2,-40.28677794857327,40.28677794857327
Current_CTC Has_PG University_PG_encoded,40.06365609412203,40.06365609412203
Inhand_Offer Organization_encoded Designation_encoded,-39.75840211170787,39.75840211170787
Inhand_Offer Graduation_Specialization_encoded^2,-39.35489887129545,39.35489887129545
No_Of_Companies_worked PHD_Specialization_encoded Preferred_location_encoded,39.28199113019386,39.28199113019386
Total_Experience Inhand_Offer Graduation_Specialization_encoded,-38.588969667752096,38.588969667752096
Passing_Year_Of_PHD Role_encoded Graduation_Specialization_encoded,-37.44707759390003,37.44707759390003
No_Of_Companies_worked Number_of_Publications Performance_Score,-37.35947214900254,37.35947214900254
Passing_Year_Of_PG International_degree_any Organization_encoded,-35.734871547941786,35.734871547941786
Has_PHD Organization_encoded University_PG_encoded,35.70338730613472,35.70338730613472
Total_Experience Inhand_Offer Certifications,-35.423477722479,35.423477722479
Performance_Score Department_encoded Designation_encoded,35.336292316502465,35.336292316502465
Current_CTC PG_Specialization_encoded Curent_Location_encoded,34.49229151149702,34.49229151149702
Role_encoded Designation_encoded University_PG_encoded,34.101036445080716,34.101036445080716
Number_of_Publications^2 Role_encoded,33.7992166123339,33.7992166123339
Total_Experience_in_field_applied Performance_Score Designation_encoded,-33.565032397146645,33.565032397146645
Inhand_Offer Number_of_Publications^2,32.790811623822535,32.790811623822535
No_Of_Companies_worked Field_Specialization_Ratio^2,-32.610874987649474,32.610874987649474
Performance_Score Preferred_location_encoded,-31.03534485780273,31.03534485780273
University_PG_encoded PHD_Specialization_encoded^2,30.518727842187452,30.518727842187452
Passing_Year_Of_PG International_degree_any Industry_encoded,30.32350607465868,30.32350607465868
International_degree_any Has_PG University_PG_encoded,-30.05338196639282,30.05338196639282
Passing_Year_Of_PG Has_PG Preferred_location_encoded,29.44649555000607,29.44649555000607
Current_CTC Field_Specialization_Ratio Role_encoded,28.70562662789199,28.70562662789199
Total_Experience_in_field_applied International_degree_any University_PHD_encoded,28.049174900316068,28.049174900316068
Graduation_Specialization_encoded University_PG_encoded Preferred_location_encoded,-28.036835406478044,28.036835406478044
No_Of_Companies_worked^2 University_Grad_encoded,27.41383613218931,27.41383613218931
Total_Experience_in_field_applied Number_of_Publications University_Grad_encoded,-26.10806697934044,26.10806697934044
Total_Experience International_degree_any Education_Level_encoded,25.508506037252356,25.508506037252356
Total_Experience_in_field_applied Field_Specialization_Ratio Industry_encoded,-24.579491944952224,24.579491944952224
Number_of_Publications^2 Has_PG,-24.145017542218678,24.145017542218678
Inhand_Offer Has_PHD University_Grad_encoded,-23.60432401213574,23.60432401213574
Designation_encoded University_PG_encoded,23.220219032703678,23.220219032703678
Department_encoded Designation_encoded Curent_Location_encoded,22.83389570715753,22.83389570715753
Inhand_Offer No_Of_Companies_worked Industry_encoded,22.70624583238468,22.70624583238468
Total_Experience Certifications Graduation_Specialization_encoded,-21.370357070317066,21.370357070317066
Passing_Year_Of_PHD Number_of_Publications Preferred_location_encoded,-20.86693634006922,20.86693634006922
Has_PG PHD_Specialization_encoded University_PHD_encoded,18.836302600383767,18.836302600383767
Inhand_Offer Performance_Score Education_Level_encoded,18.829602276384474,18.829602276384474
Passing_Year_Of_PG Performance_Score Industry_encoded,-18.455106164645972,18.455106164645972
No_Of_Companies_worked Graduation_Specialization_encoded PHD_Specialization_encoded,-18.28140342599988,18.28140342599988
Passing_Year_Of_PG Certifications Field_Specialization_Ratio,18.16938605146284,18.16938605146284
Field_Specialization_Ratio Has_PG Curent_Location_encoded,17.75782300871547,17.75782300871547
Designation_encoded University_PG_encoded Curent_Location_encoded,-17.063770312776317,17.063770312776317
Certifications Department_encoded^2,16.326884131810758,16.326884131810758
Performance_Score Role_encoded University_Grad_encoded,-16.20458588675795,16.20458588675795
Total_Experience_in_field_applied Field_Specialization_Ratio Role_encoded,-15.372265485280842,15.372265485280842
Has_PG University_Grad_encoded Preferred_location_encoded,14.940752630635302,14.940752630635302
Passing_Year_Of_PHD Curent_Location_encoded^2,-14.477003692064448,14.477003692064448
PG_Specialization_encoded PHD_Specialization_encoded University_PHD_encoded,14.146596645493043,14.146596645493043
Passing_Year_Of_PG Role_encoded^2,-13.179060628596273,13.179060628596273
International_degree_any Has_PG PG_Specialization_encoded,11.62609567601534,11.62609567601534
Passing_Year_Of_Graduation^2 Organization_encoded,-11.622015710432418,11.622015710432418
International_degree_any Field_Specialization_Ratio Has_PG,11.589043780046673,11.589043780046673
Performance_Score PHD_Specialization_encoded^2,-11.32328236693451,11.32328236693451
International_degree_any Field_Specialization_Ratio Has_PHD,10.845253277614326,10.845253277614326
Curent_Location_encoded Preferred_location_encoded^2,-10.144866597453118,10.144866597453118
Total_Experience Inhand_Offer,8.857871999416432,8.857871999416432
Department_encoded University_Grad_encoded University_PG_encoded,-8.754625816670632,8.754625816670632
Current_CTC Number_of_Publications Field_Specialization_Ratio,-8.704658688426985,8.704658688426985
Role_encoded^2 Curent_Location_encoded,8.073229054329001,8.073229054329001
Number_of_Publications^2 Certifications,7.889481794271678,7.889481794271678
International_degree_any Field_Specialization_Ratio Education_Level_encoded,7.675697752465734,7.675697752465734
Certifications^2 University_Grad_encoded,-7.4905824476074185,7.4905824476074185
International_degree_any Graduation_Specialization_encoded Preferred_location_encoded,6.454504178496766,6.454504178496766
Has_PHD University_PHD_encoded^2,-6.443528455157103,6.443528455157103
Inhand_Offer Has_PG PHD_Specialization_encoded,6.226996869970225,6.226996869970225
Number_of_Publications Has_PHD Graduation_Specialization_encoded,-5.982178948721884,5.982178948721884
Total_Experience_in_field_applied Designation_encoded Curent_Location_encoded,-5.972000960698361,5.972000960698361
Total_Experience_in_field_applied Graduation_Specialization_encoded PHD_Specialization_encoded,-5.903699821727793,5.903699821727793
Current_CTC Industry_encoded University_PHD_encoded,-5.216134002232995,5.216134002232995
Total_Experience International_degree_any Performance_Score,3.864276224848943,3.864276224848943
Certifications Field_Specialization_Ratio University_PG_encoded,3.7330420977812664,3.7330420977812664
Current_CTC International_degree_any University_PHD_encoded,-2.5080976849350574,2.5080976849350574
Performance_Score^2 University_PG_encoded,2.436743234422455,2.436743234422455
Has_PHD University_PHD_encoded Preferred_location_encoded,-2.339809151715115,2.339809151715115
Passing_Year_Of_PHD Certifications Has_PHD,2.0383833754401612,2.0383833754401612
Has_PG Performance_Score Department_encoded,-1.4688350587582994,1.4688350587582994
Current_CTC Inhand_Offer University_PG_encoded,0.7662754361972537,0.7662754361972537
Total_Experience International_degree_any Preferred_location_encoded,0.254277486575667,0.254277486575667
Passing_Year_Of_PHD Field_Specialization_Ratio Role_encoded,0.08095929660797338,0.08095929660797338
Has_PHD^2,0.0,0.0
Has_PG Has_PHD,0.0,0.0
Has_PG,0.0,0.0
Has_PG Has_PHD^2,0.0,0.0
Has_PHD^3,0.0,0.0
Has_PHD,0.0,0.0
Has_PG^3,0.0,0.0
Has_PG^2 Has_PHD,0.0,0.0
Has_PG^2,0.0,0.0
